run,quantity,estimate,ci_low,ci_high,p_boot,replicates_defined,n_blocks,n_movement_rows,n_flip_rows,n_decisions,n_initials,statistic_id,comparison,outcome,kind,subset_initials,subset_runs,quantity_label,sample,stratum,quartile,q25,q50,q75,marker_id,opening_id,marker_family,holm_family,p_holm,full_sample_estimate,analysis_role,domain,order_id,weighting,marker_subtype,marker_string,p_holm_48,estimate_first,estimate_second,same_sign,both_intervals_exclude_zero_same_side,term,base_estimate,instruct_estimate,difference,interpretation
ab_bfirst,NP,0.8430309042809043,0.7930176767676769,0.8906335678210678,0.0002,9999,640,640,640,60,233,condition_descriptives_flip|run=ab_bfirst|quantity=NP,,,,,,,,,,,,,,,,,,,,,,,,,,,,,,,,,,
ab_bfirst,NP,0.7948784722222224,0.7303197337962966,0.8624710648148146,0.0002,9999,702,702,0,60,234,condition_descriptives_movement|run=ab_bfirst|quantity=NP,,,,,,,,,,,,,,,,,,,,,,,,,,,,,,,,,,
ab_bfirst,NS,0.8422558922558924,0.7978303872053871,0.8854608585858585,0.0002,9999,688,1376,1293,60,234,condition_descriptives_flip|run=ab_bfirst|quantity=NS,,,,,,,,,,,,,,,,,,,,,,,,,,,,,,,,,,
ab_bfirst,NS,0.84765625,0.7814952256944445,0.9146961805555556,0.0002,9999,702,1404,0,60,234,condition_descriptives_movement|run=ab_bfirst|quantity=NS,,,,,,,,,,,,,,,,,,,,,,,,,,,,,,,,,,
ab_bfirst,RP,0.7948484848484848,0.7404785353535355,0.8475265151515152,0.0002,9999,668,668,668,60,233,condition_descriptives_flip|run=ab_bfirst|quantity=RP,,,,,,,,,,,,,,,,,,,,,,,,,,,,,,,,,,
ab_bfirst,RP,0.8828125,0.8128182870370371,0.9541681134259261,0.0002,9999,702,702,0,60,234,condition_descriptives_movement|run=ab_bfirst|quantity=RP,,,,,,,,,,,,,,,,,,,,,,,,,,,,,,,,,,
ab_bfirst,RS,0.7920424482924483,0.7387612734487732,0.8435236291486291,0.0002,9999,684,1368,1323,60,234,condition_descriptives_flip|run=ab_bfirst|quantity=RS,,,,,,,,,,,,,,,,,,,,,,,,,,,,,,,,,,
ab_bfirst,RS,0.8730902777777777,0.8012579571759259,0.9464416956018519,0.0002,9999,702,1404,0,60,234,condition_descriptives_movement|run=ab_bfirst|quantity=RS,,,,,,,,,,,,,,,,,,,,,,,,,,,,,,,,,,
ab_bfirst,NP,0.8534948482316904,0.7854227537830746,0.9141414785611213,0.0002,9999,406,406,406,57,148,robustness_common_semantic_choice_subset|run=ab_bfirst|comparison=estimate|outcome=flip|kind=cell|quantity=NP,estimate,flip,cell,149,"base,ab_bfirst,minimal_ab",,,,,,,,,,,,,,,,,,,,,,,,,,,,,
ab_bfirst,NS,0.8503499911394649,0.787772688362827,0.9077867359290196,0.0002,9999,438,876,819,57,149,robustness_common_semantic_choice_subset|run=ab_bfirst|comparison=estimate|outcome=flip|kind=cell|quantity=NS,estimate,flip,cell,149,"base,ab_bfirst,minimal_ab",,,,,,,,,,,,,,,,,,,,,,,,,,,,,
ab_bfirst,RP,0.7921052631578948,0.7104757343550445,0.8673389933820969,0.0002,9999,431,431,431,57,149,robustness_common_semantic_choice_subset|run=ab_bfirst|comparison=estimate|outcome=flip|kind=cell|quantity=RP,estimate,flip,cell,149,"base,ab_bfirst,minimal_ab",,,,,,,,,,,,,,,,,,,,,,,,,,,,,
ab_bfirst,RS,0.7994639376218323,0.720813657974625,0.8717711893924635,0.0002,9999,438,876,851,57,149,robustness_common_semantic_choice_subset|run=ab_bfirst|comparison=estimate|outcome=flip|kind=cell|quantity=RS,estimate,flip,cell,149,"base,ab_bfirst,minimal_ab",,,,,,,,,,,,,,,,,,,,,,,,,,,,,
ab_bfirst,NS_minus_NP,0.0032625756309966835,-0.02441222834404652,0.033599348839944435,0.851,9999,399,1197,1162,57,147,robustness_common_semantic_choice_subset|run=ab_bfirst|comparison=estimate|outcome=flip|kind=contrast|quantity=NS_minus_NP,estimate,flip,contrast,149,"base,ab_bfirst,minimal_ab",NS − NP,,,,,,,,,,,,,,,,,,,,,,,,,,,,
ab_bfirst,RP_minus_NP,-0.03495797574744943,-0.07847815122120676,0.005497774353706544,0.0894,9999,396,792,792,57,147,robustness_common_semantic_choice_subset|run=ab_bfirst|comparison=estimate|outcome=flip|kind=contrast|quantity=RP_minus_NP,estimate,flip,contrast,149,"base,ab_bfirst,minimal_ab",RP − NP,,,,,,,,,,,,,,,,,,,,,,,,,,,,
ab_bfirst,RS_minus_NS,-0.054917597022860185,-0.10528212388664973,-0.013613248472182642,0.0032,9999,430,1720,1642,57,149,robustness_common_semantic_choice_subset|run=ab_bfirst|comparison=estimate|outcome=flip|kind=contrast|quantity=RS_minus_NS,estimate,flip,contrast,149,"base,ab_bfirst,minimal_ab",RS − NS,,,,,,,,,,,,,,,,,,,,,,,,,,,,
ab_bfirst,RS_minus_RP,-0.00029113187007923823,-0.008078608925283799,0.008446534308603273,0.9268,9999,424,1272,1255,57,149,robustness_common_semantic_choice_subset|run=ab_bfirst|comparison=estimate|outcome=flip|kind=contrast|quantity=RS_minus_RP,estimate,flip,contrast,149,"base,ab_bfirst,minimal_ab",RS − RP,,,,,,,,,,,,,,,,,,,,,,,,,,,,
ab_bfirst,interaction,-0.0167533733323207,-0.06518356457293238,0.021522233692017445,0.476,9999,384,2304,2261,57,146,robustness_common_semantic_choice_subset|run=ab_bfirst|comparison=estimate|outcome=flip|kind=contrast|quantity=interaction,estimate,flip,contrast,149,"base,ab_bfirst,minimal_ab",(RS − RP) − (NS − NP),,,,,,,,,,,,,,,,,,,,,,,,,,,,
ab_bfirst,NP,0.8430309042809043,0.7930176767676769,0.8906335678210678,0.0002,9999,640,640,640,60,233,robustness_contrasts|run=ab_bfirst|sample=full_valid|stratum=all|outcome=flip|kind=cell|quantity=NP,,flip,cell,,,,full_valid,all,,,,,,,,,,,,,,,,,,,,,,,,,,
ab_bfirst,NS,0.8422558922558924,0.7978303872053871,0.8854608585858585,0.0002,9999,688,1376,1293,60,234,robustness_contrasts|run=ab_bfirst|sample=full_valid|stratum=all|outcome=flip|kind=cell|quantity=NS,,flip,cell,,,,full_valid,all,,,,,,,,,,,,,,,,,,,,,,,,,,
ab_bfirst,RP,0.7948484848484848,0.7404785353535355,0.8475265151515152,0.0002,9999,668,668,668,60,233,robustness_contrasts|run=ab_bfirst|sample=full_valid|stratum=all|outcome=flip|kind=cell|quantity=RP,,flip,cell,,,,full_valid,all,,,,,,,,,,,,,,,,,,,,,,,,,,
ab_bfirst,RS,0.7920424482924483,0.7387612734487732,0.8435236291486291,0.0002,9999,684,1368,1323,60,234,robustness_contrasts|run=ab_bfirst|sample=full_valid|stratum=all|outcome=flip|kind=cell|quantity=RS,,flip,cell,,,,full_valid,all,,,,,,,,,,,,,,,,,,,,,,,,,,
ab_bfirst,NS_minus_NP,0.011570466570466568,-0.00701869889369888,0.0308197751322751,0.2366,9999,630,1890,1839,60,232,robustness_contrasts|run=ab_bfirst|sample=full_valid|stratum=all|outcome=flip|kind=contrast|quantity=NS_minus_NP,,flip,contrast,,,NS − NP,full_valid,all,,,,,,,,,,,,,,,,,,,,,,,,,,
ab_bfirst,RP_minus_NP,-0.017403799903799904,-0.04067334054834055,0.0056063011063010836,0.139,9999,618,1236,1236,60,229,robustness_contrasts|run=ab_bfirst|sample=full_valid|stratum=all|outcome=flip|kind=contrast|quantity=RP_minus_NP,,flip,contrast,,,RP − NP,full_valid,all,,,,,,,,,,,,,,,,,,,,,,,,,,
ab_bfirst,RS_minus_NS,-0.05012926887926889,-0.07826960076960073,-0.024853595478595503,0.0006,9999,671,2684,2563,60,234,robustness_contrasts|run=ab_bfirst|sample=full_valid|stratum=all|outcome=flip|kind=contrast|quantity=RS_minus_NS,,flip,contrast,,,RS − NS,full_valid,all,,,,,,,,,,,,,,,,,,,,,,,,,,
ab_bfirst,RS_minus_RP,-0.0018308080808080807,-0.010416666666666666,0.006313131313131313,0.6682,9999,659,1977,1946,60,233,robustness_contrasts|run=ab_bfirst|sample=full_valid|stratum=all|outcome=flip|kind=contrast|quantity=RS_minus_RP,,flip,contrast,,,RS − RP,full_valid,all,,,,,,,,,,,,,,,,,,,,,,,,,,
ab_bfirst,interaction,-0.014097222222222225,-0.035194805194805195,0.005671912578162539,0.1776,9999,601,3606,3541,60,228,robustness_contrasts|run=ab_bfirst|sample=full_valid|stratum=all|outcome=flip|kind=contrast|quantity=interaction,,flip,contrast,,,(RS − RP) − (NS − NP),full_valid,all,,,,,,,,,,,,,,,,,,,,,,,,,,
ab_bfirst,NS_minus_NP,-0.0008333333333333332,-0.015277777777777777,0.015555555555555557,0.8802,9999,344,1032,1018,60,118,robustness_contrasts|run=ab_bfirst|sample=full_valid|stratum=o1|outcome=flip|kind=contrast|quantity=NS_minus_NP,,flip,contrast,,,NS − NP,full_valid,o1,,,,,,,,,,,,,,,,,,,,,,,,,,
ab_bfirst,RP_minus_NP,0.008333333333333333,-0.01111111111111111,0.027777777777777776,0.477,9999,345,690,690,60,118,robustness_contrasts|run=ab_bfirst|sample=full_valid|stratum=o1|outcome=flip|kind=contrast|quantity=RP_minus_NP,,flip,contrast,,,RP − NP,full_valid,o1,,,,,,,,,,,,,,,,,,,,,,,,,,
ab_bfirst,RS_minus_NS,0.01111111111111111,-0.005555555555555558,0.027777777777777776,0.2122,9999,348,1392,1372,60,118,robustness_contrasts|run=ab_bfirst|sample=full_valid|stratum=o1|outcome=flip|kind=contrast|quantity=RS_minus_NS,,flip,contrast,,,RS − NS,full_valid,o1,,,,,,,,,,,,,,,,,,,,,,,,,,
ab_bfirst,RS_minus_RP,0.0,0.0,0.0,1.0,9999,350,1050,1045,60,118,robustness_contrasts|run=ab_bfirst|sample=full_valid|stratum=o1|outcome=flip|kind=contrast|quantity=RS_minus_RP,,flip,contrast,,,RS − RP,full_valid,o1,,,,,,,,,,,,,,,,,,,,,,,,,,
ab_bfirst,interaction,0.004166666666666667,-0.011111111111111112,0.016666666666666666,0.5622,9999,341,2046,2030,60,118,robustness_contrasts|run=ab_bfirst|sample=full_valid|stratum=o1|outcome=flip|kind=contrast|quantity=interaction,,flip,contrast,,,(RS − RP) − (NS − NP),full_valid,o1,,,,,,,,,,,,,,,,,,,,,,,,,,
ab_bfirst,NS_minus_NP,0.032485875706214695,-0.010169491525423726,0.07586206896551723,0.1418,9999,286,858,821,59,114,robustness_contrasts|run=ab_bfirst|sample=full_valid|stratum=o2|outcome=flip|kind=contrast|quantity=NS_minus_NP,,flip,contrast,,,NS − NP,full_valid,o2,,,,,,,,,,,,,,,,,,,,,,,,,,
ab_bfirst,RP_minus_NP,-0.07429378531073447,-0.13502824858757062,-0.019250681862458634,0.005,9999,273,546,546,59,111,robustness_contrasts|run=ab_bfirst|sample=full_valid|stratum=o2|outcome=flip|kind=contrast|quantity=RP_minus_NP,,flip,contrast,,,RP − NP,full_valid,o2,,,,,,,,,,,,,,,,,,,,,,,,,,
ab_bfirst,RS_minus_NS,-0.12986111111111112,-0.19430555555555556,-0.07180555555555555,0.0002,9999,323,1292,1191,60,116,robustness_contrasts|run=ab_bfirst|sample=full_valid|stratum=o2|outcome=flip|kind=contrast|quantity=RS_minus_NS,,flip,contrast,,,RS − NS,full_valid,o2,,,,,,,,,,,,,,,,,,,,,,,,,,
ab_bfirst,RS_minus_RP,-0.0037499999999999994,-0.022222222222222223,0.014444444444444449,0.6814,9999,309,927,901,60,115,robustness_contrasts|run=ab_bfirst|sample=full_valid|stratum=o2|outcome=flip|kind=contrast|quantity=RS_minus_RP,,flip,contrast,,,RS − RP,full_valid,o2,,,,,,,,,,,,,,,,,,,,,,,,,,
ab_bfirst,interaction,-0.0403954802259887,-0.10560344827586207,0.023452172218975175,0.2118,9999,260,1560,1511,59,110,robustness_contrasts|run=ab_bfirst|sample=full_valid|stratum=o2|outcome=flip|kind=contrast|quantity=interaction,,flip,contrast,,,(RS − RP) − (NS − NP),full_valid,o2,,,,,,,,,,,,,,,,,,,,,,,,,,
ab_bfirst,NS_minus_NP,-0.03331920903954803,-0.07942624521072797,0.01158050847457622,0.1526,9999,630,1890,1839,60,232,robustness_contrasts|run=ab_bfirst|sample=full_valid|stratum=o1_minus_o2|outcome=flip|kind=order_difference|quantity=NS_minus_NP,,flip,order_difference,,,NS − NP,full_valid,o1_minus_o2,,,,,,,,,,,,,,,,,,,,,,,,,,
ab_bfirst,RP_minus_NP,0.0826271186440678,0.0278672316384181,0.14472749042145586,0.002,9999,618,1236,1236,60,229,robustness_contrasts|run=ab_bfirst|sample=full_valid|stratum=o1_minus_o2|outcome=flip|kind=order_difference|quantity=RP_minus_NP,,flip,order_difference,,,RP − NP,full_valid,o1_minus_o2,,,,,,,,,,,,,,,,,,,,,,,,,,
ab_bfirst,RS_minus_NS,0.14097222222222222,0.07875,0.21000694444444434,0.0002,9999,671,2684,2563,60,234,robustness_contrasts|run=ab_bfirst|sample=full_valid|stratum=o1_minus_o2|outcome=flip|kind=order_difference|quantity=RS_minus_NS,,flip,order_difference,,,RS − NS,full_valid,o1_minus_o2,,,,,,,,,,,,,,,,,,,,,,,,,,
ab_bfirst,RS_minus_RP,0.0037499999999999994,-0.014444444444444449,0.022222222222222223,0.6814,9999,659,1977,1946,60,233,robustness_contrasts|run=ab_bfirst|sample=full_valid|stratum=o1_minus_o2|outcome=flip|kind=order_difference|quantity=RS_minus_RP,,flip,order_difference,,,RS − RP,full_valid,o1_minus_o2,,,,,,,,,,,,,,,,,,,,,,,,,,
ab_bfirst,interaction,0.04456214689265536,-0.020004001883239152,0.11170080037664776,0.1766,9999,601,3606,3541,60,228,robustness_contrasts|run=ab_bfirst|sample=full_valid|stratum=o1_minus_o2|outcome=flip|kind=order_difference|quantity=interaction,,flip,order_difference,,,(RS − RP) − (NS − NP),full_valid,o1_minus_o2,,,,,,,,,,,,,,,,,,,,,,,,,,
ab_bfirst,NP,-0.10703146755778326,-0.1584671972247729,-0.06178980250868046,0.0002,9999,832,832,832,57,297,robustness_common_semantic_choice_subset|run=ab_bfirst|comparison=variant_minus_reference|outcome=flip|kind=cell|quantity=NP,variant_minus_reference,flip,cell,149,"base,ab_bfirst,minimal_ab",,,,,,,,,,,,,,,,,,,,,,,,,,,,,
ab_bfirst,NS,-0.13405546695020376,-0.19316429380006953,-0.08069816423090712,0.0002,9999,884,1768,1691,57,298,robustness_common_semantic_choice_subset|run=ab_bfirst|comparison=variant_minus_reference|outcome=flip|kind=cell|quantity=NS,variant_minus_reference,flip,cell,149,"base,ab_bfirst,minimal_ab",,,,,,,,,,,,,,,,,,,,,,,,,,,,,
ab_bfirst,RP,-0.1726930963773069,-0.24899215859302123,-0.10424135422016784,0.0002,9999,872,872,872,57,298,robustness_common_semantic_choice_subset|run=ab_bfirst|comparison=variant_minus_reference|outcome=flip|kind=cell|quantity=RP,variant_minus_reference,flip,cell,149,"base,ab_bfirst,minimal_ab",,,,,,,,,,,,,,,,,,,,,,,,,,,,,
ab_bfirst,RS,-0.17446393762183232,-0.2461255180005181,-0.11080013093901978,0.0002,9999,883,1766,1726,57,298,robustness_common_semantic_choice_subset|run=ab_bfirst|comparison=variant_minus_reference|outcome=flip|kind=cell|quantity=RS,variant_minus_reference,flip,cell,149,"base,ab_bfirst,minimal_ab",,,,,,,,,,,,,,,,,,,,,,,,,,,,,
ab_bfirst,NS_minus_NP,-0.019154578365104685,-0.0676129002220723,0.022558630409899187,0.4078,9999,824,2472,2426,57,296,robustness_common_semantic_choice_subset|run=ab_bfirst|comparison=variant_minus_reference|outcome=flip|kind=contrast|quantity=NS_minus_NP,variant_minus_reference,flip,contrast,149,"base,ab_bfirst,minimal_ab",NS − NP,,,,,,,,,,,,,,,,,,,,,,,,,,,,
ab_bfirst,RP_minus_NP,-0.04087554745449482,-0.09836361609548992,0.009948876997488091,0.1248,9999,818,1636,1636,57,296,robustness_common_semantic_choice_subset|run=ab_bfirst|comparison=variant_minus_reference|outcome=flip|kind=contrast|quantity=RP_minus_NP,variant_minus_reference,flip,contrast,149,"base,ab_bfirst,minimal_ab",RP − NP,,,,,,,,,,,,,,,,,,,,,,,,,,,,
ab_bfirst,RS_minus_NS,-0.042247031720715936,-0.07980271464646463,-0.0094811753902663,0.006,9999,874,3496,3384,57,298,robustness_common_semantic_choice_subset|run=ab_bfirst|comparison=variant_minus_reference|outcome=flip|kind=contrast|quantity=RS_minus_NS,variant_minus_reference,flip,contrast,149,"base,ab_bfirst,minimal_ab",RS − NS,,,,,,,,,,,,,,,,,,,,,,,,,,,,
ab_bfirst,RS_minus_RP,-0.005408090934406724,-0.029392107334668537,0.014748892194274481,0.6362,9999,863,2589,2560,57,298,robustness_common_semantic_choice_subset|run=ab_bfirst|comparison=variant_minus_reference|outcome=flip|kind=contrast|quantity=RS_minus_RP,variant_minus_reference,flip,contrast,149,"base,ab_bfirst,minimal_ab",RS − RP,,,,,,,,,,,,,,,,,,,,,,,,,,,,
ab_bfirst,interaction,-0.009288372446267183,-0.09141927277703141,0.059372079639936716,0.8602,9999,803,4818,4757,57,294,robustness_common_semantic_choice_subset|run=ab_bfirst|comparison=variant_minus_reference|outcome=flip|kind=contrast|quantity=interaction,variant_minus_reference,flip,contrast,149,"base,ab_bfirst,minimal_ab",(RS − RP) − (NS − NP),,,,,,,,,,,,,,,,,,,,,,,,,,,,
ab_bfirst,NP,0.8476486354775828,0.7668698297631485,0.930280671296296,0.0002,9999,447,447,0,57,149,robustness_common_semantic_choice_subset|run=ab_bfirst|comparison=estimate|outcome=movement|kind=cell|quantity=NP,estimate,movement,cell,149,"base,ab_bfirst,minimal_ab",,,,,,,,,,,,,,,,,,,,,,,,,,,,,
ab_bfirst,NS,0.8900006091617934,0.8029970366379311,0.9784516433189654,0.0002,9999,447,894,0,57,149,robustness_common_semantic_choice_subset|run=ab_bfirst|comparison=estimate|outcome=movement|kind=cell|quantity=NS,estimate,movement,cell,149,"base,ab_bfirst,minimal_ab",,,,,,,,,,,,,,,,,,,,,,,,,,,,,
ab_bfirst,RP,0.9224841617933723,0.81857173859127,1.0257414641203701,0.0002,9999,447,447,0,57,149,robustness_common_semantic_choice_subset|run=ab_bfirst|comparison=estimate|outcome=movement|kind=cell|quantity=RP,estimate,movement,cell,149,"base,ab_bfirst,minimal_ab",,,,,,,,,,,,,,,,,,,,,,,,,,,,,
ab_bfirst,RS,0.9199865984405458,0.8160477167508418,1.024772652116402,0.0002,9999,447,894,0,57,149,robustness_common_semantic_choice_subset|run=ab_bfirst|comparison=estimate|outcome=movement|kind=cell|quantity=RS,estimate,movement,cell,149,"base,ab_bfirst,minimal_ab",,,,,,,,,,,,,,,,,,,,,,,,,,,,,
ab_bfirst,NS_minus_NP,0.042351973684210516,0.011501736111111108,0.07434762848391323,0.0056,9999,447,1341,0,57,149,robustness_common_semantic_choice_subset|run=ab_bfirst|comparison=estimate|outcome=movement|kind=contrast|quantity=NS_minus_NP,estimate,movement,contrast,149,"base,ab_bfirst,minimal_ab",NS − NP,,,,,,,,,,,,,,,,,,,,,,,,,,,,
ab_bfirst,RP_minus_NP,0.07483552631578948,0.02564380787037037,0.12266519360269358,0.0026,9999,447,894,0,57,149,robustness_common_semantic_choice_subset|run=ab_bfirst|comparison=estimate|outcome=movement|kind=contrast|quantity=RP_minus_NP,estimate,movement,contrast,149,"base,ab_bfirst,minimal_ab",RP − NP,,,,,,,,,,,,,,,,,,,,,,,,,,,,
ab_bfirst,RS_minus_NS,0.029985989278752435,-0.011814839843496329,0.07371921617798345,0.1618,9999,447,1788,0,57,149,robustness_common_semantic_choice_subset|run=ab_bfirst|comparison=estimate|outcome=movement|kind=contrast|quantity=RS_minus_NS,estimate,movement,contrast,149,"base,ab_bfirst,minimal_ab",RS − NS,,,,,,,,,,,,,,,,,,,,,,,,,,,,
ab_bfirst,RS_minus_RP,-0.0024975633528265106,-0.0205744395711501,0.015336138575015684,0.7754,9999,447,1341,0,57,149,robustness_common_semantic_choice_subset|run=ab_bfirst|comparison=estimate|outcome=movement|kind=contrast|quantity=RS_minus_RP,estimate,movement,contrast,149,"base,ab_bfirst,minimal_ab",RS − RP,,,,,,,,,,,,,,,,,,,,,,,,,,,,
ab_bfirst,interaction,-0.044849537037037035,-0.07493688229275514,-0.014461922492864107,0.0042,9999,447,2682,0,57,149,robustness_common_semantic_choice_subset|run=ab_bfirst|comparison=estimate|outcome=movement|kind=contrast|quantity=interaction,estimate,movement,contrast,149,"base,ab_bfirst,minimal_ab",(RS − RP) − (NS − NP),,,,,,,,,,,,,,,,,,,,,,,,,,,,
ab_bfirst,NP,0.7948784722222224,0.7303197337962966,0.8624710648148146,0.0002,9999,702,702,0,60,234,robustness_contrasts|run=ab_bfirst|sample=full_valid|stratum=all|outcome=movement|kind=cell|quantity=NP,,movement,cell,,,,full_valid,all,,,,,,,,,,,,,,,,,,,,,,,,,,
ab_bfirst,NS,0.84765625,0.7814952256944445,0.9146961805555556,0.0002,9999,702,1404,0,60,234,robustness_contrasts|run=ab_bfirst|sample=full_valid|stratum=all|outcome=movement|kind=cell|quantity=NS,,movement,cell,,,,full_valid,all,,,,,,,,,,,,,,,,,,,,,,,,,,
ab_bfirst,RP,0.8828125,0.8128182870370371,0.9541681134259261,0.0002,9999,702,702,0,60,234,robustness_contrasts|run=ab_bfirst|sample=full_valid|stratum=all|outcome=movement|kind=cell|quantity=RP,,movement,cell,,,,full_valid,all,,,,,,,,,,,,,,,,,,,,,,,,,,
ab_bfirst,RS,0.8730902777777777,0.8012579571759259,0.9464416956018519,0.0002,9999,702,1404,0,60,234,robustness_contrasts|run=ab_bfirst|sample=full_valid|stratum=all|outcome=movement|kind=cell|quantity=RS,,movement,cell,,,,full_valid,all,,,,,,,,,,,,,,,,,,,,,,,,,,
ab_bfirst,NS_minus_NP,0.05277777777777778,0.031089409722222232,0.07487123842592593,0.0002,9999,702,2106,0,60,234,robustness_contrasts|run=ab_bfirst|sample=full_valid|stratum=all|outcome=movement|kind=contrast|quantity=NS_minus_NP,,movement,contrast,,,NS − NP,full_valid,all,,,,,,,,,,,,,,,,,,,,,,,,,,
ab_bfirst,RP_minus_NP,0.08793402777777777,0.0557566550925926,0.12037326388888886,0.0002,9999,702,1404,0,60,234,robustness_contrasts|run=ab_bfirst|sample=full_valid|stratum=all|outcome=movement|kind=contrast|quantity=RP_minus_NP,,movement,contrast,,,RP − NP,full_valid,all,,,,,,,,,,,,,,,,,,,,,,,,,,
ab_bfirst,RS_minus_NS,0.025434027777777778,-0.004560185185185172,0.05707537615740739,0.0978,9999,702,2808,0,60,234,robustness_contrasts|run=ab_bfirst|sample=full_valid|stratum=all|outcome=movement|kind=contrast|quantity=RS_minus_NS,,movement,contrast,,,RS − NS,full_valid,all,,,,,,,,,,,,,,,,,,,,,,,,,,
ab_bfirst,RS_minus_RP,-0.00972222222222222,-0.022295283564814805,0.0028074363425925823,0.1346,9999,702,2106,0,60,234,robustness_contrasts|run=ab_bfirst|sample=full_valid|stratum=all|outcome=movement|kind=contrast|quantity=RS_minus_RP,,movement,contrast,,,RS − RP,full_valid,all,,,,,,,,,,,,,,,,,,,,,,,,,,
ab_bfirst,interaction,-0.06250000000000001,-0.08637152777777776,-0.03901475694444449,0.0002,9999,702,4212,0,60,234,robustness_contrasts|run=ab_bfirst|sample=full_valid|stratum=all|outcome=movement|kind=contrast|quantity=interaction,,movement,contrast,,,(RS − RP) − (NS − NP),full_valid,all,,,,,,,,,,,,,,,,,,,,,,,,,,
ab_bfirst,NS_minus_NP,0.123046875,0.09709201388888888,0.1497417534722222,0.0002,9999,234,702,0,60,234,robustness_contrasts|run=ab_bfirst|sample=full_valid|stratum=directive_reconsideration|outcome=movement|kind=contrast|quantity=NS_minus_NP,,movement,contrast,,,NS − NP,full_valid,directive_reconsideration,,,,,,,,,,,,,,,,,,,,,,,,,,
ab_bfirst,RP_minus_NP,0.1329861111111111,0.09835069444444443,0.16901041666666666,0.0002,9999,234,468,0,60,234,robustness_contrasts|run=ab_bfirst|sample=full_valid|stratum=directive_reconsideration|outcome=movement|kind=contrast|quantity=RP_minus_NP,,movement,contrast,,,RP − NP,full_valid,directive_reconsideration,,,,,,,,,,,,,,,,,,,,,,,,,,
ab_bfirst,RS_minus_NS,0.023307291666666667,-0.01033203124999999,0.057467447916666636,0.1666,9999,234,936,0,60,234,robustness_contrasts|run=ab_bfirst|sample=full_valid|stratum=directive_reconsideration|outcome=movement|kind=contrast|quantity=RS_minus_NS,,movement,contrast,,,RS − NS,full_valid,directive_reconsideration,,,,,,,,,,,,,,,,,,,,,,,,,,
ab_bfirst,RS_minus_RP,0.013368055555555557,0.00021701388888888972,0.026171874999999997,0.0466,9999,234,702,0,60,234,robustness_contrasts|run=ab_bfirst|sample=full_valid|stratum=directive_reconsideration|outcome=movement|kind=contrast|quantity=RS_minus_RP,,movement,contrast,,,RS − RP,full_valid,directive_reconsideration,,,,,,,,,,,,,,,,,,,,,,,,,,
ab_bfirst,interaction,-0.10967881944444445,-0.13515625,-0.08402560763888893,0.0002,9999,234,1404,0,60,234,robustness_contrasts|run=ab_bfirst|sample=full_valid|stratum=directive_reconsideration|outcome=movement|kind=contrast|quantity=interaction,,movement,contrast,,,(RS − RP) − (NS − NP),full_valid,directive_reconsideration,,,,,,,,,,,,,,,,,,,,,,,,,,
ab_bfirst,NS_minus_NP,0.06979166666666667,0.033854166666666664,0.10590277777777776,0.0002,9999,354,1062,0,60,118,robustness_contrasts|run=ab_bfirst|sample=full_valid|stratum=o1|outcome=movement|kind=contrast|quantity=NS_minus_NP,,movement,contrast,,,NS − NP,full_valid,o1,,,,,,,,,,,,,,,,,,,,,,,,,,
ab_bfirst,RP_minus_NP,0.20572916666666663,0.15486111111111114,0.25607638888888895,0.0002,9999,354,708,0,60,118,robustness_contrasts|run=ab_bfirst|sample=full_valid|stratum=o1|outcome=movement|kind=contrast|quantity=RP_minus_NP,,movement,contrast,,,RP − NP,full_valid,o1,,,,,,,,,,,,,,,,,,,,,,,,,,
ab_bfirst,RS_minus_NS,0.12170138888888889,0.07309027777777778,0.1706640624999999,0.0002,9999,354,1416,0,60,118,robustness_contrasts|run=ab_bfirst|sample=full_valid|stratum=o1|outcome=movement|kind=contrast|quantity=RS_minus_NS,,movement,contrast,,,RS − NS,full_valid,o1,,,,,,,,,,,,,,,,,,,,,,,,,,
ab_bfirst,RS_minus_RP,-0.014236111111111113,-0.036028645833333324,0.007638888888888886,0.1952,9999,354,1062,0,60,118,robustness_contrasts|run=ab_bfirst|sample=full_valid|stratum=o1|outcome=movement|kind=contrast|quantity=RS_minus_RP,,movement,contrast,,,RS − RP,full_valid,o1,,,,,,,,,,,,,,,,,,,,,,,,,,
ab_bfirst,interaction,-0.08402777777777778,-0.1222265625,-0.046267361111111106,0.0002,9999,354,2124,0,60,118,robustness_contrasts|run=ab_bfirst|sample=full_valid|stratum=o1|outcome=movement|kind=contrast|quantity=interaction,,movement,contrast,,,(RS − RP) − (NS − NP),full_valid,o1,,,,,,,,,,,,,,,,,,,,,,,,,,
ab_bfirst,NS_minus_NP,0.03680555555555555,0.010759548611111126,0.06180555555555556,0.0082,9999,348,1044,0,60,116,robustness_contrasts|run=ab_bfirst|sample=full_valid|stratum=o2|outcome=movement|kind=contrast|quantity=NS_minus_NP,,movement,contrast,,,NS − NP,full_valid,o2,,,,,,,,,,,,,,,,,,,,,,,,,,
ab_bfirst,RP_minus_NP,-0.037152777777777785,-0.07986111111111109,0.006267361111110863,0.0956,9999,348,696,0,60,116,robustness_contrasts|run=ab_bfirst|sample=full_valid|stratum=o2|outcome=movement|kind=contrast|quantity=RP_minus_NP,,movement,contrast,,,RP − NP,full_valid,o2,,,,,,,,,,,,,,,,,,,,,,,,,,
ab_bfirst,RS_minus_NS,-0.0779513888888889,-0.1118967013888889,-0.04244357638888895,0.0002,9999,348,1392,0,60,116,robustness_contrasts|run=ab_bfirst|sample=full_valid|stratum=o2|outcome=movement|kind=contrast|quantity=RS_minus_NS,,movement,contrast,,,RS − NS,full_valid,o2,,,,,,,,,,,,,,,,,,,,,,,,,,
ab_bfirst,RS_minus_RP,-0.003993055555555557,-0.022743055555555555,0.014062500000000004,0.6666,9999,348,1044,0,60,116,robustness_contrasts|run=ab_bfirst|sample=full_valid|stratum=o2|outcome=movement|kind=contrast|quantity=RS_minus_RP,,movement,contrast,,,RS − RP,full_valid,o2,,,,,,,,,,,,,,,,,,,,,,,,,,
ab_bfirst,interaction,-0.0407986111111111,-0.0689236111111111,-0.012239583333333335,0.007,9999,348,2088,0,60,116,robustness_contrasts|run=ab_bfirst|sample=full_valid|stratum=o2|outcome=movement|kind=contrast|quantity=interaction,,movement,contrast,,,(RS − RP) − (NS − NP),full_valid,o2,,,,,,,,,,,,,,,,,,,,,,,,,,
ab_bfirst,NS_minus_NP,-0.03606770833333333,-0.06176215277777777,-0.009546440972222254,0.0086,9999,234,702,0,60,234,robustness_contrasts|run=ab_bfirst|sample=full_valid|stratum=stance_alternative|outcome=movement|kind=contrast|quantity=NS_minus_NP,,movement,contrast,,,NS − NP,full_valid,stance_alternative,,,,,,,,,,,,,,,,,,,,,,,,,,
ab_bfirst,RP_minus_NP,0.05460069444444445,0.018745659722222235,0.09010416666666667,0.003,9999,234,468,0,60,234,robustness_contrasts|run=ab_bfirst|sample=full_valid|stratum=stance_alternative|outcome=movement|kind=contrast|quantity=RP_minus_NP,,movement,contrast,,,RP − NP,full_valid,stance_alternative,,,,,,,,,,,,,,,,,,,,,,,,,,
ab_bfirst,RS_minus_NS,0.069921875,0.03775824652777778,0.10447048611111111,0.0002,9999,234,936,0,60,234,robustness_contrasts|run=ab_bfirst|sample=full_valid|stratum=stance_alternative|outcome=movement|kind=contrast|quantity=RS_minus_NS,,movement,contrast,,,RS − NS,full_valid,stance_alternative,,,,,,,,,,,,,,,,,,,,,,,,,,
ab_bfirst,RS_minus_RP,-0.02074652777777778,-0.03810763888888889,-0.0038194444444444456,0.0156,9999,234,702,0,60,234,robustness_contrasts|run=ab_bfirst|sample=full_valid|stratum=stance_alternative|outcome=movement|kind=contrast|quantity=RS_minus_RP,,movement,contrast,,,RS − RP,full_valid,stance_alternative,,,,,,,,,,,,,,,,,,,,,,,,,,
ab_bfirst,interaction,0.015321180555555558,-0.01671223958333332,0.046875,0.3442,9999,234,1404,0,60,234,robustness_contrasts|run=ab_bfirst|sample=full_valid|stratum=stance_alternative|outcome=movement|kind=contrast|quantity=interaction,,movement,contrast,,,(RS − RP) − (NS − NP),full_valid,stance_alternative,,,,,,,,,,,,,,,,,,,,,,,,,,
ab_bfirst,NS_minus_NP,0.07135416666666666,0.044314236111111106,0.09861328124999998,0.0002,9999,234,702,0,60,234,robustness_contrasts|run=ab_bfirst|sample=full_valid|stratum=stance_disagreement|outcome=movement|kind=contrast|quantity=NS_minus_NP,,movement,contrast,,,NS − NP,full_valid,stance_disagreement,,,,,,,,,,,,,,,,,,,,,,,,,,
ab_bfirst,RP_minus_NP,0.07621527777777777,0.0394010416666667,0.11354600694444437,0.0004,9999,234,468,0,60,234,robustness_contrasts|run=ab_bfirst|sample=full_valid|stratum=stance_disagreement|outcome=movement|kind=contrast|quantity=RP_minus_NP,,movement,contrast,,,RP − NP,full_valid,stance_disagreement,,,,,,,,,,,,,,,,,,,,,,,,,,
ab_bfirst,RS_minus_NS,-0.016927083333333332,-0.049481336805555554,0.015933159722222156,0.3122,9999,234,936,0,60,234,robustness_contrasts|run=ab_bfirst|sample=full_valid|stratum=stance_disagreement|outcome=movement|kind=contrast|quantity=RS_minus_NS,,movement,contrast,,,RS − NS,full_valid,stance_disagreement,,,,,,,,,,,,,,,,,,,,,,,,,,
ab_bfirst,RS_minus_RP,-0.021788194444444443,-0.03854166666666667,-0.005338541666666667,0.0096,9999,234,702,0,60,234,robustness_contrasts|run=ab_bfirst|sample=full_valid|stratum=stance_disagreement|outcome=movement|kind=contrast|quantity=RS_minus_RP,,movement,contrast,,,RS − RP,full_valid,stance_disagreement,,,,,,,,,,,,,,,,,,,,,,,,,,
ab_bfirst,interaction,-0.0931423611111111,-0.12252604166666668,-0.06471354166666667,0.0002,9999,234,1404,0,60,234,robustness_contrasts|run=ab_bfirst|sample=full_valid|stratum=stance_disagreement|outcome=movement|kind=contrast|quantity=interaction,,movement,contrast,,,(RS − RP) − (NS − NP),full_valid,stance_disagreement,,,,,,,,,,,,,,,,,,,,,,,,,,
ab_bfirst,NS_minus_NP,0.03507698486897404,0.016058901390930774,0.05440885370443054,0.0004,9999,702,1404,0,60,234,robustness_contrasts|run=ab_bfirst|sample=full_valid|stratum=conclusion_result|outcome=movement|kind=family_mean|quantity=NS_minus_NP,,movement,family_mean,,,NS − NP,full_valid,conclusion_result,,,,,,,,,,,,,,,,,,,,,,,,,,
ab_bfirst,RS_minus_RP,-0.053354888523232176,-0.0669573639804111,-0.04035705898585036,0.0002,9999,702,1404,0,60,234,robustness_contrasts|run=ab_bfirst|sample=full_valid|stratum=conclusion_result|outcome=movement|kind=family_mean|quantity=RS_minus_RP,,movement,family_mean,,,RS − RP,full_valid,conclusion_result,,,,,,,,,,,,,,,,,,,,,,,,,,
ab_bfirst,NS_minus_NP,0.061368628364242395,0.03871965154481048,0.0841507617463225,0.0002,9999,702,1404,0,60,234,robustness_contrasts|run=ab_bfirst|sample=full_valid|stratum=inference_basis|outcome=movement|kind=family_mean|quantity=NS_minus_NP,,movement,family_mean,,,NS − NP,full_valid,inference_basis,,,,,,,,,,,,,,,,,,,,,,,,,,
ab_bfirst,RS_minus_RP,0.031730958594993676,0.015029807869451036,0.04841233455525078,0.0006,9999,702,1404,0,60,234,robustness_contrasts|run=ab_bfirst|sample=full_valid|stratum=inference_basis|outcome=movement|kind=family_mean|quantity=RS_minus_RP,,movement,family_mean,,,RS − RP,full_valid,inference_basis,,,,,,,,,,,,,,,,,,,,,,,,,,
ab_bfirst,NS_minus_NP,0.08136261261261261,0.04600544779693487,0.11725427350427349,0.0002,9999,120,240,0,37,40,robustness_contrasts|run=ab_bfirst|sample=full_valid|stratum=m01_therefore|outcome=movement|kind=marker|quantity=NS_minus_NP,,movement,marker,,,NS − NP,full_valid,m01_therefore,,,,,,,,,,,,,,,,,,,,,,,,,,
ab_bfirst,RS_minus_RP,0.015765765765765764,-0.01614872685185184,0.050404994340690415,0.3506,9999,120,240,0,37,40,robustness_contrasts|run=ab_bfirst|sample=full_valid|stratum=m01_therefore|outcome=movement|kind=marker|quantity=RS_minus_RP,,movement,marker,,,RS − RP,full_valid,m01_therefore,,,,,,,,,,,,,,,,,,,,,,,,,,
ab_bfirst,NS_minus_NP,0.11164529914529918,0.06653096567411083,0.15827546296296294,0.0002,9999,123,246,0,39,41,robustness_contrasts|run=ab_bfirst|sample=full_valid|stratum=m02_consequently|outcome=movement|kind=marker|quantity=NS_minus_NP,,movement,marker,,,NS − NP,full_valid,m02_consequently,,,,,,,,,,,,,,,,,,,,,,,,,,
ab_bfirst,RS_minus_RP,-0.021367521367521368,-0.04433760683760684,0.0010175304878048597,0.059,9999,123,246,0,39,41,robustness_contrasts|run=ab_bfirst|sample=full_valid|stratum=m02_consequently|outcome=movement|kind=marker|quantity=RS_minus_RP,,movement,marker,,,RS − RP,full_valid,m02_consequently,,,,,,,,,,,,,,,,,,,,,,,,,,
ab_bfirst,NS_minus_NP,0.04380341880341881,0.0005944113756613797,0.0881782945736434,0.0466,9999,126,252,0,39,42,robustness_contrasts|run=ab_bfirst|sample=full_valid|stratum=m03_thus|outcome=movement|kind=marker|quantity=NS_minus_NP,,movement,marker,,,NS − NP,full_valid,m03_thus,,,,,,,,,,,,,,,,,,,,,,,,,,
ab_bfirst,RS_minus_RP,-0.0219017094017094,-0.049903100775193804,0.005208333333333332,0.114,9999,126,252,0,39,42,robustness_contrasts|run=ab_bfirst|sample=full_valid|stratum=m03_thus|outcome=movement|kind=marker|quantity=RS_minus_RP,,movement,marker,,,RS − RP,full_valid,m03_thus,,,,,,,,,,,,,,,,,,,,,,,,,,
ab_bfirst,NS_minus_NP,0.05912990196078431,0.02008642399267401,0.1023065476190476,0.0044,9999,108,216,0,34,36,robustness_contrasts|run=ab_bfirst|sample=full_valid|stratum=m04_accordingly|outcome=movement|kind=marker|quantity=NS_minus_NP,,movement,marker,,,NS − NP,full_valid,m04_accordingly,,,,,,,,,,,,,,,,,,,,,,,,,,
ab_bfirst,RS_minus_RP,-0.06372549019607844,-0.10648148148148147,-0.03017241379310345,0.0002,9999,108,216,0,34,36,robustness_contrasts|run=ab_bfirst|sample=full_valid|stratum=m04_accordingly|outcome=movement|kind=marker|quantity=RS_minus_RP,,movement,marker,,,RS − RP,full_valid,m04_accordingly,,,,,,,,,,,,,,,,,,,,,,,,,,
ab_bfirst,NS_minus_NP,0.018092105263157895,-0.016782407407407413,0.05011923688394268,0.3052,9999,114,228,0,38,38,robustness_contrasts|run=ab_bfirst|sample=full_valid|stratum=m05_for_this_reason|outcome=movement|kind=marker|quantity=NS_minus_NP,,movement,marker,,,NS − NP,full_valid,m05_for_this_reason,,,,,,,,,,,,,,,,,,,,,,,,,,
ab_bfirst,RS_minus_RP,-0.016995614035087724,-0.045223577235772354,0.010997072440087121,0.229,9999,114,228,0,38,38,robustness_contrasts|run=ab_bfirst|sample=full_valid|stratum=m05_for_this_reason|outcome=movement|kind=marker|quantity=RS_minus_RP,,movement,marker,,,RS − RP,full_valid,m05_for_this_reason,,,,,,,,,,,,,,,,,,,,,,,,,,
ab_bfirst,NS_minus_NP,-0.10357142857142858,-0.1488095238095238,-0.05902281746031752,0.0002,9999,111,222,0,35,37,robustness_contrasts|run=ab_bfirst|sample=full_valid|stratum=m06_that_is_why|outcome=movement|kind=marker|quantity=NS_minus_NP,,movement,marker,,,NS − NP,full_valid,m06_that_is_why,,,,,,,,,,,,,,,,,,,,,,,,,,
ab_bfirst,RS_minus_RP,-0.2119047619047619,-0.25438988095238096,-0.17142195767195778,0.0002,9999,111,222,0,35,37,robustness_contrasts|run=ab_bfirst|sample=full_valid|stratum=m06_that_is_why|outcome=movement|kind=marker|quantity=RS_minus_RP,,movement,marker,,,RS − RP,full_valid,m06_that_is_why,,,,,,,,,,,,,,,,,,,,,,,,,,
ab_bfirst,NS_minus_NP,-0.3026620370370371,-0.3711647727272728,-0.23316806891025646,0.0002,9999,117,234,0,36,39,robustness_contrasts|run=ab_bfirst|sample=full_valid|stratum=m07_this_implies_that|outcome=movement|kind=marker|quantity=NS_minus_NP,,movement,marker,,,NS − NP,full_valid,m07_this_implies_that,,,,,,,,,,,,,,,,,,,,,,,,,,
ab_bfirst,RS_minus_RP,-0.033564814814814825,-0.07687057913351017,0.012061403508771933,0.1488,9999,117,234,0,36,39,robustness_contrasts|run=ab_bfirst|sample=full_valid|stratum=m07_this_implies_that|outcome=movement|kind=marker|quantity=RS_minus_RP,,movement,marker,,,RS − RP,full_valid,m07_this_implies_that,,,,,,,,,,,,,,,,,,,,,,,,,,
ab_bfirst,NS_minus_NP,0.03490990990990992,-0.013157894736842105,0.08333333333333333,0.1622,9999,114,228,0,37,38,robustness_contrasts|run=ab_bfirst|sample=full_valid|stratum=m08_it_follows_that|outcome=movement|kind=marker|quantity=NS_minus_NP,,movement,marker,,,NS − NP,full_valid,m08_it_follows_that,,,,,,,,,,,,,,,,,,,,,,,,,,
ab_bfirst,RS_minus_RP,0.014076576576576577,-0.020833333333333332,0.051829268292682924,0.4594,9999,114,228,0,37,38,robustness_contrasts|run=ab_bfirst|sample=full_valid|stratum=m08_it_follows_that|outcome=movement|kind=marker|quantity=RS_minus_RP,,movement,marker,,,RS − RP,full_valid,m08_it_follows_that,,,,,,,,,,,,,,,,,,,,,,,,,,
ab_bfirst,NS_minus_NP,0.07264957264957264,0.029295995213963966,0.11614583333333332,0.0012,9999,117,234,0,39,39,robustness_contrasts|run=ab_bfirst|sample=full_valid|stratum=m09_on_that_basis|outcome=movement|kind=marker|quantity=NS_minus_NP,,movement,marker,,,NS − NP,full_valid,m09_on_that_basis,,,,,,,,,,,,,,,,,,,,,,,,,,
ab_bfirst,RS_minus_RP,0.004807692307692308,-0.031868445052439576,0.04054054054054055,0.7994,9999,117,234,0,39,39,robustness_contrasts|run=ab_bfirst|sample=full_valid|stratum=m09_on_that_basis|outcome=movement|kind=marker|quantity=RS_minus_RP,,movement,marker,,,RS − RP,full_valid,m09_on_that_basis,,,,,,,,,,,,,,,,,,,,,,,,,,
ab_bfirst,NS_minus_NP,0.14047619047619048,0.1051668360433605,0.1761904761904762,0.0002,9999,111,222,0,35,37,robustness_contrasts|run=ab_bfirst|sample=full_valid|stratum=m10_based_on_this|outcome=movement|kind=marker|quantity=NS_minus_NP,,movement,marker,,,NS − NP,full_valid,m10_based_on_this,,,,,,,,,,,,,,,,,,,,,,,,,,
ab_bfirst,RS_minus_RP,0.0642857142857143,0.019188596491228088,0.11011904761904763,0.0048,9999,111,222,0,35,37,robustness_contrasts|run=ab_bfirst|sample=full_valid|stratum=m10_based_on_this|outcome=movement|kind=marker|quantity=RS_minus_RP,,movement,marker,,,RS − RP,full_valid,m10_based_on_this,,,,,,,,,,,,,,,,,,,,,,,,,,
ab_bfirst,NS_minus_NP,0.22409909909909914,0.17123904344512195,0.27755475173940547,0.0002,9999,123,246,0,37,41,robustness_contrasts|run=ab_bfirst|sample=full_valid|stratum=m11_given_this|outcome=movement|kind=marker|quantity=NS_minus_NP,,movement,marker,,,NS − NP,full_valid,m11_given_this,,,,,,,,,,,,,,,,,,,,,,,,,,
ab_bfirst,RS_minus_RP,0.0579954954954955,0.025337837837837843,0.09226190476190477,0.0006,9999,123,246,0,37,41,robustness_contrasts|run=ab_bfirst|sample=full_valid|stratum=m11_given_this|outcome=movement|kind=marker|quantity=RS_minus_RP,,movement,marker,,,RS − RP,full_valid,m11_given_this,,,,,,,,,,,,,,,,,,,,,,,,,,
ab_bfirst,NS_minus_NP,0.19873903508771928,0.14396246114996114,0.253015350877193,0.0002,9999,120,240,0,38,40,robustness_contrasts|run=ab_bfirst|sample=full_valid|stratum=m12_in_view_of_this|outcome=movement|kind=marker|quantity=NS_minus_NP,,movement,marker,,,NS − NP,full_valid,m12_in_view_of_this,,,,,,,,,,,,,,,,,,,,,,,,,,
ab_bfirst,RS_minus_RP,0.08278508771929823,0.050986842105263164,0.1130952380952381,0.0002,9999,120,240,0,38,40,robustness_contrasts|run=ab_bfirst|sample=full_valid|stratum=m12_in_view_of_this|outcome=movement|kind=marker|quantity=RS_minus_RP,,movement,marker,,,RS − RP,full_valid,m12_in_view_of_this,,,,,,,,,,,,,,,,,,,,,,,,,,
ab_bfirst,NS_minus_NP,0.03298611111111112,-0.011631944444444431,0.07821180555555553,0.1434,9999,702,2106,0,60,234,robustness_contrasts|run=ab_bfirst|sample=full_valid|stratum=o1_minus_o2|outcome=movement|kind=order_difference|quantity=NS_minus_NP,,movement,order_difference,,,NS − NP,full_valid,o1_minus_o2,,,,,,,,,,,,,,,,,,,,,,,,,,
ab_bfirst,RP_minus_NP,0.24288194444444441,0.17378472222222233,0.31076388888888884,0.0002,9999,702,1404,0,60,234,robustness_contrasts|run=ab_bfirst|sample=full_valid|stratum=o1_minus_o2|outcome=movement|kind=order_difference|quantity=RP_minus_NP,,movement,order_difference,,,RP − NP,full_valid,o1_minus_o2,,,,,,,,,,,,,,,,,,,,,,,,,,
ab_bfirst,RS_minus_NS,0.1996527777777778,0.1377560763888889,0.26016059027777777,0.0002,9999,702,2808,0,60,234,robustness_contrasts|run=ab_bfirst|sample=full_valid|stratum=o1_minus_o2|outcome=movement|kind=order_difference|quantity=RS_minus_NS,,movement,order_difference,,,RS − NS,full_valid,o1_minus_o2,,,,,,,,,,,,,,,,,,,,,,,,,,
ab_bfirst,RS_minus_RP,-0.010243055555555556,-0.040455729166666655,0.021358506944444387,0.5018,9999,702,2106,0,60,234,robustness_contrasts|run=ab_bfirst|sample=full_valid|stratum=o1_minus_o2|outcome=movement|kind=order_difference|quantity=RS_minus_RP,,movement,order_difference,,,RS − RP,full_valid,o1_minus_o2,,,,,,,,,,,,,,,,,,,,,,,,,,
ab_bfirst,interaction,-0.04322916666666669,-0.08949652777777777,0.004171006944444407,0.0738,9999,702,4212,0,60,234,robustness_contrasts|run=ab_bfirst|sample=full_valid|stratum=o1_minus_o2|outcome=movement|kind=order_difference|quantity=interaction,,movement,order_difference,,,(RS − RP) − (NS − NP),full_valid,o1_minus_o2,,,,,,,,,,,,,,,,,,,,,,,,,,
ab_bfirst,NP,-0.48860867446393763,-0.5537370780976038,-0.4233714374537881,0.0002,9999,894,894,0,57,298,robustness_common_semantic_choice_subset|run=ab_bfirst|comparison=variant_minus_reference|outcome=movement|kind=cell|quantity=NP,variant_minus_reference,movement,cell,149,"base,ab_bfirst,minimal_ab",,,,,,,,,,,,,,,,,,,,,,,,,,,,,
ab_bfirst,NS,-0.5696881091617934,-0.6407172309027769,-0.5008980429292927,0.0002,9999,894,1788,0,57,298,robustness_common_semantic_choice_subset|run=ab_bfirst|comparison=variant_minus_reference|outcome=movement|kind=cell|quantity=NS,variant_minus_reference,movement,cell,149,"base,ab_bfirst,minimal_ab",,,,,,,,,,,,,,,,,,,,,,,,,,,,,
ab_bfirst,RP,-0.6765960038986354,-0.7539819910543237,-0.5982864485247962,0.0002,9999,894,894,0,57,298,robustness_common_semantic_choice_subset|run=ab_bfirst|comparison=variant_minus_reference|outcome=movement|kind=cell|quantity=RP,variant_minus_reference,movement,cell,149,"base,ab_bfirst,minimal_ab",,,,,,,,,,,,,,,,,,,,,,,,,,,,,
ab_bfirst,RS,-0.6720272904483433,-0.7458544570687972,-0.597647112573099,0.0002,9999,894,1788,0,57,298,robustness_common_semantic_choice_subset|run=ab_bfirst|comparison=variant_minus_reference|outcome=movement|kind=cell|quantity=RS,variant_minus_reference,movement,cell,149,"base,ab_bfirst,minimal_ab",,,,,,,,,,,,,,,,,,,,,,,,,,,,,
ab_bfirst,NS_minus_NP,-0.08107943469785575,-0.10129773517369513,-0.061631944444444434,0.0002,9999,894,2682,0,57,298,robustness_common_semantic_choice_subset|run=ab_bfirst|comparison=variant_minus_reference|outcome=movement|kind=contrast|quantity=NS_minus_NP,variant_minus_reference,movement,contrast,149,"base,ab_bfirst,minimal_ab",NS − NP,,,,,,,,,,,,,,,,,,,,,,,,,,,,
ab_bfirst,RP_minus_NP,-0.18798732943469781,-0.22176033819836782,-0.15147944966910493,0.0002,9999,894,1788,0,57,298,robustness_common_semantic_choice_subset|run=ab_bfirst|comparison=variant_minus_reference|outcome=movement|kind=contrast|quantity=RP_minus_NP,variant_minus_reference,movement,contrast,149,"base,ab_bfirst,minimal_ab",RP − NP,,,,,,,,,,,,,,,,,,,,,,,,,,,,
ab_bfirst,RS_minus_NS,-0.10233918128654973,-0.1309105104565773,-0.0725406952063741,0.0002,9999,894,3576,0,57,298,robustness_common_semantic_choice_subset|run=ab_bfirst|comparison=variant_minus_reference|outcome=movement|kind=contrast|quantity=RS_minus_NS,variant_minus_reference,movement,contrast,149,"base,ab_bfirst,minimal_ab",RS − NS,,,,,,,,,,,,,,,,,,,,,,,,,,,,
ab_bfirst,RS_minus_RP,0.004568713450292399,-0.012227901872686532,0.02062076104626371,0.5864,9999,894,2682,0,57,298,robustness_common_semantic_choice_subset|run=ab_bfirst|comparison=variant_minus_reference|outcome=movement|kind=contrast|quantity=RS_minus_RP,variant_minus_reference,movement,contrast,149,"base,ab_bfirst,minimal_ab",RS − RP,,,,,,,,,,,,,,,,,,,,,,,,,,,,
ab_bfirst,interaction,0.08564814814814814,0.06112862451267057,0.11152266245039684,0.0002,9999,894,5364,0,57,298,robustness_common_semantic_choice_subset|run=ab_bfirst|comparison=variant_minus_reference|outcome=movement|kind=contrast|quantity=interaction,variant_minus_reference,movement,contrast,149,"base,ab_bfirst,minimal_ab",(RS − RP) − (NS − NP),,,,,,,,,,,,,,,,,,,,,,,,,,,,
base,NP,0.9638973063973064,0.9383661616161616,0.984682239057239,0.0002,9999,688,688,688,60,237,condition_descriptives_flip|run=base|quantity=NP,,,,,,,,,,,,,,,,,,,,,,,,,,,,,,,,,,
base,NP,1.323813657407407,1.245745081018518,1.4049797453703705,0.0002,9999,711,711,0,60,237,condition_descriptives_movement|run=base|quantity=NP,,,,,,,,,,,,,,,,,,,,,,,,,,,,,,,,,,
base,NS,0.9822601010101011,0.9693181818181817,0.9930555555555556,0.0002,9999,708,1416,1392,60,237,condition_descriptives_flip|run=base|quantity=NS,,,,,,,,,,,,,,,,,,,,,,,,,,,,,,,,,,
base,NS,1.447236689814815,1.3726540798611113,1.5261299189814819,0.0002,9999,711,1422,0,60,237,condition_descriptives_movement|run=base|quantity=NS,,,,,,,,,,,,,,,,,,,,,,,,,,,,,,,,,,
base,NS_minus_NP,0.12343267746913579,0.0876932457010582,0.16039062499999993,0.0002,9999,201,603,0,36,67,margin_quartiles|run=base|quartile=Q1|quantity=NS_minus_NP,,,,,,NS − NP,,,Q1,0.375,0.5625,0.8125,,,,,,,,,,,,,,,,,,,,,,
base,RP_minus_NP,0.19560185185185183,0.14038769390331893,0.2524122299382716,0.0002,9999,201,402,0,36,67,margin_quartiles|run=base|quartile=Q1|quantity=RP_minus_NP,,,,,,RP − NP,,,Q1,0.375,0.5625,0.8125,,,,,,,,,,,,,,,,,,,,,,
base,RS_minus_NS,0.0851900077160494,0.025047364142416238,0.14661680911680902,0.0058,9999,201,804,0,36,67,margin_quartiles|run=base|quartile=Q1|quantity=RS_minus_NS,,,,,,RS − NS,,,Q1,0.375,0.5625,0.8125,,,,,,,,,,,,,,,,,,,,,,
base,RS_minus_RP,0.013020833333333336,-0.01461439610566448,0.040993289067576315,0.3714,9999,201,603,0,36,67,margin_quartiles|run=base|quartile=Q1|quantity=RS_minus_RP,,,,,,RS − RP,,,Q1,0.375,0.5625,0.8125,,,,,,,,,,,,,,,,,,,,,,
base,interaction,-0.11041184413580248,-0.15284458705357143,-0.0683020213293651,0.0002,9999,201,1206,0,36,67,margin_quartiles|run=base|quartile=Q1|quantity=interaction,,,,,,(RS − RP) − (NS − NP),,,Q1,0.375,0.5625,0.8125,,,,,,,,,,,,,,,,,,,,,,
base,NS_minus_NP,0.12990196078431374,0.08844782282282282,0.1714668960532931,0.0002,9999,162,486,0,34,54,margin_quartiles|run=base|quartile=Q2|quantity=NS_minus_NP,,,,,,NS − NP,,,Q2,0.375,0.5625,0.8125,,,,,,,,,,,,,,,,,,,,,,
base,RP_minus_NP,0.33272058823529405,0.25394547791893524,0.4145284827640731,0.0002,9999,162,324,0,34,54,margin_quartiles|run=base|quartile=Q2|quantity=RP_minus_NP,,,,,,RP − NP,,,Q2,0.375,0.5625,0.8125,,,,,,,,,,,,,,,,,,,,,,
base,RS_minus_NS,0.17013888888888892,0.10625979623824452,0.23359155794051617,0.0002,9999,162,648,0,34,54,margin_quartiles|run=base|quartile=Q2|quantity=RS_minus_NS,,,,,,RS − NS,,,Q2,0.375,0.5625,0.8125,,,,,,,,,,,,,,,,,,,,,,
base,RS_minus_RP,-0.0326797385620915,-0.07157468077956988,0.0019299948987448077,0.0664,9999,162,486,0,34,54,margin_quartiles|run=base|quartile=Q2|quantity=RS_minus_RP,,,,,,RS − RP,,,Q2,0.375,0.5625,0.8125,,,,,,,,,,,,,,,,,,,,,,
base,interaction,-0.16258169934640523,-0.21146050347222217,-0.11486538830345609,0.0002,9999,162,972,0,34,54,margin_quartiles|run=base|quartile=Q2|quantity=interaction,,,,,,(RS − RP) − (NS − NP),,,Q2,0.375,0.5625,0.8125,,,,,,,,,,,,,,,,,,,,,,
base,NS_minus_NP,0.10914210704607047,0.07339055014836267,0.14473631342216195,0.0002,9999,189,567,0,41,63,margin_quartiles|run=base|quartile=Q3|quantity=NS_minus_NP,,,,,,NS − NP,,,Q3,0.375,0.5625,0.8125,,,,,,,,,,,,,,,,,,,,,,
base,RP_minus_NP,0.30077066395663954,0.2314154332904333,0.36961565405233165,0.0002,9999,189,378,0,41,63,margin_quartiles|run=base|quartile=Q3|quantity=RP_minus_NP,,,,,,RP − NP,,,Q3,0.375,0.5625,0.8125,,,,,,,,,,,,,,,,,,,,,,
base,RS_minus_NS,0.17157859078590787,0.08905263573232323,0.25064019097222223,0.0002,9999,189,756,0,41,63,margin_quartiles|run=base|quartile=Q3|quantity=RS_minus_NS,,,,,,RS − NS,,,Q3,0.375,0.5625,0.8125,,,,,,,,,,,,,,,,,,,,,,
base,RS_minus_RP,-0.020049966124661246,-0.048100143412643404,0.008151474955883274,0.1658,9999,189,567,0,41,63,margin_quartiles|run=base|quartile=Q3|quantity=RS_minus_RP,,,,,,RS − RP,,,Q3,0.375,0.5625,0.8125,,,,,,,,,,,,,,,,,,,,,,
base,interaction,-0.1291920731707317,-0.16916176994301993,-0.08936577690972225,0.0002,9999,189,1134,0,41,63,margin_quartiles|run=base|quartile=Q3|quantity=interaction,,,,,,(RS − RP) − (NS − NP),,,Q3,0.375,0.5625,0.8125,,,,,,,,,,,,,,,,,,,,,,
base,NS_minus_NP,0.12002537393162394,0.07479195601851854,0.16648341049382706,0.0002,9999,159,477,0,26,53,margin_quartiles|run=base|quartile=Q4|quantity=NS_minus_NP,,,,,,NS − NP,,,Q4,0.375,0.5625,0.8125,,,,,,,,,,,,,,,,,,,,,,
base,RP_minus_NP,0.29086538461538464,0.20817471590909095,0.3770032051282052,0.0002,9999,159,318,0,26,53,margin_quartiles|run=base|quartile=Q4|quantity=RP_minus_NP,,,,,,RP − NP,,,Q4,0.375,0.5625,0.8125,,,,,,,,,,,,,,,,,,,,,,
base,RS_minus_NS,0.1519097222222222,0.078747186302682,0.22644147743974127,0.0002,9999,159,636,0,26,53,margin_quartiles|run=base|quartile=Q4|quantity=RS_minus_NS,,,,,,RS − NS,,,Q4,0.375,0.5625,0.8125,,,,,,,,,,,,,,,,,,,,,,
base,RS_minus_RP,-0.018930288461538467,-0.04889411183185287,0.013119405864197497,0.243,9999,159,477,0,26,53,margin_quartiles|run=base|quartile=Q4|quantity=RS_minus_RP,,,,,,RS − RP,,,Q4,0.375,0.5625,0.8125,,,,,,,,,,,,,,,,,,,,,,
base,interaction,-0.13895566239316243,-0.1819917423433048,-0.09689804292929306,0.0002,9999,159,954,0,26,53,margin_quartiles|run=base|quartile=Q4|quantity=interaction,,,,,,(RS − RP) − (NS − NP),,,Q4,0.375,0.5625,0.8125,,,,,,,,,,,,,,,,,,,,,,
base,RP,0.9740909090909091,0.9544166666666666,0.9898989898989898,0.0002,9999,698,698,698,60,236,condition_descriptives_flip|run=base|quantity=RP,,,,,,,,,,,,,,,,,,,,,,,,,,,,,,,,,,
base,RP,1.5966724537037036,1.5129904513888888,1.684700520833333,0.0002,9999,711,711,0,60,237,condition_descriptives_movement|run=base|quantity=RP,,,,,,,,,,,,,,,,,,,,,,,,,,,,,,,,,,
base,RS,0.9781734006734006,0.960727904040404,0.9920833333333333,0.0002,9999,703,1406,1387,60,236,condition_descriptives_flip|run=base|quantity=RS,,,,,,,,,,,,,,,,,,,,,,,,,,,,,,,,,,
base,RS,1.584085648148148,1.5006278935185187,1.6706561053240734,0.0002,9999,711,1422,0,60,237,condition_descriptives_movement|run=base|quantity=RS,,,,,,,,,,,,,,,,,,,,,,,,,,,,,,,,,,
base,NS_minus_NP,0.2296875,0.17377201897018973,0.28686261655011647,0.0002,9999,42,84,0,40,42,marker_by_opening|run=base|marker_id=m01_therefore|opening_id=directive_reconsideration|quantity=NS_minus_NP,,,,,,NS − NP,,,,,,,m01_therefore,directive_reconsideration,conclusion_result,,,,,,,,,,,,,,,,,,,
base,RS_minus_RP,0.0234375,-0.01744186046511628,0.06419153528528525,0.2608,9999,42,84,0,40,42,marker_by_opening|run=base|marker_id=m01_therefore|opening_id=directive_reconsideration|quantity=RS_minus_RP,,,,,,RS − RP,,,,,,,m01_therefore,directive_reconsideration,conclusion_result,,,,,,,,,,,,,,,,,,,
base,NS_minus_NP,0.2765625,0.22470037001287002,0.32845899307273624,0.0002,9999,42,84,0,40,42,marker_by_opening|run=base|marker_id=m02_consequently|opening_id=directive_reconsideration|quantity=NS_minus_NP,,,,,,NS − NP,,,,,,,m02_consequently,directive_reconsideration,conclusion_result,,,,,,,,,,,,,,,,,,,
base,RS_minus_RP,0.0171875,-0.023809523809523808,0.05570835781433604,0.4146,9999,42,84,0,40,42,marker_by_opening|run=base|marker_id=m02_consequently|opening_id=directive_reconsideration|quantity=RS_minus_RP,,,,,,RS − RP,,,,,,,m02_consequently,directive_reconsideration,conclusion_result,,,,,,,,,,,,,,,,,,,
base,NS_minus_NP,0.25,0.1924342105263158,0.3107638888888889,0.0002,9999,41,82,0,40,41,marker_by_opening|run=base|marker_id=m03_thus|opening_id=directive_reconsideration|quantity=NS_minus_NP,,,,,,NS − NP,,,,,,,m03_thus,directive_reconsideration,conclusion_result,,,,,,,,,,,,,,,,,,,
base,RS_minus_RP,0.04375,0.004256628787878808,0.08284883720930232,0.034,9999,41,82,0,40,41,marker_by_opening|run=base|marker_id=m03_thus|opening_id=directive_reconsideration|quantity=RS_minus_RP,,,,,,RS − RP,,,,,,,m03_thus,directive_reconsideration,conclusion_result,,,,,,,,,,,,,,,,,,,
base,NS_minus_NP,0.234375,0.18163117439516133,0.2927678571428571,0.0002,9999,36,72,0,36,36,marker_by_opening|run=base|marker_id=m04_accordingly|opening_id=directive_reconsideration|quantity=NS_minus_NP,,,,,,NS − NP,,,,,,,m04_accordingly,directive_reconsideration,conclusion_result,,,,,,,,,,,,,,,,,,,
base,RS_minus_RP,-0.043402777777777776,-0.09464285714285714,0.0033783783783783786,0.0796,9999,36,72,0,36,36,marker_by_opening|run=base|marker_id=m04_accordingly|opening_id=directive_reconsideration|quantity=RS_minus_RP,,,,,,RS − RP,,,,,,,m04_accordingly,directive_reconsideration,conclusion_result,,,,,,,,,,,,,,,,,,,
base,NS_minus_NP,0.12179487179487179,0.07894736842105263,0.16330645161290322,0.0002,9999,39,78,0,39,39,marker_by_opening|run=base|marker_id=m05_for_this_reason|opening_id=directive_reconsideration|quantity=NS_minus_NP,,,,,,NS − NP,,,,,,,m05_for_this_reason,directive_reconsideration,conclusion_result,,,,,,,,,,,,,,,,,,,
base,RS_minus_RP,-0.038461538461538464,-0.07196969696969698,-0.0037823083778966943,0.034,9999,39,78,0,39,39,marker_by_opening|run=base|marker_id=m05_for_this_reason|opening_id=directive_reconsideration|quantity=RS_minus_RP,,,,,,RS − RP,,,,,,,m05_for_this_reason,directive_reconsideration,conclusion_result,,,,,,,,,,,,,,,,,,,
base,NS_minus_NP,-0.028716216216216218,-0.06907894736842106,0.009191176470588236,0.1614,9999,37,74,0,37,37,marker_by_opening|run=base|marker_id=m06_that_is_why|opening_id=directive_reconsideration|quantity=NS_minus_NP,,,,,,NS − NP,,,,,,,m06_that_is_why,directive_reconsideration,conclusion_result,,,,,,,,,,,,,,,,,,,
base,RS_minus_RP,-0.21283783783783783,-0.2580154052936311,-0.16462612323491668,0.0002,9999,37,74,0,37,37,marker_by_opening|run=base|marker_id=m06_that_is_why|opening_id=directive_reconsideration|quantity=RS_minus_RP,,,,,,RS − RP,,,,,,,m06_that_is_why,directive_reconsideration,conclusion_result,,,,,,,,,,,,,,,,,,,
base,NS_minus_NP,-0.040625,-0.09615384615384616,0.016891891891891893,0.1766,9999,40,80,0,40,40,marker_by_opening|run=base|marker_id=m07_this_implies_that|opening_id=directive_reconsideration|quantity=NS_minus_NP,,,,,,NS − NP,,,,,,,m07_this_implies_that,directive_reconsideration,inference_basis,,,,,,,,,,,,,,,,,,,
base,RS_minus_RP,0.0125,-0.03619186046511625,0.06097742450638789,0.6376,9999,40,80,0,40,40,marker_by_opening|run=base|marker_id=m07_this_implies_that|opening_id=directive_reconsideration|quantity=RS_minus_RP,,,,,,RS − RP,,,,,,,m07_this_implies_that,directive_reconsideration,inference_basis,,,,,,,,,,,,,,,,,,,
base,NS_minus_NP,0.30448717948717946,0.2532894736842105,0.3573717948717949,0.0002,9999,40,80,0,39,40,marker_by_opening|run=base|marker_id=m08_it_follows_that|opening_id=directive_reconsideration|quantity=NS_minus_NP,,,,,,NS − NP,,,,,,,m08_it_follows_that,directive_reconsideration,inference_basis,,,,,,,,,,,,,,,,,,,
base,RS_minus_RP,0.08493589743589744,0.04595588235294118,0.12364130434782608,0.0002,9999,40,80,0,39,40,marker_by_opening|run=base|marker_id=m08_it_follows_that|opening_id=directive_reconsideration|quantity=RS_minus_RP,,,,,,RS − RP,,,,,,,m08_it_follows_that,directive_reconsideration,inference_basis,,,,,,,,,,,,,,,,,,,
base,NS_minus_NP,0.1890625,0.1324404761904762,0.24432653743315497,0.0002,9999,41,82,0,40,41,marker_by_opening|run=base|marker_id=m09_on_that_basis|opening_id=directive_reconsideration|quantity=NS_minus_NP,,,,,,NS − NP,,,,,,,m09_on_that_basis,directive_reconsideration,inference_basis,,,,,,,,,,,,,,,,,,,
base,RS_minus_RP,0.0109375,-0.046052631578947366,0.06418918918918919,0.6816,9999,41,82,0,40,41,marker_by_opening|run=base|marker_id=m09_on_that_basis|opening_id=directive_reconsideration|quantity=RS_minus_RP,,,,,,RS − RP,,,,,,,m09_on_that_basis,directive_reconsideration,inference_basis,,,,,,,,,,,,,,,,,,,
base,NS_minus_NP,0.24177631578947367,0.18571428571428572,0.3030350378787878,0.0002,9999,38,76,0,38,38,marker_by_opening|run=base|marker_id=m10_based_on_this|opening_id=directive_reconsideration|quantity=NS_minus_NP,,,,,,NS − NP,,,,,,,m10_based_on_this,directive_reconsideration,inference_basis,,,,,,,,,,,,,,,,,,,
base,RS_minus_RP,0.08223684210526316,0.03571428571428571,0.12664473684210525,0.001,9999,38,76,0,38,38,marker_by_opening|run=base|marker_id=m10_based_on_this|opening_id=directive_reconsideration|quantity=RS_minus_RP,,,,,,RS − RP,,,,,,,m10_based_on_this,directive_reconsideration,inference_basis,,,,,,,,,,,,,,,,,,,
base,NS_minus_NP,0.25422297297297297,0.20861486486486486,0.30098684210526316,0.0002,9999,39,78,0,37,39,marker_by_opening|run=base|marker_id=m11_given_this|opening_id=directive_reconsideration|quantity=NS_minus_NP,,,,,,NS − NP,,,,,,,m11_given_this,directive_reconsideration,inference_basis,,,,,,,,,,,,,,,,,,,
base,RS_minus_RP,0.03885135135135135,0.0,0.07852564102564102,0.056,9999,39,78,0,37,39,marker_by_opening|run=base|marker_id=m11_given_this|opening_id=directive_reconsideration|quantity=RS_minus_RP,,,,,,RS − RP,,,,,,,m11_given_this,directive_reconsideration,inference_basis,,,,,,,,,,,,,,,,,,,
base,NS_minus_NP,0.2894736842105263,0.24177631578947367,0.3384146341463415,0.0002,9999,39,78,0,38,39,marker_by_opening|run=base|marker_id=m12_in_view_of_this|opening_id=directive_reconsideration|quantity=NS_minus_NP,,,,,,NS − NP,,,,,,,m12_in_view_of_this,directive_reconsideration,inference_basis,,,,,,,,,,,,,,,,,,,
base,RS_minus_RP,0.07730263157894737,0.033783783783783786,0.1203125,0.0008,9999,39,78,0,38,39,marker_by_opening|run=base|marker_id=m12_in_view_of_this|opening_id=directive_reconsideration|quantity=RS_minus_RP,,,,,,RS − RP,,,,,,,m12_in_view_of_this,directive_reconsideration,inference_basis,,,,,,,,,,,,,,,,,,,
base,NS_minus_NP,0.013745791245791245,0.0018518518518518517,0.028114478114478113,0.0132,9999,685,2055,2041,60,237,core_contrasts_flip|run=base|outcome=flip|quantity=NS_minus_NP,,flip,,,,NS − NP,,,,,,,,,,planned|flip|base,0.0528,,,,,,,,,,,,,,,,,
base,NS_minus_NP,0.0034722222222222225,-0.006822612085769981,0.015376984126984128,0.5962,9999,490,1470,1461,56,170,near_tie_sensitivity|run=base|outcome=flip|quantity=NS_minus_NP,,flip,,,,NS − NP,,,,,,,,,,,,0.013745791245791245,sensitivity (|m_before| >= tau); full sample primary,,,,,,,,,,,,,,,
base,RP_minus_NP,0.007348484848484848,-0.007004629629629624,0.022356902356902353,0.3268,9999,678,1356,1356,60,236,core_contrasts_flip|run=base|outcome=flip|quantity=RP_minus_NP,,flip,,,,RP − NP,,,,,,,,,,planned|flip|base,0.6536,,,,,,,,,,,,,,,,,
base,RP_minus_NP,0.0004960317460317458,-0.014181311413454231,0.013409961685823753,0.957,9999,488,976,976,56,170,near_tie_sensitivity|run=base|outcome=flip|quantity=RP_minus_NP,,flip,,,,RP − NP,,,,,,,,,,,,0.007348484848484848,sensitivity (|m_before| >= tau); full sample primary,,,,,,,,,,,,,,,
base,RS_minus_NS,-0.009617003367003366,-0.024558080808080807,0.0019570707070707067,0.1116,9999,702,2808,2767,60,236,core_contrasts_flip|run=base|outcome=flip|quantity=RS_minus_NS,,flip,,,,RS − NS,,,,,,,,,,planned|flip|base,0.3348,,,,,,,,,,,,,,,,,
base,RS_minus_NS,-0.006200396825396824,-0.022417153996101363,0.006944444444444446,0.4218,9999,507,2028,1999,56,170,near_tie_sensitivity|run=base|outcome=flip|quantity=RS_minus_NS,,flip,,,,RS − NS,,,,,,,,,,,,-0.009617003367003366,sensitivity (|m_before| >= tau); full sample primary,,,,,,,,,,,,,,,
base,RS_minus_RP,-0.0004629629629629627,-0.00925925925925926,0.008333333333333333,0.9726,9999,694,2082,2067,60,236,core_contrasts_flip|run=base|outcome=flip|quantity=RS_minus_RP,,flip,,,,RS − RP,,,,,,,,,,planned|flip|base,0.9726,,,,,,,,,,,,,,,,,
base,RS_minus_RP,-0.0002480158730158731,-0.008620689655172414,0.008385744234800837,0.9814,9999,503,1509,1501,56,170,near_tie_sensitivity|run=base|outcome=flip|quantity=RS_minus_RP,,flip,,,,RS − RP,,,,,,,,,,,,-0.0004629629629629627,sensitivity (|m_before| >= tau); full sample primary,,,,,,,,,,,,,,,
base,NP,0.9638973063973064,0.9383661616161616,0.984682239057239,0.0002,9999,688,688,688,60,237,contrasts_by_model|run=base|outcome=flip|kind=cell|quantity=NP,,flip,cell,,,,,,,,,,,,,,,,,,,,,,,,,,,,,,,
base,NP,0.9625084175084174,0.9357554713804711,0.9841666666666666,0.0002,9999,658,658,658,60,227,model_common_subset|run=base|outcome=flip|kind=cell|quantity=NP,,flip,cell,,,,,,,,,,,,,,,,,,,,,,,,,,,,,,,
base,NS,0.9822601010101011,0.9693181818181817,0.9930555555555556,0.0002,9999,708,1416,1392,60,237,contrasts_by_model|run=base|outcome=flip|kind=cell|quantity=NS,,flip,cell,,,,,,,,,,,,,,,,,,,,,,,,,,,,,,,
base,NS,0.9816919191919191,0.9686237373737374,0.9929292929292929,0.0002,9999,678,1356,1332,60,227,model_common_subset|run=base|outcome=flip|kind=cell|quantity=NS,,flip,cell,,,,,,,,,,,,,,,,,,,,,,,,,,,,,,,
base,RP,0.9740909090909091,0.9544166666666666,0.9898989898989898,0.0002,9999,698,698,698,60,236,contrasts_by_model|run=base|outcome=flip|kind=cell|quantity=RP,,flip,cell,,,,,,,,,,,,,,,,,,,,,,,,,,,,,,,
base,RP,0.972840909090909,0.9527525252525252,0.9893055555555555,0.0002,9999,669,669,669,60,226,model_common_subset|run=base|outcome=flip|kind=cell|quantity=RP,,flip,cell,,,,,,,,,,,,,,,,,,,,,,,,,,,,,,,
base,RS,0.9781734006734006,0.960727904040404,0.9920833333333333,0.0002,9999,703,1406,1387,60,236,contrasts_by_model|run=base|outcome=flip|kind=cell|quantity=RS,,flip,cell,,,,,,,,,,,,,,,,,,,,,,,,,,,,,,,
base,RS,0.9768055555555556,0.958287037037037,0.9916666666666666,0.0002,9999,673,1346,1329,60,226,model_common_subset|run=base|outcome=flip|kind=cell|quantity=RS,,flip,cell,,,,,,,,,,,,,,,,,,,,,,,,,,,,,,,
base,NP,0.9722222222222221,0.9374999999999998,1.0,0.0002,9999,234,234,234,20,80,contrasts_by_domain|run=base|domain=climate|outcome=flip|kind=cell|quantity=NP,,flip,cell,,,,,,,,,,,,,,,,,climate,,,,,,,,,,,,,,
base,NS,0.9871212121212121,0.9734848484848484,1.0,0.0002,9999,239,478,469,20,80,contrasts_by_domain|run=base|domain=climate|outcome=flip|kind=cell|quantity=NS,,flip,cell,,,,,,,,,,,,,,,,,climate,,,,,,,,,,,,,,
base,RP,0.9908333333333331,0.9766666666666668,1.0,0.0002,9999,237,237,237,20,80,contrasts_by_domain|run=base|domain=climate|outcome=flip|kind=cell|quantity=RP,,flip,cell,,,,,,,,,,,,,,,,,climate,,,,,,,,,,,,,,
base,RS,0.9895833333333334,0.9708333333333334,1.0,0.0002,9999,238,476,467,20,80,contrasts_by_domain|run=base|domain=climate|outcome=flip|kind=cell|quantity=RS,,flip,cell,,,,,,,,,,,,,,,,,climate,,,,,,,,,,,,,,
base,NP,0.9486111111111111,0.9097222222222222,0.9805555555555556,0.0002,9999,224,224,224,60,224,contrasts_by_opening|run=base|opening_id=directive_reconsideration|outcome=flip|kind=cell|quantity=NP,,flip,cell,,,,,,,,,,,directive_reconsideration,,,,,,,,,,,,,,,,,,,,
base,NS,0.975,0.9520833333333333,0.99375,0.0002,9999,236,472,461,60,236,contrasts_by_opening|run=base|opening_id=directive_reconsideration|outcome=flip|kind=cell|quantity=NS,,flip,cell,,,,,,,,,,,directive_reconsideration,,,,,,,,,,,,,,,,,,,,
base,RP,0.9597222222222221,0.9305555555555556,0.9847222222222223,0.0002,9999,233,233,233,60,233,contrasts_by_opening|run=base|opening_id=directive_reconsideration|outcome=flip|kind=cell|quantity=RP,,flip,cell,,,,,,,,,,,directive_reconsideration,,,,,,,,,,,,,,,,,,,,
base,RS,0.9673611111111112,0.9409722222222222,0.9895833333333334,0.0002,9999,232,464,454,60,232,contrasts_by_opening|run=base|opening_id=directive_reconsideration|outcome=flip|kind=cell|quantity=RS,,flip,cell,,,,,,,,,,,directive_reconsideration,,,,,,,,,,,,,,,,,,,,
base,NP,0.9888888888888889,0.9666666666666668,1.0,0.0002,9999,229,229,229,20,79,contrasts_by_domain|run=base|domain=energy|outcome=flip|kind=cell|quantity=NP,,flip,cell,,,,,,,,,,,,,,,,,energy,,,,,,,,,,,,,,
base,NS,0.9895833333333334,0.9708333333333334,1.0,0.0002,9999,237,474,468,20,79,contrasts_by_domain|run=base|domain=energy|outcome=flip|kind=cell|quantity=NS,,flip,cell,,,,,,,,,,,,,,,,,energy,,,,,,,,,,,,,,
base,RP,0.9609848484848487,0.9121212121212121,1.0,0.0002,9999,236,236,236,20,79,contrasts_by_domain|run=base|domain=energy|outcome=flip|kind=cell|quantity=RP,,flip,cell,,,,,,,,,,,,,,,,,energy,,,,,,,,,,,,,,
base,RS,0.96875,0.925,1.0,0.0002,9999,237,474,472,20,79,contrasts_by_domain|run=base|domain=energy|outcome=flip|kind=cell|quantity=RS,,flip,cell,,,,,,,,,,,,,,,,,energy,,,,,,,,,,,,,,
base,NP,0.9933333333333334,0.98,1.0,0.0002,9999,355,355,355,60,120,contrasts_by_option_order|run=base|order_id=o1|outcome=flip|kind=cell|quantity=NP,,flip,cell,,,,,,,,,,,,,,,,,,o1,,,,,,,,,,,,,
base,NS,0.9916666666666667,0.9777777777777777,1.0,0.0002,9999,360,720,715,60,120,contrasts_by_option_order|run=base|order_id=o1|outcome=flip|kind=cell|quantity=NS,,flip,cell,,,,,,,,,,,,,,,,,,o1,,,,,,,,,,,,,
base,RP,0.9966666666666666,0.99,1.0,0.0002,9999,359,359,359,60,120,contrasts_by_option_order|run=base|order_id=o1|outcome=flip|kind=cell|quantity=RP,,flip,cell,,,,,,,,,,,,,,,,,,o1,,,,,,,,,,,,,
base,RS,0.9958333333333333,0.9888888888888889,1.0,0.0002,9999,360,720,719,60,120,contrasts_by_option_order|run=base|order_id=o1|outcome=flip|kind=cell|quantity=RS,,flip,cell,,,,,,,,,,,,,,,,,,o1,,,,,,,,,,,,,
base,NP,0.9252777777777778,0.8716527777777776,0.9708333333333333,0.0002,9999,333,333,333,60,117,contrasts_by_option_order|run=base|order_id=o2|outcome=flip|kind=cell|quantity=NP,,flip,cell,,,,,,,,,,,,,,,,,,o2,,,,,,,,,,,,,
base,NS,0.9719444444444445,0.9475,0.9911388888888887,0.0002,9999,348,696,677,60,117,contrasts_by_option_order|run=base|order_id=o2|outcome=flip|kind=cell|quantity=NS,,flip,cell,,,,,,,,,,,,,,,,,,o2,,,,,,,,,,,,,
base,RP,0.9408333333333334,0.8955555555555555,0.9777777777777779,0.0002,9999,339,339,339,60,116,contrasts_by_option_order|run=base|order_id=o2|outcome=flip|kind=cell|quantity=RP,,flip,cell,,,,,,,,,,,,,,,,,,o2,,,,,,,,,,,,,
base,RS,0.9572222222222222,0.9211111111111111,0.986111111111111,0.0002,9999,343,686,668,60,116,contrasts_by_option_order|run=base|order_id=o2|outcome=flip|kind=cell|quantity=RS,,flip,cell,,,,,,,,,,,,,,,,,,o2,,,,,,,,,,,,,
base,NP,0.9652777777777778,0.9375,0.9875,0.0002,9999,232,232,232,60,232,contrasts_by_opening|run=base|opening_id=stance_alternative|outcome=flip|kind=cell|quantity=NP,,flip,cell,,,,,,,,,,,stance_alternative,,,,,,,,,,,,,,,,,,,,
base,NS,0.9791666666666666,0.9625,0.9958333333333333,0.0002,9999,236,472,461,60,236,contrasts_by_opening|run=base|opening_id=stance_alternative|outcome=flip|kind=cell|quantity=NS,,flip,cell,,,,,,,,,,,stance_alternative,,,,,,,,,,,,,,,,,,,,
base,RP,0.9736111111111112,0.9486111111111111,0.9944444444444444,0.0002,9999,234,234,234,60,234,contrasts_by_opening|run=base|opening_id=stance_alternative|outcome=flip|kind=cell|quantity=RP,,flip,cell,,,,,,,,,,,stance_alternative,,,,,,,,,,,,,,,,,,,,
base,RS,0.9715277777777779,0.9486111111111111,0.9902777777777777,0.0002,9999,236,472,465,60,236,contrasts_by_opening|run=base|opening_id=stance_alternative|outcome=flip|kind=cell|quantity=RS,,flip,cell,,,,,,,,,,,stance_alternative,,,,,,,,,,,,,,,,,,,,
base,NP,0.9791666666666666,0.9583333333333334,0.9958333333333333,0.0002,9999,232,232,232,60,232,contrasts_by_opening|run=base|opening_id=stance_disagreement|outcome=flip|kind=cell|quantity=NP,,flip,cell,,,,,,,,,,,stance_disagreement,,,,,,,,,,,,,,,,,,,,
base,NS,0.99375,0.9833333333333333,1.0,0.0002,9999,236,472,470,60,236,contrasts_by_opening|run=base|opening_id=stance_disagreement|outcome=flip|kind=cell|quantity=NS,,flip,cell,,,,,,,,,,,stance_disagreement,,,,,,,,,,,,,,,,,,,,
base,RP,0.9916666666666667,0.9791666666666666,1.0,0.0002,9999,231,231,231,60,231,contrasts_by_opening|run=base|opening_id=stance_disagreement|outcome=flip|kind=cell|quantity=RP,,flip,cell,,,,,,,,,,,stance_disagreement,,,,,,,,,,,,,,,,,,,,
base,RS,0.9958333333333333,0.9875,1.0,0.0002,9999,235,470,468,60,235,contrasts_by_opening|run=base|opening_id=stance_disagreement|outcome=flip|kind=cell|quantity=RS,,flip,cell,,,,,,,,,,,stance_disagreement,,,,,,,,,,,,,,,,,,,,
base,NP,0.9305808080808081,0.864090909090909,0.9803535353535354,0.0002,9999,225,225,225,20,78,contrasts_by_domain|run=base|domain=technology|outcome=flip|kind=cell|quantity=NP,,flip,cell,,,,,,,,,,,,,,,,,technology,,,,,,,,,,,,,,
base,NS,0.9700757575757576,0.9371212121212121,0.9954545454545455,0.0002,9999,232,464,455,20,78,contrasts_by_domain|run=base|domain=technology|outcome=flip|kind=cell|quantity=NS,,flip,cell,,,,,,,,,,,,,,,,,technology,,,,,,,,,,,,,,
base,RP,0.9704545454545455,0.9392045454545453,0.99375,0.0002,9999,225,225,225,20,77,contrasts_by_domain|run=base|domain=technology|outcome=flip|kind=cell|quantity=RP,,flip,cell,,,,,,,,,,,,,,,,,technology,,,,,,,,,,,,,,
base,RS,0.9761868686868688,0.9521717171717172,0.9958333333333332,0.0002,9999,228,456,448,20,77,contrasts_by_domain|run=base|domain=technology|outcome=flip|kind=cell|quantity=RS,,flip,cell,,,,,,,,,,,,,,,,,technology,,,,,,,,,,,,,,
base,NS_minus_NP,0.008125,0.0008547008547008547,0.018506966159405173,0.0304,9999,677,1354,1354,60,236,contrasts_by_marker_family|run=base|outcome=flip|marker_family=conclusion_result|quantity=NS_minus_NP,,flip,,,,NS − NP,,,,,,,,,conclusion_result,,,,,,,unweighted mean of six marker estimates,,,,,,,,,,,,
base,RS_minus_NS,-0.017188342188342188,-0.035423789985193486,-0.00411142220352747,0.004,9999,681,1362,1362,60,235,contrasts_by_marker_family|run=base|outcome=flip|marker_family=conclusion_result|quantity=RS_minus_NS,,flip,,,,RS − NS,,,,,,,,,conclusion_result,,,,,,,unweighted mean of six marker estimates,,,,,,,,,,,,
base,RS_minus_RP,-0.005107030107030106,-0.013558650225316887,0.001711093415499779,0.193,9999,683,1366,1366,60,234,contrasts_by_marker_family|run=base|outcome=flip|marker_family=conclusion_result|quantity=RS_minus_RP,,flip,,,,RS − RP,,,,,,,,,conclusion_result,,,,,,,unweighted mean of six marker estimates,,,,,,,,,,,,
base,interaction,-0.007973839223839223,-0.01969624208259166,0.002046134367422601,0.139,9999,661,2644,2644,60,233,contrasts_by_marker_family|run=base|outcome=flip|marker_family=conclusion_result|quantity=interaction,,flip,,,,(RS − RP) − (NS − NP),,,,,,,,,conclusion_result,,,,,,,unweighted mean of six marker estimates,,,,,,,,,,,,
base,NS_minus_NP,0.017499999999999998,0.0,0.04722222222222222,0.2396,9999,122,244,244,40,42,contrasts_by_individual_marker|run=base|outcome=flip|marker_id=m01_therefore|quantity=NS_minus_NP,,flip,,,,NS − NP,,,,,,,m01_therefore,,conclusion_result,,,,,,,,conclusive_adverb,therefore,,,,,,,,,,
base,RS_minus_NS,-0.016666666666666666,-0.05405405405405406,0.0,0.7044,9999,124,248,248,40,42,contrasts_by_individual_marker|run=base|outcome=flip|marker_id=m01_therefore|quantity=RS_minus_NS,,flip,,,,RS − NS,,,,,,,m01_therefore,,conclusion_result,,,,,,,,conclusive_adverb,therefore,,,,,,,,,,
base,RS_minus_RP,0.0,0.0,0.0,1.0,9999,122,244,244,40,41,contrasts_by_individual_marker|run=base|outcome=flip|marker_id=m01_therefore|quantity=RS_minus_RP,,flip,,,,RS − RP,,,,,,,m01_therefore,,conclusion_result,,,,,,,,conclusive_adverb,therefore,,,,,,,,,,
base,interaction,-0.0125,-0.04054054054054054,0.0,0.7248,9999,119,476,476,40,41,contrasts_by_individual_marker|run=base|outcome=flip|marker_id=m01_therefore|quantity=interaction,,flip,,,,(RS − RP) − (NS − NP),,,,,,,m01_therefore,,conclusion_result,,,,,,,,conclusive_adverb,therefore,,,,,,,,,,
base,NS_minus_NP,0.00625,0.0,0.020833333333333332,0.7218,9999,116,232,232,40,41,contrasts_by_individual_marker|run=base|outcome=flip|marker_id=m02_consequently|quantity=NS_minus_NP,,flip,,,,NS − NP,,,,,,,m02_consequently,,conclusion_result,,,,,,,,conclusive_adverb,consequently,,,,,,,,,,
base,RS_minus_NS,-0.03333333333333333,-0.09302325581395349,0.0,0.2466,9999,117,234,234,40,41,contrasts_by_individual_marker|run=base|outcome=flip|marker_id=m02_consequently|quantity=RS_minus_NS,,flip,,,,RS − NS,,,,,,,m02_consequently,,conclusion_result,,,,,,,,conclusive_adverb,consequently,,,,,,,,,,
base,RS_minus_RP,-0.016666666666666666,-0.05405405405405406,0.0,0.7174,9999,117,234,234,40,41,contrasts_by_individual_marker|run=base|outcome=flip|marker_id=m02_consequently|quantity=RS_minus_RP,,flip,,,,RS − RP,,,,,,,m02_consequently,,conclusion_result,,,,,,,,conclusive_adverb,consequently,,,,,,,,,,
base,interaction,0.0,0.0,0.0,1.0,9999,112,448,448,40,40,contrasts_by_individual_marker|run=base|outcome=flip|marker_id=m02_consequently|quantity=interaction,,flip,,,,(RS − RP) − (NS − NP),,,,,,,m02_consequently,,conclusion_result,,,,,,,,conclusive_adverb,consequently,,,,,,,,,,
base,NS_minus_NP,0.025,0.0,0.07894736842105263,0.7168,9999,118,236,236,40,41,contrasts_by_individual_marker|run=base|outcome=flip|marker_id=m03_thus|quantity=NS_minus_NP,,flip,,,,NS − NP,,,,,,,m03_thus,,conclusion_result,,,,,,,,conclusive_adverb,thus,,,,,,,,,,
base,RS_minus_NS,0.0,0.0,0.0,1.0,9999,117,234,234,39,40,contrasts_by_individual_marker|run=base|outcome=flip|marker_id=m03_thus|quantity=RS_minus_NS,,flip,,,,RS − NS,,,,,,,m03_thus,,conclusion_result,,,,,,,,conclusive_adverb,thus,,,,,,,,,,
base,RS_minus_RP,0.0,0.0,0.0,1.0,9999,118,236,236,39,40,contrasts_by_individual_marker|run=base|outcome=flip|marker_id=m03_thus|quantity=RS_minus_RP,,flip,,,,RS − RP,,,,,,,m03_thus,,conclusion_result,,,,,,,,conclusive_adverb,thus,,,,,,,,,,
base,interaction,-0.02564102564102564,-0.08108108108108109,0.0,0.7168,9999,115,460,460,39,40,contrasts_by_individual_marker|run=base|outcome=flip|marker_id=m03_thus|quantity=interaction,,flip,,,,(RS − RP) − (NS − NP),,,,,,,m03_thus,,conclusion_result,,,,,,,,conclusive_adverb,thus,,,,,,,,,,
base,NS_minus_NP,0.0,0.0,0.0,1.0,9999,104,208,208,36,36,contrasts_by_individual_marker|run=base|outcome=flip|marker_id=m04_accordingly|quantity=NS_minus_NP,,flip,,,,NS − NP,,,,,,,m04_accordingly,,conclusion_result,,,,,,,,conclusive_adverb,accordingly,,,,,,,,,,
base,RS_minus_NS,0.0,0.0,0.0,1.0,9999,105,210,210,36,36,contrasts_by_individual_marker|run=base|outcome=flip|marker_id=m04_accordingly|quantity=RS_minus_NS,,flip,,,,RS − NS,,,,,,,m04_accordingly,,conclusion_result,,,,,,,,conclusive_adverb,accordingly,,,,,,,,,,
base,RS_minus_RP,0.0,0.0,0.0,1.0,9999,107,214,214,36,36,contrasts_by_individual_marker|run=base|outcome=flip|marker_id=m04_accordingly|quantity=RS_minus_RP,,flip,,,,RS − RP,,,,,,,m04_accordingly,,conclusion_result,,,,,,,,conclusive_adverb,accordingly,,,,,,,,,,
base,interaction,0.0,0.0,0.0,1.0,9999,104,416,416,36,36,contrasts_by_individual_marker|run=base|outcome=flip|marker_id=m04_accordingly|quantity=interaction,,flip,,,,(RS − RP) − (NS − NP),,,,,,,m04_accordingly,,conclusion_result,,,,,,,,conclusive_adverb,accordingly,,,,,,,,,,
base,NS_minus_NP,0.0,0.0,0.0,1.0,9999,110,220,220,39,39,contrasts_by_individual_marker|run=base|outcome=flip|marker_id=m05_for_this_reason|quantity=NS_minus_NP,,flip,,,,NS − NP,,,,,,,m05_for_this_reason,,conclusion_result,,,,,,,,anaphoric_reason_phrase,for this reason,,,,,,,,,,
base,RS_minus_NS,-0.017094017094017092,-0.05555555555555555,0.0,0.7006,9999,115,230,230,39,39,contrasts_by_individual_marker|run=base|outcome=flip|marker_id=m05_for_this_reason|quantity=RS_minus_NS,,flip,,,,RS − NS,,,,,,,m05_for_this_reason,,conclusion_result,,,,,,,,anaphoric_reason_phrase,for this reason,,,,,,,,,,
base,RS_minus_RP,0.008547008547008546,0.0,0.027777777777777776,0.7006,9999,115,230,230,39,39,contrasts_by_individual_marker|run=base|outcome=flip|marker_id=m05_for_this_reason|quantity=RS_minus_RP,,flip,,,,RS − RP,,,,,,,m05_for_this_reason,,conclusion_result,,,,,,,,anaphoric_reason_phrase,for this reason,,,,,,,,,,
base,interaction,0.01282051282051282,0.0,0.041666666666666664,0.7006,9999,109,436,436,39,39,contrasts_by_individual_marker|run=base|outcome=flip|marker_id=m05_for_this_reason|quantity=interaction,,flip,,,,(RS − RP) − (NS − NP),,,,,,,m05_for_this_reason,,conclusion_result,,,,,,,,anaphoric_reason_phrase,for this reason,,,,,,,,,,
base,NS_minus_NP,0.0,0.0,0.0,1.0,9999,107,214,214,37,37,contrasts_by_individual_marker|run=base|outcome=flip|marker_id=m06_that_is_why|quantity=NS_minus_NP,,flip,,,,NS − NP,,,,,,,m06_that_is_why,,conclusion_result,,,,,,,,causal_conversational_result,that is why,,,,,,,,,,
base,RS_minus_NS,-0.036036036036036036,-0.07894736842105263,0.0,0.0904,9999,103,206,206,37,37,contrasts_by_individual_marker|run=base|outcome=flip|marker_id=m06_that_is_why|quantity=RS_minus_NS,,flip,,,,RS − NS,,,,,,,m06_that_is_why,,conclusion_result,,,,,,,,causal_conversational_result,that is why,,,,,,,,,,
base,RS_minus_RP,-0.02252252252252252,-0.05833333333333333,0.0,0.2608,9999,104,208,208,37,37,contrasts_by_individual_marker|run=base|outcome=flip|marker_id=m06_that_is_why|quantity=RS_minus_RP,,flip,,,,RS − RP,,,,,,,m06_that_is_why,,conclusion_result,,,,,,,,causal_conversational_result,that is why,,,,,,,,,,
base,interaction,-0.02252252252252252,-0.05833333333333333,0.0,0.2608,9999,102,408,408,37,37,contrasts_by_individual_marker|run=base|outcome=flip|marker_id=m06_that_is_why|quantity=interaction,,flip,,,,(RS − RP) − (NS − NP),,,,,,,m06_that_is_why,,conclusion_result,,,,,,,,causal_conversational_result,that is why,,,,,,,,,,
base,NS_minus_NP,0.0008119683448630823,-0.005988870215683435,0.008762416605248088,0.873,9999,1356,2712,2712,60,237,contrasts_by_marker_family|run=base|outcome=flip|marker_family=conclusion_result_minus_inference_basis|quantity=NS_minus_NP,,flip,,,,NS − NP,,,,,,,,,conclusion_result_minus_inference_basis,,,,,,,difference of family means,,,,,,,,,,,,
base,RS_minus_NS,-0.019983926233926235,-0.03567451873752131,-0.007661363410021882,0.0004,9999,1369,2738,2738,60,236,contrasts_by_marker_family|run=base|outcome=flip|marker_family=conclusion_result_minus_inference_basis|quantity=RS_minus_NS,,flip,,,,RS − NS,,,,,,,,,conclusion_result_minus_inference_basis,,,,,,,difference of family means,,,,,,,,,,,,
base,RS_minus_RP,-0.012980211993369888,-0.02386082979603897,-0.004231165458299615,0.002,9999,1373,2746,2746,60,236,contrasts_by_marker_family|run=base|outcome=flip|marker_family=conclusion_result_minus_inference_basis|quantity=RS_minus_RP,,flip,,,,RS − RP,,,,,,,,,conclusion_result_minus_inference_basis,,,,,,,difference of family means,,,,,,,,,,,,
base,interaction,-0.013671844921844922,-0.02710984985865286,-0.00221312688703994,0.0148,9999,1327,5308,5308,60,234,contrasts_by_marker_family|run=base|outcome=flip|marker_family=conclusion_result_minus_inference_basis|quantity=interaction,,flip,,,,(RS − RP) − (NS − NP),,,,,,,,,conclusion_result_minus_inference_basis,,,,,,,difference of family means,,,,,,,,,,,,
base,NS_minus_NP,0.013745791245791245,0.0018518518518518517,0.028114478114478113,0.0132,9999,685,2055,2041,60,237,contrasts_by_model|run=base|outcome=flip|kind=contrast|quantity=NS_minus_NP,,flip,contrast,,,NS − NP,,,,,,,,,,,,,,,,,,,,,,,,,,,,
base,NS_minus_NP,0.014313973063973062,0.0021296296296296293,0.028861321548821522,0.013,9999,655,1965,1951,60,227,model_common_subset|run=base|outcome=flip|kind=contrast|quantity=NS_minus_NP,,flip,contrast,,,NS − NP,,,,,,,,,,,,,,,,,,,,,,,,,,,,
base,RP_minus_NP,0.007348484848484848,-0.007004629629629624,0.022356902356902353,0.3268,9999,678,1356,1356,60,236,contrasts_by_model|run=base|outcome=flip|kind=contrast|quantity=RP_minus_NP,,flip,contrast,,,RP − NP,,,,,,,,,,,,,,,,,,,,,,,,,,,,
base,RP_minus_NP,0.007348484848484848,-0.007004629629629624,0.022356902356902353,0.3268,9999,649,1298,1298,60,226,model_common_subset|run=base|outcome=flip|kind=contrast|quantity=RP_minus_NP,,flip,contrast,,,RP − NP,,,,,,,,,,,,,,,,,,,,,,,,,,,,
base,RS_minus_NS,-0.009617003367003366,-0.024558080808080807,0.0019570707070707067,0.1116,9999,702,2808,2767,60,236,contrasts_by_model|run=base|outcome=flip|kind=contrast|quantity=RS_minus_NS,,flip,contrast,,,RS − NS,,,,,,,,,,,,,,,,,,,,,,,,,,,,
base,RS_minus_NS,-0.010416666666666666,-0.025694444444444443,0.0013888888888888887,0.094,9999,672,2688,2649,60,226,model_common_subset|run=base|outcome=flip|kind=contrast|quantity=RS_minus_NS,,flip,contrast,,,RS − NS,,,,,,,,,,,,,,,,,,,,,,,,,,,,
base,RS_minus_RP,-0.0004629629629629627,-0.00925925925925926,0.008333333333333333,0.9726,9999,694,2082,2067,60,236,contrasts_by_model|run=base|outcome=flip|kind=contrast|quantity=RS_minus_RP,,flip,contrast,,,RS − RP,,,,,,,,,,,,,,,,,,,,,,,,,,,,
base,RS_minus_RP,-0.0006944444444444443,-0.00949074074074074,0.007870370370370371,0.9232,9999,665,1995,1981,60,226,model_common_subset|run=base|outcome=flip|kind=contrast|quantity=RS_minus_RP,,flip,contrast,,,RS − RP,,,,,,,,,,,,,,,,,,,,,,,,,,,,
base,NS_minus_NP,0.0125,-0.008333333333333333,0.04166666666666667,0.4896,9999,233,699,694,20,80,contrasts_by_domain|run=base|domain=climate|outcome=flip|kind=contrast|quantity=NS_minus_NP,,flip,contrast,,,NS − NP,,,,,,,,,,,,,,climate,,,,,,,,,,,,,,
base,RP_minus_NP,0.018055555555555554,0.0,0.04027777777777778,0.0816,9999,233,466,466,20,80,contrasts_by_domain|run=base|domain=climate|outcome=flip|kind=contrast|quantity=RP_minus_NP,,flip,contrast,,,RP − NP,,,,,,,,,,,,,,climate,,,,,,,,,,,,,,
base,RS_minus_NS,-0.0020833333333333337,-0.014583333333333334,0.010416666666666668,0.8866,9999,237,948,931,20,80,contrasts_by_domain|run=base|domain=climate|outcome=flip|kind=contrast|quantity=RS_minus_NS,,flip,contrast,,,RS − NS,,,,,,,,,,,,,,climate,,,,,,,,,,,,,,
base,RS_minus_RP,-0.010416666666666666,-0.029166666666666667,0.0,0.2496,9999,235,705,699,20,80,contrasts_by_domain|run=base|domain=climate|outcome=flip|kind=contrast|quantity=RS_minus_RP,,flip,contrast,,,RS − RP,,,,,,,,,,,,,,climate,,,,,,,,,,,,,,
base,interaction,-0.01571969696969697,-0.04715909090909091,0.008333333333333333,0.3128,9999,230,1380,1373,20,79,contrasts_by_domain|run=base|domain=climate|outcome=flip|kind=contrast|quantity=interaction,,flip,contrast,,,(RS − RP) − (NS − NP),,,,,,,,,,,,,,climate,,,,,,,,,,,,,,
base,NS_minus_NP,0.01736111111111111,0.0,0.03819444444444444,0.0622,9999,223,669,663,60,223,contrasts_by_opening|run=base|opening_id=directive_reconsideration|outcome=flip|kind=contrast|quantity=NS_minus_NP,,flip,contrast,,,NS − NP,,,,,,,,directive_reconsideration,,,,,,,,,,,,,,,,,,,,
base,RP_minus_NP,0.00972222222222222,-0.01111111111111111,0.030555555555555555,0.4344,9999,222,444,444,60,222,contrasts_by_opening|run=base|opening_id=directive_reconsideration|outcome=flip|kind=contrast|quantity=RP_minus_NP,,flip,contrast,,,RP − NP,,,,,,,,directive_reconsideration,,,,,,,,,,,,,,,,,,,,
base,RS_minus_NS,-0.01597222222222222,-0.04027777777777777,0.004166666666666667,0.1536,9999,232,928,907,60,232,contrasts_by_opening|run=base|opening_id=directive_reconsideration|outcome=flip|kind=contrast|quantity=RS_minus_NS,,flip,contrast,,,RS − NS,,,,,,,,directive_reconsideration,,,,,,,,,,,,,,,,,,,,
base,RS_minus_RP,-0.0006944444444444448,-0.013194444444444446,0.014583333333333334,0.9162,9999,230,690,681,60,230,contrasts_by_opening|run=base|opening_id=directive_reconsideration|outcome=flip|kind=contrast|quantity=RS_minus_RP,,flip,contrast,,,RS − RP,,,,,,,,directive_reconsideration,,,,,,,,,,,,,,,,,,,,
base,interaction,-0.018055555555555554,-0.041666666666666664,0.0,0.0782,9999,219,1314,1301,60,219,contrasts_by_opening|run=base|opening_id=directive_reconsideration|outcome=flip|kind=contrast|quantity=interaction,,flip,contrast,,,(RS − RP) − (NS − NP),,,,,,,,directive_reconsideration,,,,,,,,,,,,,,,,,,,,
base,NS_minus_NP,0.0,0.0,0.0,1.0,9999,229,687,683,20,79,contrasts_by_domain|run=base|domain=energy|outcome=flip|kind=contrast|quantity=NS_minus_NP,,flip,contrast,,,NS − NP,,,,,,,,,,,,,,energy,,,,,,,,,,,,,,
base,RP_minus_NP,-0.0202020202020202,-0.051515151515151514,0.0,0.2302,9999,228,456,456,20,79,contrasts_by_domain|run=base|domain=energy|outcome=flip|kind=contrast|quantity=RP_minus_NP,,flip,contrast,,,RP − NP,,,,,,,,,,,,,,energy,,,,,,,,,,,,,,
base,RS_minus_NS,-0.020833333333333332,-0.06041666666666666,0.004166666666666667,0.2516,9999,237,948,940,20,79,contrasts_by_domain|run=base|domain=energy|outcome=flip|kind=contrast|quantity=RS_minus_NS,,flip,contrast,,,RS − NS,,,,,,,,,,,,,,energy,,,,,,,,,,,,,,
base,RS_minus_RP,0.008333333333333333,0.0,0.022916666666666665,0.233,9999,236,708,706,20,79,contrasts_by_domain|run=base|domain=energy|outcome=flip|kind=contrast|quantity=RS_minus_RP,,flip,contrast,,,RS − RP,,,,,,,,,,,,,,energy,,,,,,,,,,,,,,
base,interaction,0.009595959595959595,0.0,0.026010101010101004,0.233,9999,228,1368,1362,20,79,contrasts_by_domain|run=base|domain=energy|outcome=flip|kind=contrast|quantity=interaction,,flip,contrast,,,(RS − RP) − (NS − NP),,,,,,,,,,,,,,energy,,,,,,,,,,,,,,
base,interaction,-0.011115319865319865,-0.02803472222222222,0.002920875420875421,0.1392,9999,673,4038,4015,60,235,contrasts_by_model|run=base|outcome=flip|kind=contrast|quantity=interaction,,flip,contrast,,,(RS − RP) − (NS − NP),,,,,,,,,,,,,,,,,,,,,,,,,,,,
base,interaction,-0.011346801346801346,-0.028291666666666663,0.0027356902356902354,0.1304,9999,644,3864,3842,60,225,model_common_subset|run=base|outcome=flip|kind=contrast|quantity=interaction,,flip,contrast,,,(RS − RP) − (NS − NP),,,,,,,,,,,,,,,,,,,,,,,,,,,,
base,NS_minus_NP,-0.0027777777777777775,-0.008333333333333333,0.0,0.7092,9999,355,1065,1063,60,120,contrasts_by_option_order|run=base|order_id=o1|outcome=flip|kind=contrast|quantity=NS_minus_NP,,flip,contrast,,,NS − NP,,,,,,,,,,,,,,,o1,,,,,,,,,,,,,
base,RP_minus_NP,0.004166666666666667,0.0,0.0125,0.7184,9999,354,708,708,60,120,contrasts_by_option_order|run=base|order_id=o1|outcome=flip|kind=contrast|quantity=RP_minus_NP,,flip,contrast,,,RP − NP,,,,,,,,,,,,,,,o1,,,,,,,,,,,,,
base,RS_minus_NS,0.004166666666666667,-0.0027777777777777775,0.013888888888888888,0.4156,9999,360,1440,1434,60,120,contrasts_by_option_order|run=base|order_id=o1|outcome=flip|kind=contrast|quantity=RS_minus_NS,,flip,contrast,,,RS − NS,,,,,,,,,,,,,,,o1,,,,,,,,,,,,,
base,RS_minus_RP,-0.0013888888888888887,-0.004166666666666667,0.0,0.729,9999,359,1077,1076,60,120,contrasts_by_option_order|run=base|order_id=o1|outcome=flip|kind=contrast|quantity=RS_minus_RP,,flip,contrast,,,RS − RP,,,,,,,,,,,,,,,o1,,,,,,,,,,,,,
base,interaction,0.0013888888888888887,-0.004166666666666667,0.008333333333333333,0.9136,9999,354,2124,2121,60,120,contrasts_by_option_order|run=base|order_id=o1|outcome=flip|kind=contrast|quantity=interaction,,flip,contrast,,,(RS − RP) − (NS − NP),,,,,,,,,,,,,,,o1,,,,,,,,,,,,,
base,NS_minus_NP,0.032499999999999994,0.008888888888888889,0.061124999999999804,0.0026,9999,330,990,978,60,117,contrasts_by_option_order|run=base|order_id=o2|outcome=flip|kind=contrast|quantity=NS_minus_NP,,flip,contrast,,,NS − NP,,,,,,,,,,,,,,,o2,,,,,,,,,,,,,
base,RP_minus_NP,0.00861111111111111,-0.02583333333333333,0.041666666666666664,0.6156,9999,324,648,648,60,116,contrasts_by_option_order|run=base|order_id=o2|outcome=flip|kind=contrast|quantity=RP_minus_NP,,flip,contrast,,,RP − NP,,,,,,,,,,,,,,,o2,,,,,,,,,,,,,
base,RS_minus_NS,-0.025555555555555554,-0.05555555555555556,-0.0033333333333333335,0.0186,9999,342,1368,1333,60,116,contrasts_by_option_order|run=base|order_id=o2|outcome=flip|kind=contrast|quantity=RS_minus_NS,,flip,contrast,,,RS − NS,,,,,,,,,,,,,,,o2,,,,,,,,,,,,,
base,RS_minus_RP,0.002777777777777778,-0.01944444444444444,0.02777777777777778,0.8372,9999,335,1005,991,60,116,contrasts_by_option_order|run=base|order_id=o2|outcome=flip|kind=contrast|quantity=RS_minus_RP,,flip,contrast,,,RS − RP,,,,,,,,,,,,,,,o2,,,,,,,,,,,,,
base,interaction,-0.02722222222222222,-0.06499999999999999,0.004180555555555353,0.1026,9999,319,1914,1894,60,115,contrasts_by_option_order|run=base|order_id=o2|outcome=flip|kind=contrast|quantity=interaction,,flip,contrast,,,(RS − RP) − (NS − NP),,,,,,,,,,,,,,,o2,,,,,,,,,,,,,
base,NS_minus_NP,0.0125,0.0,0.029166666666666667,0.098,9999,231,693,686,60,231,contrasts_by_opening|run=base|opening_id=stance_alternative|outcome=flip|kind=contrast|quantity=NS_minus_NP,,flip,contrast,,,NS − NP,,,,,,,,stance_alternative,,,,,,,,,,,,,,,,,,,,
base,RP_minus_NP,0.006944444444444445,-0.013888888888888888,0.02777777777777778,0.5594,9999,229,458,458,60,229,contrasts_by_opening|run=base|opening_id=stance_alternative|outcome=flip|kind=contrast|quantity=RP_minus_NP,,flip,contrast,,,RP − NP,,,,,,,,stance_alternative,,,,,,,,,,,,,,,,,,,,
base,RS_minus_NS,-0.011805555555555554,-0.03125,0.0020833333333333333,0.1826,9999,235,940,924,60,235,contrasts_by_opening|run=base|opening_id=stance_alternative|outcome=flip|kind=contrast|quantity=RS_minus_NS,,flip,contrast,,,RS − NS,,,,,,,,stance_alternative,,,,,,,,,,,,,,,,,,,,
base,RS_minus_RP,-0.003472222222222222,-0.01944444444444444,0.010416666666666666,0.774,9999,234,702,696,60,234,contrasts_by_opening|run=base|opening_id=stance_alternative|outcome=flip|kind=contrast|quantity=RS_minus_RP,,flip,contrast,,,RS − RP,,,,,,,,stance_alternative,,,,,,,,,,,,,,,,,,,,
base,interaction,-0.010416666666666666,-0.029861111111111113,0.006944444444444444,0.2824,9999,228,1368,1359,60,228,contrasts_by_opening|run=base|opening_id=stance_alternative|outcome=flip|kind=contrast|quantity=interaction,,flip,contrast,,,(RS − RP) − (NS − NP),,,,,,,,stance_alternative,,,,,,,,,,,,,,,,,,,,
base,NS_minus_NP,0.010416666666666666,-0.0020833333333333333,0.025,0.1678,9999,231,693,692,60,231,contrasts_by_opening|run=base|opening_id=stance_disagreement|outcome=flip|kind=contrast|quantity=NS_minus_NP,,flip,contrast,,,NS − NP,,,,,,,,stance_disagreement,,,,,,,,,,,,,,,,,,,,
base,RP_minus_NP,0.004166666666666667,-0.008333333333333333,0.016666666666666666,0.7958,9999,227,454,454,60,227,contrasts_by_opening|run=base|opening_id=stance_disagreement|outcome=flip|kind=contrast|quantity=RP_minus_NP,,flip,contrast,,,RP − NP,,,,,,,,stance_disagreement,,,,,,,,,,,,,,,,,,,,
base,RS_minus_NS,-0.0020833333333333333,-0.0125,0.00625,0.9076,9999,235,940,936,60,235,contrasts_by_opening|run=base|opening_id=stance_disagreement|outcome=flip|kind=contrast|quantity=RS_minus_NS,,flip,contrast,,,RS − NS,,,,,,,,stance_disagreement,,,,,,,,,,,,,,,,,,,,
base,RS_minus_RP,0.001388888888888889,-0.008333333333333333,0.0125,0.9346,9999,230,690,690,60,230,contrasts_by_opening|run=base|opening_id=stance_disagreement|outcome=flip|kind=contrast|quantity=RS_minus_RP,,flip,contrast,,,RS − RP,,,,,,,,stance_disagreement,,,,,,,,,,,,,,,,,,,,
base,interaction,-0.0062499999999999995,-0.024305555555555556,0.009722222222222222,0.5154,9999,226,1356,1355,60,226,contrasts_by_opening|run=base|opening_id=stance_disagreement|outcome=flip|kind=contrast|quantity=interaction,,flip,contrast,,,(RS − RP) − (NS − NP),,,,,,,,stance_disagreement,,,,,,,,,,,,,,,,,,,,
base,NS_minus_NP,0.028737373737373735,0.004545454545454545,0.06212121212121212,0.0184,9999,223,669,664,20,78,contrasts_by_domain|run=base|domain=technology|outcome=flip|kind=contrast|quantity=NS_minus_NP,,flip,contrast,,,NS − NP,,,,,,,,,,,,,,technology,,,,,,,,,,,,,,
base,RP_minus_NP,0.024191919191919188,0.0,0.05702020202020201,0.0834,9999,217,434,434,20,77,contrasts_by_domain|run=base|domain=technology|outcome=flip|kind=contrast|quantity=RP_minus_NP,,flip,contrast,,,RP − NP,,,,,,,,,,,,,,technology,,,,,,,,,,,,,,
base,RS_minus_NS,-0.005934343434343434,-0.0226010101010101,0.008333333333333333,0.4482,9999,228,912,896,20,77,contrasts_by_domain|run=base|domain=technology|outcome=flip|kind=contrast|quantity=RS_minus_NS,,flip,contrast,,,RS − NS,,,,,,,,,,,,,,technology,,,,,,,,,,,,,,
base,RS_minus_RP,0.0006944444444444448,-0.016666666666666666,0.01875,0.9352,9999,223,669,662,20,77,contrasts_by_domain|run=base|domain=technology|outcome=flip|kind=contrast|quantity=RS_minus_RP,,flip,contrast,,,RS − RP,,,,,,,,,,,,,,technology,,,,,,,,,,,,,,
base,interaction,-0.027222222222222224,-0.06611111111111112,0.0,0.0836,9999,215,1290,1280,20,77,contrasts_by_domain|run=base|domain=technology|outcome=flip|kind=contrast|quantity=interaction,,flip,contrast,,,(RS − RP) − (NS − NP),,,,,,,,,,,,,,technology,,,,,,,,,,,,,,
base,NS_minus_NP,0.004861111111111108,-0.011111111111111112,0.02222222222222222,0.6024,9999,454,1362,1349,60,234,opening_heterogeneity|run=base|outcome=flip|comparison=directive_reconsideration_minus_stance_alternative|quantity=NS_minus_NP,directive_reconsideration_minus_stance_alternative,flip,,,,NS − NP,,,,,,,,,,,,,,,,,,,,0.01736111111111111,0.0125,,,,,,,
base,RP_minus_NP,0.0027777777777777757,-0.018055555555555557,0.024999999999999998,0.8476,9999,451,902,902,60,232,opening_heterogeneity|run=base|outcome=flip|comparison=directive_reconsideration_minus_stance_alternative|quantity=RP_minus_NP,directive_reconsideration_minus_stance_alternative,flip,,,,RP − NP,,,,,,,,,,,,,,,,,,,,0.00972222222222222,0.006944444444444445,,,,,,,
base,RS_minus_NS,-0.0041666666666666675,-0.025,0.01597222222222222,0.7152,9999,467,1868,1831,60,235,opening_heterogeneity|run=base|outcome=flip|comparison=directive_reconsideration_minus_stance_alternative|quantity=RS_minus_NS,directive_reconsideration_minus_stance_alternative,flip,,,,RS − NS,,,,,,,,,,,,,,,,,,,,-0.01597222222222222,-0.011805555555555554,,,,,,,
base,RS_minus_RP,0.0027777777777777775,-0.0125,0.020138888888888887,0.814,9999,464,1392,1377,60,235,opening_heterogeneity|run=base|outcome=flip|comparison=directive_reconsideration_minus_stance_alternative|quantity=RS_minus_RP,directive_reconsideration_minus_stance_alternative,flip,,,,RS − RP,,,,,,,,,,,,,,,,,,,,-0.0006944444444444448,-0.003472222222222222,,,,,,,
base,interaction,-0.007638888888888888,-0.02777777777777778,0.012500000000000002,0.4714,9999,447,2682,2660,60,231,opening_heterogeneity|run=base|outcome=flip|comparison=directive_reconsideration_minus_stance_alternative|quantity=interaction,directive_reconsideration_minus_stance_alternative,flip,,,,(RS − RP) − (NS − NP),,,,,,,,,,,,,,,,,,,,-0.018055555555555554,-0.010416666666666666,,,,,,,
base,NS_minus_NP,0.006944444444444442,-0.008333333333333333,0.02361111111111111,0.4402,9999,454,1362,1355,60,234,opening_heterogeneity|run=base|outcome=flip|comparison=directive_reconsideration_minus_stance_disagreement|quantity=NS_minus_NP,directive_reconsideration_minus_stance_disagreement,flip,,,,NS − NP,,,,,,,,,,,,,,,,,,,,0.01736111111111111,0.010416666666666666,,,,,,,
base,RP_minus_NP,0.005555555555555554,-0.015277777777777776,0.02638888888888889,0.6514,9999,449,898,898,60,233,opening_heterogeneity|run=base|outcome=flip|comparison=directive_reconsideration_minus_stance_disagreement|quantity=RP_minus_NP,directive_reconsideration_minus_stance_disagreement,flip,,,,RP − NP,,,,,,,,,,,,,,,,,,,,0.00972222222222222,0.004166666666666667,,,,,,,
base,RS_minus_NS,-0.013888888888888888,-0.034027777777777775,0.002777777777777779,0.1352,9999,467,1868,1843,60,235,opening_heterogeneity|run=base|outcome=flip|comparison=directive_reconsideration_minus_stance_disagreement|quantity=RS_minus_NS,directive_reconsideration_minus_stance_disagreement,flip,,,,RS − NS,,,,,,,,,,,,,,,,,,,,-0.01597222222222222,-0.0020833333333333333,,,,,,,
base,RS_minus_RP,-0.0020833333333333337,-0.01875,0.015277777777777777,0.7798,9999,460,1380,1371,60,233,opening_heterogeneity|run=base|outcome=flip|comparison=directive_reconsideration_minus_stance_disagreement|quantity=RS_minus_RP,directive_reconsideration_minus_stance_disagreement,flip,,,,RS − RP,,,,,,,,,,,,,,,,,,,,-0.0006944444444444448,0.001388888888888889,,,,,,,
base,interaction,-0.011805555555555555,-0.027083333333333334,0.0013888888888888874,0.0902,9999,445,2670,2656,60,231,opening_heterogeneity|run=base|outcome=flip|comparison=directive_reconsideration_minus_stance_disagreement|quantity=interaction,directive_reconsideration_minus_stance_disagreement,flip,,,,(RS − RP) − (NS − NP),,,,,,,,,,,,,,,,,,,,-0.018055555555555554,-0.0062499999999999995,,,,,,,
base,NP,0.9605263157894737,0.9157079720373732,0.9907407407407407,0.0002,9999,426,426,426,57,149,robustness_common_semantic_choice_subset|run=base|comparison=estimate|outcome=flip|kind=cell|quantity=NP,estimate,flip,cell,149,"base,ab_bfirst,minimal_ab",,,,,,,,,,,,,,,,,,,,,,,,,,,,,
base,NS,0.9844054580896686,0.9707004365690807,0.9957627118644068,0.0002,9999,446,892,872,57,149,robustness_common_semantic_choice_subset|run=base|comparison=estimate|outcome=flip|kind=cell|quantity=NS,estimate,flip,cell,149,"base,ab_bfirst,minimal_ab",,,,,,,,,,,,,,,,,,,,,,,,,,,,,
base,RP,0.9647983595352017,0.9234654509952129,0.9927579365079365,0.0002,9999,441,441,441,57,149,robustness_common_semantic_choice_subset|run=base|comparison=estimate|outcome=flip|kind=cell|quantity=RP,estimate,flip,cell,149,"base,ab_bfirst,minimal_ab",,,,,,,,,,,,,,,,,,,,,,,,,,,,,
base,RS,0.9739278752436646,0.9477401129943503,0.9941550925925926,0.0002,9999,445,890,875,57,149,robustness_common_semantic_choice_subset|run=base|comparison=estimate|outcome=flip|kind=cell|quantity=RS,estimate,flip,cell,149,"base,ab_bfirst,minimal_ab",,,,,,,,,,,,,,,,,,,,,,,,,,,,,
base,NS_minus_NP,0.022417153996101367,-0.002976190476190476,0.06481481481481483,0.1548,9999,425,1275,1264,57,149,robustness_common_semantic_choice_subset|run=base|comparison=estimate|outcome=flip|kind=contrast|quantity=NS_minus_NP,estimate,flip,contrast,149,"base,ab_bfirst,minimal_ab",NS − NP,,,,,,,,,,,,,,,,,,,,,,,,,,,,
base,RP_minus_NP,0.00591757170704539,-0.045194190356619736,0.056565303405601466,0.7936,9999,422,844,844,57,149,robustness_common_semantic_choice_subset|run=base|comparison=estimate|outcome=flip|kind=contrast|quantity=RP_minus_NP,estimate,flip,contrast,149,"base,ab_bfirst,minimal_ab",RP − NP,,,,,,,,,,,,,,,,,,,,,,,,,,,,
base,RS_minus_NS,-0.012670565302144247,-0.036726674265701906,0.006027253668763102,0.2414,9999,444,1776,1742,57,149,robustness_common_semantic_choice_subset|run=base|comparison=estimate|outcome=flip|kind=contrast|quantity=RS_minus_NS,estimate,flip,contrast,149,"base,ab_bfirst,minimal_ab",RS − NS,,,,,,,,,,,,,,,,,,,,,,,,,,,,
base,RS_minus_RP,0.005116959064327486,-0.013157894736842105,0.028017241379310345,0.6574,9999,439,1317,1305,57,149,robustness_common_semantic_choice_subset|run=base|comparison=estimate|outcome=flip|kind=contrast|quantity=RS_minus_RP,estimate,flip,contrast,149,"base,ab_bfirst,minimal_ab",RS − RP,,,,,,,,,,,,,,,,,,,,,,,,,,,,
base,interaction,-0.007465000886053518,-0.055381400208986416,0.03468905153227187,0.7718,9999,419,2514,2496,57,148,robustness_common_semantic_choice_subset|run=base|comparison=estimate|outcome=flip|kind=contrast|quantity=interaction,estimate,flip,contrast,149,"base,ab_bfirst,minimal_ab",(RS − RP) − (NS − NP),,,,,,,,,,,,,,,,,,,,,,,,,,,,
base,NP,0.9638973063973064,0.9383661616161616,0.984682239057239,0.0002,9999,688,688,688,60,237,robustness_contrasts|run=base|sample=full_valid|stratum=all|outcome=flip|kind=cell|quantity=NP,,flip,cell,,,,full_valid,all,,,,,,,,,,,,,,,,,,,,,,,,,,
base,NS,0.9822601010101011,0.9693181818181817,0.9930555555555556,0.0002,9999,708,1416,1392,60,237,robustness_contrasts|run=base|sample=full_valid|stratum=all|outcome=flip|kind=cell|quantity=NS,,flip,cell,,,,full_valid,all,,,,,,,,,,,,,,,,,,,,,,,,,,
base,RP,0.9740909090909091,0.9544166666666666,0.9898989898989898,0.0002,9999,698,698,698,60,236,robustness_contrasts|run=base|sample=full_valid|stratum=all|outcome=flip|kind=cell|quantity=RP,,flip,cell,,,,full_valid,all,,,,,,,,,,,,,,,,,,,,,,,,,,
base,RS,0.9781734006734006,0.960727904040404,0.9920833333333333,0.0002,9999,703,1406,1387,60,236,robustness_contrasts|run=base|sample=full_valid|stratum=all|outcome=flip|kind=cell|quantity=RS,,flip,cell,,,,full_valid,all,,,,,,,,,,,,,,,,,,,,,,,,,,
base,NS_minus_NP,0.013745791245791245,0.0018518518518518517,0.028114478114478113,0.0132,9999,685,2055,2041,60,237,robustness_contrasts|run=base|sample=full_valid|stratum=all|outcome=flip|kind=contrast|quantity=NS_minus_NP,,flip,contrast,,,NS − NP,full_valid,all,,,,,,,,,,,,,,,,,,,,,,,,,,
base,RP_minus_NP,0.007348484848484848,-0.007004629629629624,0.022356902356902353,0.3268,9999,678,1356,1356,60,236,robustness_contrasts|run=base|sample=full_valid|stratum=all|outcome=flip|kind=contrast|quantity=RP_minus_NP,,flip,contrast,,,RP − NP,full_valid,all,,,,,,,,,,,,,,,,,,,,,,,,,,
base,RS_minus_NS,-0.009617003367003366,-0.024558080808080807,0.0019570707070707067,0.1116,9999,702,2808,2767,60,236,robustness_contrasts|run=base|sample=full_valid|stratum=all|outcome=flip|kind=contrast|quantity=RS_minus_NS,,flip,contrast,,,RS − NS,full_valid,all,,,,,,,,,,,,,,,,,,,,,,,,,,
base,RS_minus_RP,-0.0004629629629629627,-0.00925925925925926,0.008333333333333333,0.9726,9999,694,2082,2067,60,236,robustness_contrasts|run=base|sample=full_valid|stratum=all|outcome=flip|kind=contrast|quantity=RS_minus_RP,,flip,contrast,,,RS − RP,full_valid,all,,,,,,,,,,,,,,,,,,,,,,,,,,
base,interaction,-0.011115319865319865,-0.02803472222222222,0.002920875420875421,0.1392,9999,673,4038,4015,60,235,robustness_contrasts|run=base|sample=full_valid|stratum=all|outcome=flip|kind=contrast|quantity=interaction,,flip,contrast,,,(RS − RP) − (NS − NP),full_valid,all,,,,,,,,,,,,,,,,,,,,,,,,,,
base,NS_minus_NP,-0.0027777777777777775,-0.008333333333333333,0.0,0.7092,9999,355,1065,1063,60,120,robustness_contrasts|run=base|sample=full_valid|stratum=o1|outcome=flip|kind=contrast|quantity=NS_minus_NP,,flip,contrast,,,NS − NP,full_valid,o1,,,,,,,,,,,,,,,,,,,,,,,,,,
base,RP_minus_NP,0.004166666666666667,0.0,0.0125,0.7184,9999,354,708,708,60,120,robustness_contrasts|run=base|sample=full_valid|stratum=o1|outcome=flip|kind=contrast|quantity=RP_minus_NP,,flip,contrast,,,RP − NP,full_valid,o1,,,,,,,,,,,,,,,,,,,,,,,,,,
base,RS_minus_NS,0.004166666666666667,-0.0027777777777777775,0.013888888888888888,0.4156,9999,360,1440,1434,60,120,robustness_contrasts|run=base|sample=full_valid|stratum=o1|outcome=flip|kind=contrast|quantity=RS_minus_NS,,flip,contrast,,,RS − NS,full_valid,o1,,,,,,,,,,,,,,,,,,,,,,,,,,
base,RS_minus_RP,-0.0013888888888888887,-0.004166666666666667,0.0,0.729,9999,359,1077,1076,60,120,robustness_contrasts|run=base|sample=full_valid|stratum=o1|outcome=flip|kind=contrast|quantity=RS_minus_RP,,flip,contrast,,,RS − RP,full_valid,o1,,,,,,,,,,,,,,,,,,,,,,,,,,
base,interaction,0.0013888888888888887,-0.004166666666666667,0.008333333333333333,0.9136,9999,354,2124,2121,60,120,robustness_contrasts|run=base|sample=full_valid|stratum=o1|outcome=flip|kind=contrast|quantity=interaction,,flip,contrast,,,(RS − RP) − (NS − NP),full_valid,o1,,,,,,,,,,,,,,,,,,,,,,,,,,
base,NS_minus_NP,0.032499999999999994,0.008888888888888889,0.061124999999999804,0.0026,9999,330,990,978,60,117,robustness_contrasts|run=base|sample=full_valid|stratum=o2|outcome=flip|kind=contrast|quantity=NS_minus_NP,,flip,contrast,,,NS − NP,full_valid,o2,,,,,,,,,,,,,,,,,,,,,,,,,,
base,RP_minus_NP,0.00861111111111111,-0.02583333333333333,0.041666666666666664,0.6156,9999,324,648,648,60,116,robustness_contrasts|run=base|sample=full_valid|stratum=o2|outcome=flip|kind=contrast|quantity=RP_minus_NP,,flip,contrast,,,RP − NP,full_valid,o2,,,,,,,,,,,,,,,,,,,,,,,,,,
base,RS_minus_NS,-0.025555555555555554,-0.05555555555555556,-0.0033333333333333335,0.0186,9999,342,1368,1333,60,116,robustness_contrasts|run=base|sample=full_valid|stratum=o2|outcome=flip|kind=contrast|quantity=RS_minus_NS,,flip,contrast,,,RS − NS,full_valid,o2,,,,,,,,,,,,,,,,,,,,,,,,,,
base,RS_minus_RP,0.002777777777777778,-0.01944444444444444,0.02777777777777778,0.8372,9999,335,1005,991,60,116,robustness_contrasts|run=base|sample=full_valid|stratum=o2|outcome=flip|kind=contrast|quantity=RS_minus_RP,,flip,contrast,,,RS − RP,full_valid,o2,,,,,,,,,,,,,,,,,,,,,,,,,,
base,interaction,-0.02722222222222222,-0.06499999999999999,0.004180555555555353,0.1026,9999,319,1914,1894,60,115,robustness_contrasts|run=base|sample=full_valid|stratum=o2|outcome=flip|kind=contrast|quantity=interaction,,flip,contrast,,,(RS − RP) − (NS − NP),full_valid,o2,,,,,,,,,,,,,,,,,,,,,,,,,,
base,NS_minus_NP,-0.03527777777777777,-0.06444444444444444,-0.011638888888889292,0.0012,9999,685,2055,2041,60,237,robustness_contrasts|run=base|sample=full_valid|stratum=o1_minus_o2|outcome=flip|kind=order_difference|quantity=NS_minus_NP,,flip,order_difference,,,NS − NP,full_valid,o1_minus_o2,,,,,,,,,,,,,,,,,,,,,,,,,,
base,RP_minus_NP,-0.004444444444444443,-0.03888888888888888,0.03111111111111112,0.798,9999,678,1356,1356,60,236,robustness_contrasts|run=base|sample=full_valid|stratum=o1_minus_o2|outcome=flip|kind=order_difference|quantity=RP_minus_NP,,flip,order_difference,,,RP − NP,full_valid,o1_minus_o2,,,,,,,,,,,,,,,,,,,,,,,,,,
base,RS_minus_NS,0.02972222222222222,0.006111111111111111,0.06027777777777778,0.0086,9999,702,2808,2767,60,236,robustness_contrasts|run=base|sample=full_valid|stratum=o1_minus_o2|outcome=flip|kind=order_difference|quantity=RS_minus_NS,,flip,order_difference,,,RS − NS,full_valid,o1_minus_o2,,,,,,,,,,,,,,,,,,,,,,,,,,
base,RS_minus_RP,-0.004166666666666667,-0.029166666666666667,0.018055555555555554,0.7172,9999,694,2082,2067,60,236,robustness_contrasts|run=base|sample=full_valid|stratum=o1_minus_o2|outcome=flip|kind=order_difference|quantity=RS_minus_RP,,flip,order_difference,,,RS − RP,full_valid,o1_minus_o2,,,,,,,,,,,,,,,,,,,,,,,,,,
base,interaction,0.028611111111111108,-0.0030555555555555557,0.06694444444444445,0.0872,9999,673,4038,4015,60,235,robustness_contrasts|run=base|sample=full_valid|stratum=o1_minus_o2|outcome=flip|kind=order_difference|quantity=interaction,,flip,order_difference,,,(RS − RP) − (NS − NP),full_valid,o1_minus_o2,,,,,,,,,,,,,,,,,,,,,,,,,,
base,NS_minus_NP,0.007313031655136918,-0.0036576527606427913,0.0196107524541478,0.1968,9999,679,1358,1358,60,234,contrasts_by_marker_family|run=base|outcome=flip|marker_family=inference_basis|quantity=NS_minus_NP,,flip,,,,NS − NP,,,,,,,,,inference_basis,,,,,,,unweighted mean of six marker estimates,,,,,,,,,,,,
base,RS_minus_NS,0.002795584045584046,-0.005852052102052102,0.012415550517684656,0.5756,9999,688,1376,1376,60,236,contrasts_by_marker_family|run=base|outcome=flip|marker_family=inference_basis|quantity=RS_minus_NS,,flip,,,,RS − NS,,,,,,,,,inference_basis,,,,,,,unweighted mean of six marker estimates,,,,,,,,,,,,
base,RS_minus_RP,0.007873181886339781,0.0007274623524623527,0.017159694575389295,0.0258,9999,690,1380,1380,60,236,contrasts_by_marker_family|run=base|outcome=flip|marker_family=inference_basis|quantity=RS_minus_RP,,flip,,,,RS − RP,,,,,,,,,inference_basis,,,,,,,unweighted mean of six marker estimates,,,,,,,,,,,,
base,interaction,0.005698005698005698,-0.009870221583210803,0.022270841811176105,0.469,9999,666,2664,2664,60,232,contrasts_by_marker_family|run=base|outcome=flip|marker_family=inference_basis|quantity=interaction,,flip,,,,(RS − RP) − (NS − NP),,,,,,,,,inference_basis,,,,,,,unweighted mean of six marker estimates,,,,,,,,,,,,
base,NS_minus_NP,0.008547008547008548,-0.04878048780487805,0.075,0.9446,9999,113,226,226,39,39,contrasts_by_individual_marker|run=base|outcome=flip|marker_id=m07_this_implies_that|quantity=NS_minus_NP,,flip,,,,NS − NP,,,,,,,m07_this_implies_that,,inference_basis,,,,,,,,explicit_inference,this implies that,,,,,,,,,,
base,RS_minus_NS,0.020833333333333332,-0.017094017094017092,0.06910569105691056,0.423,9999,114,228,228,40,40,contrasts_by_individual_marker|run=base|outcome=flip|marker_id=m07_this_implies_that|quantity=RS_minus_NS,,flip,,,,RS − NS,,,,,,,m07_this_implies_that,,inference_basis,,,,,,,,explicit_inference,this implies that,,,,,,,,,,
base,RS_minus_RP,-0.008333333333333333,-0.02702702702702703,0.0,0.7044,9999,118,236,236,40,40,contrasts_by_individual_marker|run=base|outcome=flip|marker_id=m07_this_implies_that|quantity=RS_minus_RP,,flip,,,,RS − RP,,,,,,,m07_this_implies_that,,inference_basis,,,,,,,,explicit_inference,this implies that,,,,,,,,,,
base,interaction,-0.008547008547008548,-0.075,0.04878048780487805,0.9446,9999,111,444,444,39,39,contrasts_by_individual_marker|run=base|outcome=flip|marker_id=m07_this_implies_that|quantity=interaction,,flip,,,,(RS − RP) − (NS − NP),,,,,,,m07_this_implies_that,,inference_basis,,,,,,,,explicit_inference,this implies that,,,,,,,,,,
base,NS_minus_NP,0.01282051282051282,0.0,0.04059684684684603,0.7248,9999,114,228,228,39,40,contrasts_by_individual_marker|run=base|outcome=flip|marker_id=m08_it_follows_that|quantity=NS_minus_NP,,flip,,,,NS − NP,,,,,,,m08_it_follows_that,,inference_basis,,,,,,,,explicit_inference,it follows that,,,,,,,,,,
base,RS_minus_NS,0.004273504273504274,-0.024390243902439025,0.0375,0.9274,9999,117,234,234,39,40,contrasts_by_individual_marker|run=base|outcome=flip|marker_id=m08_it_follows_that|quantity=RS_minus_NS,,flip,,,,RS − NS,,,,,,,m08_it_follows_that,,inference_basis,,,,,,,,explicit_inference,it follows that,,,,,,,,,,
base,RS_minus_RP,0.029914529914529912,0.0,0.075,0.233,9999,117,234,234,39,40,contrasts_by_individual_marker|run=base|outcome=flip|marker_id=m08_it_follows_that|quantity=RS_minus_RP,,flip,,,,RS − RP,,,,,,,m08_it_follows_that,,inference_basis,,,,,,,,explicit_inference,it follows that,,,,,,,,,,
base,interaction,0.038461538461538464,-0.02564102564102564,0.11842105263157894,0.3866,9999,114,456,456,39,40,contrasts_by_individual_marker|run=base|outcome=flip|marker_id=m08_it_follows_that|quantity=interaction,,flip,,,,(RS − RP) − (NS − NP),,,,,,,m08_it_follows_that,,inference_basis,,,,,,,,explicit_inference,it follows that,,,,,,,,,,
base,NS_minus_NP,0.008333333333333333,0.0,0.027777777777777776,0.7218,9999,119,238,238,40,41,contrasts_by_individual_marker|run=base|outcome=flip|marker_id=m09_on_that_basis|quantity=NS_minus_NP,,flip,,,,NS − NP,,,,,,,m09_on_that_basis,,inference_basis,,,,,,,,anaphoric_basis,on that basis,,,,,,,,,,
base,RS_minus_NS,-0.008333333333333333,-0.02702702702702703,0.0,0.7044,9999,119,238,238,40,41,contrasts_by_individual_marker|run=base|outcome=flip|marker_id=m09_on_that_basis|quantity=RS_minus_NS,,flip,,,,RS − NS,,,,,,,m09_on_that_basis,,inference_basis,,,,,,,,anaphoric_basis,on that basis,,,,,,,,,,
base,RS_minus_RP,0.0125,0.0,0.04054054054054054,0.7044,9999,117,234,234,40,41,contrasts_by_individual_marker|run=base|outcome=flip|marker_id=m09_on_that_basis|quantity=RS_minus_RP,,flip,,,,RS − RP,,,,,,,m09_on_that_basis,,inference_basis,,,,,,,,anaphoric_basis,on that basis,,,,,,,,,,
base,interaction,0.004273504273504274,-0.023809523809523808,0.0375,0.9426,9999,114,456,456,39,40,contrasts_by_individual_marker|run=base|outcome=flip|marker_id=m09_on_that_basis|quantity=interaction,,flip,,,,(RS − RP) − (NS − NP),,,,,,,m09_on_that_basis,,inference_basis,,,,,,,,anaphoric_basis,on that basis,,,,,,,,,,
base,NS_minus_NP,0.0,0.0,0.0,1.0,9999,111,222,222,37,37,contrasts_by_individual_marker|run=base|outcome=flip|marker_id=m10_based_on_this|quantity=NS_minus_NP,,flip,,,,NS − NP,,,,,,,m10_based_on_this,,inference_basis,,,,,,,,anaphoric_basis,based on this,,,,,,,,,,
base,RS_minus_NS,0.0,0.0,0.0,1.0,9999,111,222,222,38,38,contrasts_by_individual_marker|run=base|outcome=flip|marker_id=m10_based_on_this|quantity=RS_minus_NS,,flip,,,,RS − NS,,,,,,,m10_based_on_this,,inference_basis,,,,,,,,anaphoric_basis,based on this,,,,,,,,,,
base,RS_minus_RP,0.0,0.0,0.0,1.0,9999,112,224,224,38,38,contrasts_by_individual_marker|run=base|outcome=flip|marker_id=m10_based_on_this|quantity=RS_minus_RP,,flip,,,,RS − RP,,,,,,,m10_based_on_this,,inference_basis,,,,,,,,anaphoric_basis,based on this,,,,,,,,,,
base,interaction,0.0,0.0,0.0,1.0,9999,110,440,440,37,37,contrasts_by_individual_marker|run=base|outcome=flip|marker_id=m10_based_on_this|quantity=interaction,,flip,,,,(RS − RP) − (NS − NP),,,,,,,m10_based_on_this,,inference_basis,,,,,,,,anaphoric_basis,based on this,,,,,,,,,,
base,NS_minus_NP,0.005405405405405406,0.0,0.017647058823529415,0.6996,9999,108,216,216,37,39,contrasts_by_individual_marker|run=base|outcome=flip|marker_id=m11_given_this|quantity=NS_minus_NP,,flip,,,,NS − NP,,,,,,,m11_given_this,,inference_basis,,,,,,,,anaphoric_basis,given this,,,,,,,,,,
base,RS_minus_NS,0.0,0.0,0.0,1.0,9999,111,222,222,37,38,contrasts_by_individual_marker|run=base|outcome=flip|marker_id=m11_given_this|quantity=RS_minus_NS,,flip,,,,RS − NS,,,,,,,m11_given_this,,inference_basis,,,,,,,,anaphoric_basis,given this,,,,,,,,,,
base,RS_minus_RP,0.0,0.0,0.0,1.0,9999,111,222,222,37,38,contrasts_by_individual_marker|run=base|outcome=flip|marker_id=m11_given_this|quantity=RS_minus_RP,,flip,,,,RS − RP,,,,,,,m11_given_this,,inference_basis,,,,,,,,anaphoric_basis,given this,,,,,,,,,,
base,interaction,0.0,0.0,0.0,1.0,9999,105,420,420,37,38,contrasts_by_individual_marker|run=base|outcome=flip|marker_id=m11_given_this|quantity=interaction,,flip,,,,(RS − RP) − (NS − NP),,,,,,,m11_given_this,,inference_basis,,,,,,,,anaphoric_basis,given this,,,,,,,,,,
base,NS_minus_NP,0.008771929824561403,0.0,0.02857142857142857,0.7264,9999,114,228,228,38,38,contrasts_by_individual_marker|run=base|outcome=flip|marker_id=m12_in_view_of_this|quantity=NS_minus_NP,,flip,,,,NS − NP,,,,,,,m12_in_view_of_this,,inference_basis,,,,,,,,anaphoric_basis,in view of this,,,,,,,,,,
base,RS_minus_NS,0.0,0.0,0.0,1.0,9999,116,232,232,38,39,contrasts_by_individual_marker|run=base|outcome=flip|marker_id=m12_in_view_of_this|quantity=RS_minus_NS,,flip,,,,RS − NS,,,,,,,m12_in_view_of_this,,inference_basis,,,,,,,,anaphoric_basis,in view of this,,,,,,,,,,
base,RS_minus_RP,0.013157894736842105,0.0,0.04285714285714286,0.7264,9999,115,230,230,38,39,contrasts_by_individual_marker|run=base|outcome=flip|marker_id=m12_in_view_of_this|quantity=RS_minus_RP,,flip,,,,RS − RP,,,,,,,m12_in_view_of_this,,inference_basis,,,,,,,,anaphoric_basis,in view of this,,,,,,,,,,
base,interaction,0.0,0.0,0.0,1.0,9999,112,448,448,38,38,contrasts_by_individual_marker|run=base|outcome=flip|marker_id=m12_in_view_of_this|quantity=interaction,,flip,,,,(RS − RP) − (NS − NP),,,,,,,m12_in_view_of_this,,inference_basis,,,,,,,,anaphoric_basis,in view of this,,,,,,,,,,
base,interaction,-0.011115319865319865,-0.02803472222222222,0.002920875420875421,0.1392,9999,673,4038,4015,60,235,core_contrasts_flip|run=base|outcome=flip|quantity=interaction,,flip,,,,(RS − RP) − (NS − NP),,,,,,,,,,interaction_reported_separately,,,,,,,,,,,,,,,,,,
base,interaction,-0.0005298520923520926,-0.01434644768923353,0.012709754645915502,0.9796,9999,485,2910,2897,56,169,near_tie_sensitivity|run=base|outcome=flip|quantity=interaction,,flip,,,,(RS − RP) − (NS − NP),,,,,,,,,,,,-0.011115319865319865,sensitivity (|m_before| >= tau); full sample primary,,,,,,,,,,,,,,,
base,NS_minus_NP,-0.03527777777777777,-0.06444444444444444,-0.011638888888889292,0.0012,9999,685,2055,2041,60,237,order_heterogeneity|run=base|outcome=flip|comparison=o1_minus_o2|quantity=NS_minus_NP,o1_minus_o2,flip,,,,NS − NP,,,,,,,,,,,,,,,,,,,,-0.0027777777777777775,0.032499999999999994,False,False,,,,,
base,RP_minus_NP,-0.004444444444444443,-0.03888888888888888,0.03111111111111112,0.798,9999,678,1356,1356,60,236,order_heterogeneity|run=base|outcome=flip|comparison=o1_minus_o2|quantity=RP_minus_NP,o1_minus_o2,flip,,,,RP − NP,,,,,,,,,,,,,,,,,,,,0.004166666666666667,0.00861111111111111,True,False,,,,,
base,RS_minus_NS,0.02972222222222222,0.006111111111111111,0.06027777777777778,0.0086,9999,702,2808,2767,60,236,order_heterogeneity|run=base|outcome=flip|comparison=o1_minus_o2|quantity=RS_minus_NS,o1_minus_o2,flip,,,,RS − NS,,,,,,,,,,,,,,,,,,,,0.004166666666666667,-0.025555555555555554,False,False,,,,,
base,RS_minus_RP,-0.004166666666666667,-0.029166666666666667,0.018055555555555554,0.7172,9999,694,2082,2067,60,236,order_heterogeneity|run=base|outcome=flip|comparison=o1_minus_o2|quantity=RS_minus_RP,o1_minus_o2,flip,,,,RS − RP,,,,,,,,,,,,,,,,,,,,-0.0013888888888888887,0.002777777777777778,False,False,,,,,
base,interaction,0.028611111111111108,-0.0030555555555555557,0.06694444444444445,0.0872,9999,673,4038,4015,60,235,order_heterogeneity|run=base|outcome=flip|comparison=o1_minus_o2|quantity=interaction,o1_minus_o2,flip,,,,(RS − RP) − (NS − NP),,,,,,,,,,,,,,,,,,,,0.0013888888888888887,-0.02722222222222222,False,False,,,,,
base,NS_minus_NP,0.0020833333333333346,-0.010416666666666666,0.014583333333333334,0.9026,9999,462,1386,1378,60,236,opening_heterogeneity|run=base|outcome=flip|comparison=stance_alternative_minus_stance_disagreement|quantity=NS_minus_NP,stance_alternative_minus_stance_disagreement,flip,,,,NS − NP,,,,,,,,,,,,,,,,,,,,0.0125,0.010416666666666666,,,,,,,
base,RP_minus_NP,0.0027777777777777783,-0.0125,0.01666666666666667,0.8042,9999,456,912,912,60,236,opening_heterogeneity|run=base|outcome=flip|comparison=stance_alternative_minus_stance_disagreement|quantity=RP_minus_NP,stance_alternative_minus_stance_disagreement,flip,,,,RP − NP,,,,,,,,,,,,,,,,,,,,0.006944444444444445,0.004166666666666667,,,,,,,
base,RS_minus_NS,-0.00972222222222222,-0.025,0.0020833333333333333,0.1626,9999,470,1880,1860,60,236,opening_heterogeneity|run=base|outcome=flip|comparison=stance_alternative_minus_stance_disagreement|quantity=RS_minus_NS,stance_alternative_minus_stance_disagreement,flip,,,,RS − NS,,,,,,,,,,,,,,,,,,,,-0.011805555555555554,-0.0020833333333333333,,,,,,,
base,RS_minus_RP,-0.004861111111111111,-0.022916666666666665,0.011805555555555555,0.6276,9999,464,1392,1386,60,236,opening_heterogeneity|run=base|outcome=flip|comparison=stance_alternative_minus_stance_disagreement|quantity=RS_minus_RP,stance_alternative_minus_stance_disagreement,flip,,,,RS − RP,,,,,,,,,,,,,,,,,,,,-0.003472222222222222,0.001388888888888889,,,,,,,
base,interaction,-0.004166666666666667,-0.02291666666666667,0.014583333333333334,0.662,9999,454,2724,2714,60,235,opening_heterogeneity|run=base|outcome=flip|comparison=stance_alternative_minus_stance_disagreement|quantity=interaction,stance_alternative_minus_stance_disagreement,flip,,,,(RS − RP) − (NS − NP),,,,,,,,,,,,,,,,,,,,-0.010416666666666666,-0.0062499999999999995,,,,,,,
base,NS_minus_NP,0.12342303240740742,0.10138816550925928,0.1469668692129629,0.0002,9999,711,2133,0,60,237,core_contrasts_movement|run=base|outcome=movement|quantity=NS_minus_NP,,movement,,,,NS − NP,,,,,,,,,,planned|movement|base,0.0008,,,,,,,,,,,,,,,,,
base,NS_minus_NP,0.11441282242063493,0.08658733603395062,0.14226787551440326,0.0002,9999,510,1530,0,56,170,near_tie_sensitivity|run=base|outcome=movement|quantity=NS_minus_NP,,movement,,,,NS − NP,,,,,,,,,,,,0.12342303240740742,sensitivity (|m_before| >= tau); full sample primary,,,,,,,,,,,,,,,
base,RP_minus_NP,0.27285879629629634,0.23793402777777775,0.3083347800925926,0.0002,9999,711,1422,0,60,237,core_contrasts_movement|run=base|outcome=movement|quantity=RP_minus_NP,,movement,,,,RP − NP,,,,,,,,,,planned|movement|base,0.0008,,,,,,,,,,,,,,,,,
base,RP_minus_NP,0.3195374503968254,0.27761288231880804,0.36230901708743846,0.0002,9999,510,1020,0,56,170,near_tie_sensitivity|run=base|outcome=movement|quantity=RP_minus_NP,,movement,,,,RP − NP,,,,,,,,,,,,0.27285879629629634,sensitivity (|m_before| >= tau); full sample primary,,,,,,,,,,,,,,,
base,RS_minus_NS,0.13684895833333333,0.1047106481481482,0.169603587962963,0.0002,9999,711,2844,0,60,237,core_contrasts_movement|run=base|outcome=movement|quantity=RS_minus_NS,,movement,,,,RS − NS,,,,,,,,,,planned|movement|base,0.0008,,,,,,,,,,,,,,,,,
base,RS_minus_NS,0.18173363095238096,0.13951705322933772,0.22432459186159845,0.0002,9999,510,2040,0,56,170,near_tie_sensitivity|run=base|outcome=movement|quantity=RS_minus_NS,,movement,,,,RS − NS,,,,,,,,,,,,0.13684895833333333,sensitivity (|m_before| >= tau); full sample primary,,,,,,,,,,,,,,,
base,RS_minus_RP,-0.012586805555555554,-0.02565104166666667,0.0004361979166666355,0.059,9999,711,2133,0,60,237,core_contrasts_movement|run=base|outcome=movement|quantity=RS_minus_RP,,movement,,,,RS − RP,,,,,,,,,,planned|movement|base,0.059,,,,,,,,,,,,,,,,,
base,RS_minus_RP,-0.023390997023809527,-0.041578201192964126,-0.005694970538720546,0.007,9999,510,1530,0,56,170,near_tie_sensitivity|run=base|outcome=movement|quantity=RS_minus_RP,,movement,,,,RS − RP,,,,,,,,,,,,-0.012586805555555554,sensitivity (|m_before| >= tau); full sample primary,,,,,,,,,,,,,,,
base,NP,1.323813657407407,1.245745081018518,1.4049797453703705,0.0002,9999,711,711,0,60,237,contrasts_by_model|run=base|outcome=movement|kind=cell|quantity=NP,,movement,cell,,,,,,,,,,,,,,,,,,,,,,,,,,,,,,,
base,NP,1.3220775462962961,1.2416883680555557,1.4061385995370368,0.0002,9999,681,681,0,60,227,model_common_subset|run=base|outcome=movement|kind=cell|quantity=NP,,movement,cell,,,,,,,,,,,,,,,,,,,,,,,,,,,,,,,
base,NS,1.447236689814815,1.3726540798611113,1.5261299189814819,0.0002,9999,711,1422,0,60,237,contrasts_by_model|run=base|outcome=movement|kind=cell|quantity=NS,,movement,cell,,,,,,,,,,,,,,,,,,,,,,,,,,,,,,,
base,NS,1.4400607638888887,1.36199291087963,1.5214098668981486,0.0002,9999,681,1362,0,60,227,model_common_subset|run=base|outcome=movement|kind=cell|quantity=NS,,movement,cell,,,,,,,,,,,,,,,,,,,,,,,,,,,,,,,
base,RP,1.5966724537037036,1.5129904513888888,1.684700520833333,0.0002,9999,711,711,0,60,237,contrasts_by_model|run=base|outcome=movement|kind=cell|quantity=RP,,movement,cell,,,,,,,,,,,,,,,,,,,,,,,,,,,,,,,
base,RP,1.597974537037037,1.5089105902777775,1.6897323495370369,0.0002,9999,681,681,0,60,227,model_common_subset|run=base|outcome=movement|kind=cell|quantity=RP,,movement,cell,,,,,,,,,,,,,,,,,,,,,,,,,,,,,,,
base,RS,1.584085648148148,1.5006278935185187,1.6706561053240734,0.0002,9999,711,1422,0,60,237,contrasts_by_model|run=base|outcome=movement|kind=cell|quantity=RS,,movement,cell,,,,,,,,,,,,,,,,,,,,,,,,,,,,,,,
base,RS,1.5858651620370372,1.497883391203704,1.6760127314814814,0.0002,9999,681,1362,0,60,227,model_common_subset|run=base|outcome=movement|kind=cell|quantity=RS,,movement,cell,,,,,,,,,,,,,,,,,,,,,,,,,,,,,,,
base,NP,1.5268229166666667,1.4187500000000002,1.6450520833333333,0.0002,9999,240,240,0,20,80,contrasts_by_domain|run=base|domain=climate|outcome=movement|kind=cell|quantity=NP,,movement,cell,,,,,,,,,,,,,,,,,climate,,,,,,,,,,,,,,
base,NS,1.6356770833333332,1.528899739583333,1.7535156250000004,0.0002,9999,240,480,0,20,80,contrasts_by_domain|run=base|domain=climate|outcome=movement|kind=cell|quantity=NS,,movement,cell,,,,,,,,,,,,,,,,,climate,,,,,,,,,,,,,,
base,RP,1.8312500000000003,1.7231770833333335,1.9638020833333332,0.0002,9999,240,240,0,20,80,contrasts_by_domain|run=base|domain=climate|outcome=movement|kind=cell|quantity=RP,,movement,cell,,,,,,,,,,,,,,,,,climate,,,,,,,,,,,,,,
base,RS,1.7983072916666665,1.6881445312499999,1.9333333333333331,0.0002,9999,240,480,0,20,80,contrasts_by_domain|run=base|domain=climate|outcome=movement|kind=cell|quantity=RS,,movement,cell,,,,,,,,,,,,,,,,,climate,,,,,,,,,,,,,,
base,NP,1.0939236111111112,1.0219574652777776,1.167105034722222,0.0002,9999,237,237,0,60,237,contrasts_by_opening|run=base|opening_id=directive_reconsideration|outcome=movement|kind=cell|quantity=NP,,movement,cell,,,,,,,,,,,directive_reconsideration,,,,,,,,,,,,,,,,,,,,
base,NS,1.2904079861111113,1.2200520833333333,1.3640234375,0.0002,9999,237,474,0,60,237,contrasts_by_opening|run=base|opening_id=directive_reconsideration|outcome=movement|kind=cell|quantity=NS,,movement,cell,,,,,,,,,,,directive_reconsideration,,,,,,,,,,,,,,,,,,,,
base,RP,1.4341145833333333,1.3507682291666667,1.5234375,0.0002,9999,237,237,0,60,237,contrasts_by_opening|run=base|opening_id=directive_reconsideration|outcome=movement|kind=cell|quantity=RP,,movement,cell,,,,,,,,,,,directive_reconsideration,,,,,,,,,,,,,,,,,,,,
base,RS,1.4436631944444445,1.3624110243055554,1.5292122395833332,0.0002,9999,237,474,0,60,237,contrasts_by_opening|run=base|opening_id=directive_reconsideration|outcome=movement|kind=cell|quantity=RS,,movement,cell,,,,,,,,,,,directive_reconsideration,,,,,,,,,,,,,,,,,,,,
base,NP,1.4217881944444446,1.3052083333333333,1.5418402777777778,0.0002,9999,237,237,0,20,79,contrasts_by_domain|run=base|domain=energy|outcome=movement|kind=cell|quantity=NP,,movement,cell,,,,,,,,,,,,,,,,,energy,,,,,,,,,,,,,,
base,NS,1.5582465277777777,1.4473003472222223,1.675891927083333,0.0002,9999,237,474,0,20,79,contrasts_by_domain|run=base|domain=energy|outcome=movement|kind=cell|quantity=NS,,movement,cell,,,,,,,,,,,,,,,,,energy,,,,,,,,,,,,,,
base,RP,1.7166666666666668,1.5841145833333334,1.84609375,0.0002,9999,237,237,0,20,79,contrasts_by_domain|run=base|domain=energy|outcome=movement|kind=cell|quantity=RP,,movement,cell,,,,,,,,,,,,,,,,,energy,,,,,,,,,,,,,,
base,RS,1.7015625,1.582421875,1.8204427083333332,0.0002,9999,237,474,0,20,79,contrasts_by_domain|run=base|domain=energy|outcome=movement|kind=cell|quantity=RS,,movement,cell,,,,,,,,,,,,,,,,,energy,,,,,,,,,,,,,,
base,NP,1.5125,1.4234375000000001,1.6026128472222223,0.0002,9999,360,360,0,60,120,contrasts_by_option_order|run=base|order_id=o1|outcome=movement|kind=cell|quantity=NP,,movement,cell,,,,,,,,,,,,,,,,,,o1,,,,,,,,,,,,,
base,NS,1.6410590277777777,1.5529513888888888,1.730208333333333,0.0002,9999,360,720,0,60,120,contrasts_by_option_order|run=base|order_id=o1|outcome=movement|kind=cell|quantity=NS,,movement,cell,,,,,,,,,,,,,,,,,,o1,,,,,,,,,,,,,
base,RP,1.8578124999999999,1.756588541666667,1.959210069444445,0.0002,9999,360,360,0,60,120,contrasts_by_option_order|run=base|order_id=o1|outcome=movement|kind=cell|quantity=RP,,movement,cell,,,,,,,,,,,,,,,,,,o1,,,,,,,,,,,,,
base,RS,1.832465277777778,1.733754340277778,1.931948784722222,0.0002,9999,360,720,0,60,120,contrasts_by_option_order|run=base|order_id=o1|outcome=movement|kind=cell|quantity=RS,,movement,cell,,,,,,,,,,,,,,,,,,o1,,,,,,,,,,,,,
base,NP,1.1234375,0.998949652777778,1.25,0.0002,9999,351,351,0,60,117,contrasts_by_option_order|run=base|order_id=o2|outcome=movement|kind=cell|quantity=NP,,movement,cell,,,,,,,,,,,,,,,,,,o2,,,,,,,,,,,,,
base,NS,1.239236111111111,1.1220442708333334,1.3583376736111112,0.0002,9999,351,702,0,60,117,contrasts_by_option_order|run=base|order_id=o2|outcome=movement|kind=cell|quantity=NS,,movement,cell,,,,,,,,,,,,,,,,,,o2,,,,,,,,,,,,,
base,RP,1.318923611111111,1.1772569444444445,1.464409722222222,0.0002,9999,351,351,0,60,117,contrasts_by_option_order|run=base|order_id=o2|outcome=movement|kind=cell|quantity=RP,,movement,cell,,,,,,,,,,,,,,,,,,o2,,,,,,,,,,,,,
base,RS,1.319097222222222,1.1837630208333332,1.4552083333333334,0.0002,9999,351,702,0,60,117,contrasts_by_option_order|run=base|order_id=o2|outcome=movement|kind=cell|quantity=RS,,movement,cell,,,,,,,,,,,,,,,,,,o2,,,,,,,,,,,,,
base,NP,1.3750868055555554,1.2923611111111113,1.4602473958333333,0.0002,9999,237,237,0,60,237,contrasts_by_opening|run=base|opening_id=stance_alternative|outcome=movement|kind=cell|quantity=NP,,movement,cell,,,,,,,,,,,stance_alternative,,,,,,,,,,,,,,,,,,,,
base,NS,1.3934027777777775,1.3158789062500003,1.4741796874999997,0.0002,9999,237,474,0,60,237,contrasts_by_opening|run=base|opening_id=stance_alternative|outcome=movement|kind=cell|quantity=NS,,movement,cell,,,,,,,,,,,stance_alternative,,,,,,,,,,,,,,,,,,,,
base,RP,1.620746527777778,1.5344574652777778,1.7103298611111108,0.0002,9999,237,237,0,60,237,contrasts_by_opening|run=base|opening_id=stance_alternative|outcome=movement|kind=cell|quantity=RP,,movement,cell,,,,,,,,,,,stance_alternative,,,,,,,,,,,,,,,,,,,,
base,RS,1.5899305555555556,1.503472222222222,1.6798307291666665,0.0002,9999,237,474,0,60,237,contrasts_by_opening|run=base|opening_id=stance_alternative|outcome=movement|kind=cell|quantity=RS,,movement,cell,,,,,,,,,,,stance_alternative,,,,,,,,,,,,,,,,,,,,
base,NP,1.5024305555555557,1.4129296875,1.594097222222222,0.0002,9999,237,237,0,60,237,contrasts_by_opening|run=base|opening_id=stance_disagreement|outcome=movement|kind=cell|quantity=NP,,movement,cell,,,,,,,,,,,stance_disagreement,,,,,,,,,,,,,,,,,,,,
base,NS,1.6578993055555555,1.5752148437500002,1.7435351562499997,0.0002,9999,237,474,0,60,237,contrasts_by_opening|run=base|opening_id=stance_disagreement|outcome=movement|kind=cell|quantity=NS,,movement,cell,,,,,,,,,,,stance_disagreement,,,,,,,,,,,,,,,,,,,,
base,RP,1.73515625,1.6492057291666666,1.8248307291666663,0.0002,9999,237,237,0,60,237,contrasts_by_opening|run=base|opening_id=stance_disagreement|outcome=movement|kind=cell|quantity=RP,,movement,cell,,,,,,,,,,,stance_disagreement,,,,,,,,,,,,,,,,,,,,
base,RS,1.7186631944444446,1.6330251736111112,1.807250434027778,0.0002,9999,237,474,0,60,237,contrasts_by_opening|run=base|opening_id=stance_disagreement|outcome=movement|kind=cell|quantity=RS,,movement,cell,,,,,,,,,,,stance_disagreement,,,,,,,,,,,,,,,,,,,,
base,NP,1.022829861111111,0.8569270833333335,1.1927951388888887,0.0002,9999,234,234,0,20,78,contrasts_by_domain|run=base|domain=technology|outcome=movement|kind=cell|quantity=NP,,movement,cell,,,,,,,,,,,,,,,,,technology,,,,,,,,,,,,,,
base,NS,1.1477864583333335,0.9917534722222223,1.3076410590277776,0.0002,9999,234,468,0,20,78,contrasts_by_domain|run=base|domain=technology|outcome=movement|kind=cell|quantity=NS,,movement,cell,,,,,,,,,,,,,,,,,technology,,,,,,,,,,,,,,
base,RP,1.2421006944444444,1.064058159722222,1.4237022569444444,0.0002,9999,234,234,0,20,78,contrasts_by_domain|run=base|domain=technology|outcome=movement|kind=cell|quantity=RP,,movement,cell,,,,,,,,,,,,,,,,,technology,,,,,,,,,,,,,,
base,RS,1.2523871527777777,1.070217013888889,1.437892795138889,0.0002,9999,234,468,0,20,78,contrasts_by_domain|run=base|domain=technology|outcome=movement|kind=cell|quantity=RS,,movement,cell,,,,,,,,,,,,,,,,,technology,,,,,,,,,,,,,,
base,NS_minus_NP,0.11268873039706373,0.09225765841087614,0.13331003943741623,0.0002,9999,711,1422,0,60,237,contrasts_by_marker_family|run=base|outcome=movement|marker_family=conclusion_result|quantity=NS_minus_NP,,movement,,,,NS − NP,,,,,,,,,conclusion_result,,,,,,,unweighted mean of six marker estimates,,,,,,,,,,,,
base,RS_minus_NS,0.09517224556287056,0.06155918402468002,0.1285985538659499,0.0002,9999,711,1422,0,60,237,contrasts_by_marker_family|run=base|outcome=movement|marker_family=conclusion_result|quantity=RS_minus_NS,,movement,,,,RS − NS,,,,,,,,,conclusion_result,,,,,,,unweighted mean of six marker estimates,,,,,,,,,,,,
base,RS_minus_RP,-0.06521898501065167,-0.07826222238038764,-0.05144998210720223,0.0002,9999,711,1422,0,60,237,contrasts_by_marker_family|run=base|outcome=movement|marker_family=conclusion_result|quantity=RS_minus_RP,,movement,,,,RS − RP,,,,,,,,,conclusion_result,,,,,,,unweighted mean of six marker estimates,,,,,,,,,,,,
base,interaction,-0.1779077154077154,-0.20057246359466754,-0.155082337799379,0.0002,9999,711,2844,0,60,237,contrasts_by_marker_family|run=base|outcome=movement|marker_family=conclusion_result|quantity=interaction,,movement,,,,(RS − RP) − (NS − NP),,,,,,,,,conclusion_result,,,,,,,unweighted mean of six marker estimates,,,,,,,,,,,,
base,NS_minus_NP,0.19140625,0.14582031250000005,0.23837313122923587,0.0002,9999,126,252,0,40,42,contrasts_by_individual_marker|run=base|outcome=movement|marker_id=m01_therefore|quantity=NS_minus_NP,,movement,,,,NS − NP,,,,,,,m01_therefore,,conclusion_result,,,,,,,,conclusive_adverb,therefore,0.009600000000000001,,,,,,,,,
base,RS_minus_NS,0.14609375,0.06554324317281635,0.22997748778998756,0.0004,9999,126,252,0,40,42,contrasts_by_individual_marker|run=base|outcome=movement|marker_id=m01_therefore|quantity=RS_minus_NS,,movement,,,,RS − NS,,,,,,,m01_therefore,,conclusion_result,,,,,,,,conclusive_adverb,therefore,,,,,,,,,,
base,RS_minus_RP,0.010937499999999998,-0.02185086382113821,0.04583806818181811,0.5268,9999,126,252,0,40,42,contrasts_by_individual_marker|run=base|outcome=movement|marker_id=m01_therefore|quantity=RS_minus_RP,,movement,,,,RS − RP,,,,,,,m01_therefore,,conclusion_result,,,,,,,,conclusive_adverb,therefore,1.0,,,,,,,,,
base,interaction,-0.18046874999999998,-0.23627018540669859,-0.12500000000000006,0.0002,9999,126,504,0,40,42,contrasts_by_individual_marker|run=base|outcome=movement|marker_id=m01_therefore|quantity=interaction,,movement,,,,(RS − RP) − (NS − NP),,,,,,,m01_therefore,,conclusion_result,,,,,,,,conclusive_adverb,therefore,,,,,,,,,,
base,NS_minus_NP,0.1971354166666667,0.1519381585249042,0.2412792088963963,0.0002,9999,126,252,0,40,42,contrasts_by_individual_marker|run=base|outcome=movement|marker_id=m02_consequently|quantity=NS_minus_NP,,movement,,,,NS − NP,,,,,,,m02_consequently,,conclusion_result,,,,,,,,conclusive_adverb,consequently,0.009600000000000001,,,,,,,,,
base,RS_minus_NS,0.0625,-0.031531531531531536,0.15430104834401706,0.1918,9999,126,252,0,40,42,contrasts_by_individual_marker|run=base|outcome=movement|marker_id=m02_consequently|quantity=RS_minus_NS,,movement,,,,RS − NS,,,,,,,m02_consequently,,conclusion_result,,,,,,,,conclusive_adverb,consequently,,,,,,,,,,
base,RS_minus_RP,-0.009895833333333336,-0.03935185185185186,0.020285087719298243,0.504,9999,126,252,0,40,42,contrasts_by_individual_marker|run=base|outcome=movement|marker_id=m02_consequently|quantity=RS_minus_RP,,movement,,,,RS − RP,,,,,,,m02_consequently,,conclusion_result,,,,,,,,conclusive_adverb,consequently,1.0,,,,,,,,,
base,interaction,-0.20703125,-0.2445709990749306,-0.16988450504075508,0.0002,9999,126,504,0,40,42,contrasts_by_individual_marker|run=base|outcome=movement|marker_id=m02_consequently|quantity=interaction,,movement,,,,(RS − RP) − (NS − NP),,,,,,,m02_consequently,,conclusion_result,,,,,,,,conclusive_adverb,consequently,,,,,,,,,,
base,NS_minus_NP,0.19166666666666668,0.14387623856707318,0.241989536199095,0.0002,9999,123,246,0,40,41,contrasts_by_individual_marker|run=base|outcome=movement|marker_id=m03_thus|quantity=NS_minus_NP,,movement,,,,NS − NP,,,,,,,m03_thus,,conclusion_result,,,,,,,,conclusive_adverb,thus,0.009600000000000001,,,,,,,,,
base,RS_minus_NS,0.0921875,0.034552176936243045,0.15312640765765764,0.0016,9999,123,246,0,40,41,contrasts_by_individual_marker|run=base|outcome=movement|marker_id=m03_thus|quantity=RS_minus_NS,,movement,,,,RS − NS,,,,,,,m03_thus,,conclusion_result,,,,,,,,conclusive_adverb,thus,,,,,,,,,,
base,RS_minus_RP,-0.008333333333333335,-0.03590591755319148,0.019791666666666662,0.5438,9999,123,246,0,40,41,contrasts_by_individual_marker|run=base|outcome=movement|marker_id=m03_thus|quantity=RS_minus_RP,,movement,,,,RS − RP,,,,,,,m03_thus,,conclusion_result,,,,,,,,conclusive_adverb,thus,1.0,,,,,,,,,
base,interaction,-0.2,-0.24305555555555555,-0.157984092377261,0.0002,9999,123,492,0,40,41,contrasts_by_individual_marker|run=base|outcome=movement|marker_id=m03_thus|quantity=interaction,,movement,,,,(RS − RP) − (NS − NP),,,,,,,m03_thus,,conclusion_result,,,,,,,,conclusive_adverb,thus,,,,,,,,,,
base,NS_minus_NP,0.11168981481481481,0.06756671444171444,0.15914574430199427,0.0002,9999,108,216,0,36,36,contrasts_by_individual_marker|run=base|outcome=movement|marker_id=m04_accordingly|quantity=NS_minus_NP,,movement,,,,NS − NP,,,,,,,m04_accordingly,,conclusion_result,,,,,,,,conclusive_adverb,accordingly,0.009600000000000001,,,,,,,,,
base,RS_minus_NS,0.08854166666666667,0.0028116109530583406,0.17431051587301583,0.0436,9999,108,216,0,36,36,contrasts_by_individual_marker|run=base|outcome=movement|marker_id=m04_accordingly|quantity=RS_minus_NS,,movement,,,,RS − NS,,,,,,,m04_accordingly,,conclusion_result,,,,,,,,conclusive_adverb,accordingly,,,,,,,,,,
base,RS_minus_RP,-0.06886574074074076,-0.10595238095238095,-0.031564754689754705,0.0002,9999,108,216,0,36,36,contrasts_by_individual_marker|run=base|outcome=movement|marker_id=m04_accordingly|quantity=RS_minus_RP,,movement,,,,RS − RP,,,,,,,m04_accordingly,,conclusion_result,,,,,,,,conclusive_adverb,accordingly,0.009600000000000001,,,,,,,,,
base,interaction,-0.18055555555555555,-0.23869505494505497,-0.1228604363472785,0.0002,9999,108,432,0,36,36,contrasts_by_individual_marker|run=base|outcome=movement|marker_id=m04_accordingly|quantity=interaction,,movement,,,,(RS − RP) − (NS − NP),,,,,,,m04_accordingly,,conclusion_result,,,,,,,,conclusive_adverb,accordingly,,,,,,,,,,
base,NS_minus_NP,0.06250000000000001,0.024479166666666666,0.0982914329594017,0.0028,9999,117,234,0,39,39,contrasts_by_individual_marker|run=base|outcome=movement|marker_id=m05_for_this_reason|quantity=NS_minus_NP,,movement,,,,NS − NP,,,,,,,m05_for_this_reason,,conclusion_result,,,,,,,,anaphoric_reason_phrase,for this reason,0.0448,,,,,,,,,
base,RS_minus_NS,0.11752136752136752,0.039765798226164106,0.1950231481481481,0.0022,9999,117,234,0,39,39,contrasts_by_individual_marker|run=base|outcome=movement|marker_id=m05_for_this_reason|quantity=RS_minus_NS,,movement,,,,RS − NS,,,,,,,m05_for_this_reason,,conclusion_result,,,,,,,,anaphoric_reason_phrase,for this reason,,,,,,,,,,
base,RS_minus_RP,-0.05502136752136751,-0.08523338220918865,-0.024224806201550386,0.0006,9999,117,234,0,39,39,contrasts_by_individual_marker|run=base|outcome=movement|marker_id=m05_for_this_reason|quantity=RS_minus_RP,,movement,,,,RS − RP,,,,,,,m05_for_this_reason,,conclusion_result,,,,,,,,anaphoric_reason_phrase,for this reason,0.011999999999999999,,,,,,,,,
base,interaction,-0.11752136752136752,-0.1652148299859056,-0.0698184121621622,0.0002,9999,117,468,0,39,39,contrasts_by_individual_marker|run=base|outcome=movement|marker_id=m05_for_this_reason|quantity=interaction,,movement,,,,(RS − RP) − (NS − NP),,,,,,,m05_for_this_reason,,conclusion_result,,,,,,,,anaphoric_reason_phrase,for this reason,,,,,,,,,,
base,NS_minus_NP,-0.07826576576576577,-0.12202380952380952,-0.039828431372549024,0.0002,9999,111,222,0,37,37,contrasts_by_individual_marker|run=base|outcome=movement|marker_id=m06_that_is_why|quantity=NS_minus_NP,,movement,,,,NS − NP,,,,,,,m06_that_is_why,,conclusion_result,,,,,,,,causal_conversational_result,that is why,0.009600000000000001,,,,,,,,,
base,RS_minus_NS,0.06418918918918919,-0.006252422480620141,0.13517530487804857,0.0776,9999,111,222,0,37,37,contrasts_by_individual_marker|run=base|outcome=movement|marker_id=m06_that_is_why|quantity=RS_minus_NS,,movement,,,,RS − NS,,,,,,,m06_that_is_why,,conclusion_result,,,,,,,,causal_conversational_result,that is why,,,,,,,,,,
base,RS_minus_RP,-0.2601351351351351,-0.2989864864864865,-0.22149122807017543,0.0002,9999,111,222,0,37,37,contrasts_by_individual_marker|run=base|outcome=movement|marker_id=m06_that_is_why|quantity=RS_minus_RP,,movement,,,,RS − RP,,,,,,,m06_that_is_why,,conclusion_result,,,,,,,,causal_conversational_result,that is why,0.009600000000000001,,,,,,,,,
base,interaction,-0.18186936936936937,-0.23479729729729729,-0.12768731044940723,0.0002,9999,111,444,0,37,37,contrasts_by_individual_marker|run=base|outcome=movement|marker_id=m06_that_is_why|quantity=interaction,,movement,,,,(RS − RP) − (NS − NP),,,,,,,m06_that_is_why,,conclusion_result,,,,,,,,causal_conversational_result,that is why,,,,,,,,,,
base,NS_minus_NP,-0.015093185501628498,-0.030088808636402363,0.00028883343185901665,0.0538,9999,1422,2844,0,60,237,contrasts_by_marker_family|run=base|outcome=movement|marker_family=conclusion_result_minus_inference_basis|quantity=NS_minus_NP,,movement,,,,NS − NP,,,,,,,,,conclusion_result_minus_inference_basis,,,,,,,difference of family means,,,,,,,,,,,,
base,RS_minus_NS,-0.08695424770671482,-0.10611337944829798,-0.06790836701122775,0.0002,9999,1422,2844,0,60,237,contrasts_by_marker_family|run=base|outcome=movement|marker_family=conclusion_result_minus_inference_basis|quantity=RS_minus_NS,,movement,,,,RS − NS,,,,,,,,,conclusion_result_minus_inference_basis,,,,,,,difference of family means,,,,,,,,,,,,
base,RS_minus_RP,-0.10098746160972037,-0.116156269307704,-0.08650777483416998,0.0002,9999,1422,2844,0,60,237,contrasts_by_marker_family|run=base|outcome=movement|marker_family=conclusion_result_minus_inference_basis|quantity=RS_minus_RP,,movement,,,,RS − RP,,,,,,,,,conclusion_result_minus_inference_basis,,,,,,,difference of family means,,,,,,,,,,,,
base,interaction,-0.0858942761080919,-0.10436971154830972,-0.06785332362090815,0.0002,9999,1422,5688,0,60,237,contrasts_by_marker_family|run=base|outcome=movement|marker_family=conclusion_result_minus_inference_basis|quantity=interaction,,movement,,,,(RS − RP) − (NS − NP),,,,,,,,,conclusion_result_minus_inference_basis,,,,,,,difference of family means,,,,,,,,,,,,
base,NS_minus_NP,0.12342303240740742,0.10138816550925928,0.1469668692129629,0.0002,9999,711,2133,0,60,237,contrasts_by_model|run=base|outcome=movement|kind=contrast|quantity=NS_minus_NP,,movement,contrast,,,NS − NP,,,,,,,,,,,,,,,,,,,,,,,,,,,,
base,NS_minus_NP,0.1179832175925926,0.09509476273148147,0.14208622685185185,0.0002,9999,681,2043,0,60,227,model_common_subset|run=base|outcome=movement|kind=contrast|quantity=NS_minus_NP,,movement,contrast,,,NS − NP,,,,,,,,,,,,,,,,,,,,,,,,,,,,
base,RP_minus_NP,0.27285879629629634,0.23793402777777775,0.3083347800925926,0.0002,9999,711,1422,0,60,237,contrasts_by_model|run=base|outcome=movement|kind=contrast|quantity=RP_minus_NP,,movement,contrast,,,RP − NP,,,,,,,,,,,,,,,,,,,,,,,,,,,,
base,RP_minus_NP,0.27589699074074076,0.24013310185185183,0.3121238425925925,0.0002,9999,681,1362,0,60,227,model_common_subset|run=base|outcome=movement|kind=contrast|quantity=RP_minus_NP,,movement,contrast,,,RP − NP,,,,,,,,,,,,,,,,,,,,,,,,,,,,
base,RS_minus_NS,0.13684895833333333,0.1047106481481482,0.169603587962963,0.0002,9999,711,2844,0,60,237,contrasts_by_model|run=base|outcome=movement|kind=contrast|quantity=RS_minus_NS,,movement,contrast,,,RS − NS,,,,,,,,,,,,,,,,,,,,,,,,,,,,
base,RS_minus_NS,0.14580439814814816,0.11200520833333334,0.17951605902777773,0.0002,9999,681,2724,0,60,227,model_common_subset|run=base|outcome=movement|kind=contrast|quantity=RS_minus_NS,,movement,contrast,,,RS − NS,,,,,,,,,,,,,,,,,,,,,,,,,,,,
base,RS_minus_RP,-0.012586805555555554,-0.02565104166666667,0.0004361979166666355,0.059,9999,711,2133,0,60,237,contrasts_by_model|run=base|outcome=movement|kind=contrast|quantity=RS_minus_RP,,movement,contrast,,,RS − RP,,,,,,,,,,,,,,,,,,,,,,,,,,,,
base,RS_minus_RP,-0.012109375000000002,-0.025014467592592588,0.0006655092592592584,0.0676,9999,681,2043,0,60,227,model_common_subset|run=base|outcome=movement|kind=contrast|quantity=RS_minus_RP,,movement,contrast,,,RS − RP,,,,,,,,,,,,,,,,,,,,,,,,,,,,
base,NS_minus_NP,0.10885416666666665,0.07278645833333333,0.14440104166666665,0.0002,9999,240,720,0,20,80,contrasts_by_domain|run=base|domain=climate|outcome=movement|kind=contrast|quantity=NS_minus_NP,,movement,contrast,,,NS − NP,,,,,,,,,,,,,,climate,,,,,,,,,,,,,,
base,RP_minus_NP,0.3044270833333334,0.25078125,0.3617317708333332,0.0002,9999,240,480,0,20,80,contrasts_by_domain|run=base|domain=climate|outcome=movement|kind=contrast|quantity=RP_minus_NP,,movement,contrast,,,RP − NP,,,,,,,,,,,,,,climate,,,,,,,,,,,,,,
base,RS_minus_NS,0.16263020833333336,0.109765625,0.2169270833333333,0.0002,9999,240,960,0,20,80,contrasts_by_domain|run=base|domain=climate|outcome=movement|kind=contrast|quantity=RS_minus_NS,,movement,contrast,,,RS − NS,,,,,,,,,,,,,,climate,,,,,,,,,,,,,,
base,RS_minus_RP,-0.03294270833333333,-0.05455729166666666,-0.009635416666666667,0.0062,9999,240,720,0,20,80,contrasts_by_domain|run=base|domain=climate|outcome=movement|kind=contrast|quantity=RS_minus_RP,,movement,contrast,,,RS − RP,,,,,,,,,,,,,,climate,,,,,,,,,,,,,,
base,interaction,-0.141796875,-0.17330729166666664,-0.11028645833333332,0.0002,9999,240,1440,0,20,80,contrasts_by_domain|run=base|domain=climate|outcome=movement|kind=contrast|quantity=interaction,,movement,contrast,,,(RS − RP) − (NS − NP),,,,,,,,,,,,,,climate,,,,,,,,,,,,,,
base,NS_minus_NP,0.196484375,0.1700954861111111,0.22348307291666666,0.0002,9999,237,711,0,60,237,contrasts_by_opening|run=base|opening_id=directive_reconsideration|outcome=movement|kind=contrast|quantity=NS_minus_NP,,movement,contrast,,,NS − NP,,,,,,,,directive_reconsideration,,,,,,,,,,,,,,,,,,,,
base,RP_minus_NP,0.3401909722222222,0.3015625,0.37865017361111114,0.0002,9999,237,474,0,60,237,contrasts_by_opening|run=base|opening_id=directive_reconsideration|outcome=movement|kind=contrast|quantity=RP_minus_NP,,movement,contrast,,,RP − NP,,,,,,,,directive_reconsideration,,,,,,,,,,,,,,,,,,,,
base,RS_minus_NS,0.15325520833333334,0.115625,0.19036458333333334,0.0002,9999,237,948,0,60,237,contrasts_by_opening|run=base|opening_id=directive_reconsideration|outcome=movement|kind=contrast|quantity=RS_minus_NS,,movement,contrast,,,RS − NS,,,,,,,,directive_reconsideration,,,,,,,,,,,,,,,,,,,,
base,RS_minus_RP,0.00954861111111111,-0.006425781249999992,0.025390625,0.2402,9999,237,711,0,60,237,contrasts_by_opening|run=base|opening_id=directive_reconsideration|outcome=movement|kind=contrast|quantity=RS_minus_RP,,movement,contrast,,,RS − RP,,,,,,,,directive_reconsideration,,,,,,,,,,,,,,,,,,,,
base,interaction,-0.1869357638888889,-0.21388888888888888,-0.16098090277777777,0.0002,9999,237,1422,0,60,237,contrasts_by_opening|run=base|opening_id=directive_reconsideration|outcome=movement|kind=contrast|quantity=interaction,,movement,contrast,,,(RS − RP) − (NS − NP),,,,,,,,directive_reconsideration,,,,,,,,,,,,,,,,,,,,
base,NS_minus_NP,0.13645833333333335,0.09895833333333334,0.173046875,0.0002,9999,237,711,0,20,79,contrasts_by_domain|run=base|domain=energy|outcome=movement|kind=contrast|quantity=NS_minus_NP,,movement,contrast,,,NS − NP,,,,,,,,,,,,,,energy,,,,,,,,,,,,,,
base,RP_minus_NP,0.2948784722222223,0.23098958333333336,0.3599826388888888,0.0002,9999,237,474,0,20,79,contrasts_by_domain|run=base|domain=energy|outcome=movement|kind=contrast|quantity=RP_minus_NP,,movement,contrast,,,RP − NP,,,,,,,,,,,,,,energy,,,,,,,,,,,,,,
base,RS_minus_NS,0.14331597222222223,0.08320095486111112,0.20247395833333331,0.0002,9999,237,948,0,20,79,contrasts_by_domain|run=base|domain=energy|outcome=movement|kind=contrast|quantity=RS_minus_NS,,movement,contrast,,,RS − NS,,,,,,,,,,,,,,energy,,,,,,,,,,,,,,
base,RS_minus_RP,-0.015104166666666665,-0.04011067708333331,0.010677083333333334,0.2694,9999,237,711,0,20,79,contrasts_by_domain|run=base|domain=energy|outcome=movement|kind=contrast|quantity=RS_minus_RP,,movement,contrast,,,RS − RP,,,,,,,,,,,,,,energy,,,,,,,,,,,,,,
base,interaction,-0.1515625,-0.18646484374999997,-0.11535807291666675,0.0002,9999,237,1422,0,20,79,contrasts_by_domain|run=base|domain=energy|outcome=movement|kind=contrast|quantity=interaction,,movement,contrast,,,(RS − RP) − (NS − NP),,,,,,,,,,,,,,energy,,,,,,,,,,,,,,
base,interaction,-0.13600983796296298,-0.15888310185185187,-0.11435112847222224,0.0002,9999,711,4266,0,60,237,contrasts_by_model|run=base|outcome=movement|kind=contrast|quantity=interaction,,movement,contrast,,,(RS − RP) − (NS − NP),,,,,,,,,,,,,,,,,,,,,,,,,,,,
base,interaction,-0.13009259259259262,-0.15332754629629625,-0.10760923032407407,0.0002,9999,681,4086,0,60,227,model_common_subset|run=base|outcome=movement|kind=contrast|quantity=interaction,,movement,contrast,,,(RS − RP) − (NS − NP),,,,,,,,,,,,,,,,,,,,,,,,,,,,
base,NS_minus_NP,0.12855902777777778,0.09236111111111112,0.1634548611111111,0.0002,9999,360,1080,0,60,120,contrasts_by_option_order|run=base|order_id=o1|outcome=movement|kind=contrast|quantity=NS_minus_NP,,movement,contrast,,,NS − NP,,,,,,,,,,,,,,,o1,,,,,,,,,,,,,
base,RP_minus_NP,0.3453125,0.29790798611111113,0.3927083333333334,0.0002,9999,360,720,0,60,120,contrasts_by_option_order|run=base|order_id=o1|outcome=movement|kind=contrast|quantity=RP_minus_NP,,movement,contrast,,,RP − NP,,,,,,,,,,,,,,,o1,,,,,,,,,,,,,
base,RS_minus_NS,0.19140625,0.142265625,0.2375868055555555,0.0002,9999,360,1440,0,60,120,contrasts_by_option_order|run=base|order_id=o1|outcome=movement|kind=contrast|quantity=RS_minus_NS,,movement,contrast,,,RS − NS,,,,,,,,,,,,,,,o1,,,,,,,,,,,,,
base,RS_minus_RP,-0.025347222222222226,-0.04461805555555554,-0.0058159722222222215,0.0124,9999,360,1080,0,60,120,contrasts_by_option_order|run=base|order_id=o1|outcome=movement|kind=contrast|quantity=RS_minus_RP,,movement,contrast,,,RS − RP,,,,,,,,,,,,,,,o1,,,,,,,,,,,,,
base,interaction,-0.15390625,-0.1857638888888889,-0.12083333333333338,0.0002,9999,360,2160,0,60,120,contrasts_by_option_order|run=base|order_id=o1|outcome=movement|kind=contrast|quantity=interaction,,movement,contrast,,,(RS − RP) − (NS − NP),,,,,,,,,,,,,,,o1,,,,,,,,,,,,,
base,NS_minus_NP,0.11579861111111112,0.08662760416666666,0.14505208333333333,0.0002,9999,351,1053,0,60,117,contrasts_by_option_order|run=base|order_id=o2|outcome=movement|kind=contrast|quantity=NS_minus_NP,,movement,contrast,,,NS − NP,,,,,,,,,,,,,,,o2,,,,,,,,,,,,,
base,RP_minus_NP,0.1954861111111111,0.14530381944444445,0.24462673611111102,0.0002,9999,351,702,0,60,117,contrasts_by_option_order|run=base|order_id=o2|outcome=movement|kind=contrast|quantity=RP_minus_NP,,movement,contrast,,,RP − NP,,,,,,,,,,,,,,,o2,,,,,,,,,,,,,
base,RS_minus_NS,0.07986111111111112,0.03298611111111112,0.12752170138888885,0.0006,9999,351,1404,0,60,117,contrasts_by_option_order|run=base|order_id=o2|outcome=movement|kind=contrast|quantity=RS_minus_NS,,movement,contrast,,,RS − NS,,,,,,,,,,,,,,,o2,,,,,,,,,,,,,
base,RS_minus_RP,0.0001736111111111105,-0.02335069444444444,0.023611111111111107,0.9994,9999,351,1053,0,60,117,contrasts_by_option_order|run=base|order_id=o2|outcome=movement|kind=contrast|quantity=RS_minus_RP,,movement,contrast,,,RS − RP,,,,,,,,,,,,,,,o2,,,,,,,,,,,,,
base,interaction,-0.11562500000000002,-0.14487847222222222,-0.08619357638888893,0.0002,9999,351,2106,0,60,117,contrasts_by_option_order|run=base|order_id=o2|outcome=movement|kind=contrast|quantity=interaction,,movement,contrast,,,(RS − RP) − (NS − NP),,,,,,,,,,,,,,,o2,,,,,,,,,,,,,
base,NS_minus_NP,0.01831597222222222,-0.009246961805555546,0.04635850694444438,0.1934,9999,237,711,0,60,237,contrasts_by_opening|run=base|opening_id=stance_alternative|outcome=movement|kind=contrast|quantity=NS_minus_NP,,movement,contrast,,,NS − NP,,,,,,,,stance_alternative,,,,,,,,,,,,,,,,,,,,
base,RP_minus_NP,0.24565972222222224,0.20894097222222224,0.28420138888888885,0.0002,9999,237,474,0,60,237,contrasts_by_opening|run=base|opening_id=stance_alternative|outcome=movement|kind=contrast|quantity=RP_minus_NP,,movement,contrast,,,RP − NP,,,,,,,,stance_alternative,,,,,,,,,,,,,,,,,,,,
base,RS_minus_NS,0.1965277777777778,0.1640603298611111,0.22968967013888886,0.0002,9999,237,948,0,60,237,contrasts_by_opening|run=base|opening_id=stance_alternative|outcome=movement|kind=contrast|quantity=RS_minus_NS,,movement,contrast,,,RS − NS,,,,,,,,stance_alternative,,,,,,,,,,,,,,,,,,,,
base,RS_minus_RP,-0.030815972222222224,-0.04787543402777777,-0.013799913194444477,0.0006,9999,237,711,0,60,237,contrasts_by_opening|run=base|opening_id=stance_alternative|outcome=movement|kind=contrast|quantity=RS_minus_RP,,movement,contrast,,,RS − RP,,,,,,,,stance_alternative,,,,,,,,,,,,,,,,,,,,
base,interaction,-0.04913194444444444,-0.07817057291666667,-0.0203125,0.0008,9999,237,1422,0,60,237,contrasts_by_opening|run=base|opening_id=stance_alternative|outcome=movement|kind=contrast|quantity=interaction,,movement,contrast,,,(RS − RP) − (NS − NP),,,,,,,,stance_alternative,,,,,,,,,,,,,,,,,,,,
base,NS_minus_NP,0.15546875,0.1287738715277778,0.18289930555555553,0.0002,9999,237,711,0,60,237,contrasts_by_opening|run=base|opening_id=stance_disagreement|outcome=movement|kind=contrast|quantity=NS_minus_NP,,movement,contrast,,,NS − NP,,,,,,,,stance_disagreement,,,,,,,,,,,,,,,,,,,,
base,RP_minus_NP,0.23272569444444446,0.19027343749999998,0.275,0.0002,9999,237,474,0,60,237,contrasts_by_opening|run=base|opening_id=stance_disagreement|outcome=movement|kind=contrast|quantity=RP_minus_NP,,movement,contrast,,,RP − NP,,,,,,,,stance_disagreement,,,,,,,,,,,,,,,,,,,,
base,RS_minus_NS,0.06076388888888889,0.02248046875000001,0.09900390624999997,0.0018,9999,237,948,0,60,237,contrasts_by_opening|run=base|opening_id=stance_disagreement|outcome=movement|kind=contrast|quantity=RS_minus_NS,,movement,contrast,,,RS − NS,,,,,,,,stance_disagreement,,,,,,,,,,,,,,,,,,,,
base,RS_minus_RP,-0.016493055555555556,-0.03263888888888889,-0.0003472222222222247,0.0462,9999,237,711,0,60,237,contrasts_by_opening|run=base|opening_id=stance_disagreement|outcome=movement|kind=contrast|quantity=RS_minus_RP,,movement,contrast,,,RS − RP,,,,,,,,stance_disagreement,,,,,,,,,,,,,,,,,,,,
base,interaction,-0.17196180555555554,-0.19709201388888886,-0.14791666666666667,0.0002,9999,237,1422,0,60,237,contrasts_by_opening|run=base|opening_id=stance_disagreement|outcome=movement|kind=contrast|quantity=interaction,,movement,contrast,,,(RS − RP) − (NS − NP),,,,,,,,stance_disagreement,,,,,,,,,,,,,,,,,,,,
base,NS_minus_NP,0.12495659722222223,0.08433159722222222,0.17317708333333331,0.0002,9999,234,702,0,20,78,contrasts_by_domain|run=base|domain=technology|outcome=movement|kind=contrast|quantity=NS_minus_NP,,movement,contrast,,,NS − NP,,,,,,,,,,,,,,technology,,,,,,,,,,,,,,
base,RP_minus_NP,0.21927083333333336,0.1588411458333334,0.28125,0.0002,9999,234,468,0,20,78,contrasts_by_domain|run=base|domain=technology|outcome=movement|kind=contrast|quantity=RP_minus_NP,,movement,contrast,,,RP − NP,,,,,,,,,,,,,,technology,,,,,,,,,,,,,,
base,RS_minus_NS,0.10460069444444445,0.045781250000000044,0.1595486111111111,0.0002,9999,234,936,0,20,78,contrasts_by_domain|run=base|domain=technology|outcome=movement|kind=contrast|quantity=RS_minus_NS,,movement,contrast,,,RS − NS,,,,,,,,,,,,,,technology,,,,,,,,,,,,,,
base,RS_minus_RP,0.010286458333333333,-0.010243055555555557,0.02986111111111111,0.3252,9999,234,702,0,20,78,contrasts_by_domain|run=base|domain=technology|outcome=movement|kind=contrast|quantity=RS_minus_RP,,movement,contrast,,,RS − RP,,,,,,,,,,,,,,technology,,,,,,,,,,,,,,
base,interaction,-0.11467013888888891,-0.16159505208333333,-0.07052951388888888,0.0002,9999,234,1404,0,20,78,contrasts_by_domain|run=base|domain=technology|outcome=movement|kind=contrast|quantity=interaction,,movement,contrast,,,(RS − RP) − (NS − NP),,,,,,,,,,,,,,technology,,,,,,,,,,,,,,
base,NS_minus_NP,0.17816840277777776,0.1518207465277778,0.20512369791666665,0.0002,9999,474,1422,0,60,237,opening_heterogeneity|run=base|outcome=movement|comparison=directive_reconsideration_minus_stance_alternative|quantity=NS_minus_NP,directive_reconsideration_minus_stance_alternative,movement,,,,NS − NP,,,,,,,,,,,,,,,,,,,,0.196484375,0.01831597222222222,,,,,,,
base,RP_minus_NP,0.09453124999999998,0.06562499999999999,0.12291666666666665,0.0002,9999,474,948,0,60,237,opening_heterogeneity|run=base|outcome=movement|comparison=directive_reconsideration_minus_stance_alternative|quantity=RP_minus_NP,directive_reconsideration_minus_stance_alternative,movement,,,,RP − NP,,,,,,,,,,,,,,,,,,,,0.3401909722222222,0.24565972222222224,,,,,,,
base,RS_minus_NS,-0.043272569444444464,-0.07209201388888886,-0.014016927083333365,0.0032,9999,474,1896,0,60,237,opening_heterogeneity|run=base|outcome=movement|comparison=directive_reconsideration_minus_stance_alternative|quantity=RS_minus_NS,directive_reconsideration_minus_stance_alternative,movement,,,,RS − NS,,,,,,,,,,,,,,,,,,,,0.15325520833333334,0.1965277777777778,,,,,,,
base,RS_minus_RP,0.040364583333333336,0.023307291666666667,0.05690104166666666,0.0002,9999,474,1422,0,60,237,opening_heterogeneity|run=base|outcome=movement|comparison=directive_reconsideration_minus_stance_alternative|quantity=RS_minus_RP,directive_reconsideration_minus_stance_alternative,movement,,,,RS − RP,,,,,,,,,,,,,,,,,,,,0.00954861111111111,-0.030815972222222224,,,,,,,
base,interaction,-0.13780381944444448,-0.16475694444444444,-0.11167534722222223,0.0002,9999,474,2844,0,60,237,opening_heterogeneity|run=base|outcome=movement|comparison=directive_reconsideration_minus_stance_alternative|quantity=interaction,directive_reconsideration_minus_stance_alternative,movement,,,,(RS − RP) − (NS − NP),,,,,,,,,,,,,,,,,,,,-0.1869357638888889,-0.04913194444444444,,,,,,,
base,NS_minus_NP,0.041015625,0.01857638888888888,0.06536458333333334,0.0002,9999,474,1422,0,60,237,opening_heterogeneity|run=base|outcome=movement|comparison=directive_reconsideration_minus_stance_disagreement|quantity=NS_minus_NP,directive_reconsideration_minus_stance_disagreement,movement,,,,NS − NP,,,,,,,,,,,,,,,,,,,,0.196484375,0.15546875,,,,,,,
base,RP_minus_NP,0.10746527777777776,0.07065538194444441,0.14392361111111113,0.0002,9999,474,948,0,60,237,opening_heterogeneity|run=base|outcome=movement|comparison=directive_reconsideration_minus_stance_disagreement|quantity=RP_minus_NP,directive_reconsideration_minus_stance_disagreement,movement,,,,RP − NP,,,,,,,,,,,,,,,,,,,,0.3401909722222222,0.23272569444444446,,,,,,,
base,RS_minus_NS,0.09249131944444444,0.06514756944444444,0.119140625,0.0002,9999,474,1896,0,60,237,opening_heterogeneity|run=base|outcome=movement|comparison=directive_reconsideration_minus_stance_disagreement|quantity=RS_minus_NS,directive_reconsideration_minus_stance_disagreement,movement,,,,RS − NS,,,,,,,,,,,,,,,,,,,,0.15325520833333334,0.06076388888888889,,,,,,,
base,RS_minus_RP,0.026041666666666664,0.008072916666666671,0.043532986111111116,0.007,9999,474,1422,0,60,237,opening_heterogeneity|run=base|outcome=movement|comparison=directive_reconsideration_minus_stance_disagreement|quantity=RS_minus_RP,directive_reconsideration_minus_stance_disagreement,movement,,,,RS − RP,,,,,,,,,,,,,,,,,,,,0.00954861111111111,-0.016493055555555556,,,,,,,
base,interaction,-0.01497395833333337,-0.03880425347222225,0.007554253472222206,0.206,9999,474,2844,0,60,237,opening_heterogeneity|run=base|outcome=movement|comparison=directive_reconsideration_minus_stance_disagreement|quantity=interaction,directive_reconsideration_minus_stance_disagreement,movement,,,,(RS − RP) − (NS − NP),,,,,,,,,,,,,,,,,,,,-0.1869357638888889,-0.17196180555555554,,,,,,,
base,NP,1.3362573099415205,1.2404484953703703,1.431971985784848,0.0002,9999,447,447,0,57,149,robustness_common_semantic_choice_subset|run=base|comparison=estimate|outcome=movement|kind=cell|quantity=NP,estimate,movement,cell,149,"base,ab_bfirst,minimal_ab",,,,,,,,,,,,,,,,,,,,,,,,,,,,,
base,NS,1.4596887183235867,1.363294364690889,1.5576645457033385,0.0002,9999,447,894,0,57,149,robustness_common_semantic_choice_subset|run=base|comparison=estimate|outcome=movement|kind=cell|quantity=NS,estimate,movement,cell,149,"base,ab_bfirst,minimal_ab",,,,,,,,,,,,,,,,,,,,,,,,,,,,,
base,RP,1.5990801656920077,1.4858244727981569,1.7051283047027288,0.0002,9999,447,447,0,57,149,robustness_common_semantic_choice_subset|run=base|comparison=estimate|outcome=movement|kind=cell|quantity=RP,estimate,movement,cell,149,"base,ab_bfirst,minimal_ab",,,,,,,,,,,,,,,,,,,,,,,,,,,,,
base,RS,1.592013888888889,1.479938559704185,1.6987110925099205,0.0002,9999,447,894,0,57,149,robustness_common_semantic_choice_subset|run=base|comparison=estimate|outcome=movement|kind=cell|quantity=RS,estimate,movement,cell,149,"base,ab_bfirst,minimal_ab",,,,,,,,,,,,,,,,,,,,,,,,,,,,,
base,NS_minus_NP,0.12343140838206627,0.09678030303030304,0.15081193221523415,0.0002,9999,447,1341,0,57,149,robustness_common_semantic_choice_subset|run=base|comparison=estimate|outcome=movement|kind=contrast|quantity=NS_minus_NP,estimate,movement,contrast,149,"base,ab_bfirst,minimal_ab",NS − NP,,,,,,,,,,,,,,,,,,,,,,,,,,,,
base,RP_minus_NP,0.2628228557504873,0.21027598180076632,0.31231740356806553,0.0002,9999,447,894,0,57,149,robustness_common_semantic_choice_subset|run=base|comparison=estimate|outcome=movement|kind=contrast|quantity=RP_minus_NP,estimate,movement,contrast,149,"base,ab_bfirst,minimal_ab",RP − NP,,,,,,,,,,,,,,,,,,,,,,,,,,,,
base,RS_minus_NS,0.13232517056530216,0.08271231464076863,0.17995609881711863,0.0002,9999,447,1788,0,57,149,robustness_common_semantic_choice_subset|run=base|comparison=estimate|outcome=movement|kind=contrast|quantity=RS_minus_NS,estimate,movement,contrast,149,"base,ab_bfirst,minimal_ab",RS − NS,,,,,,,,,,,,,,,,,,,,,,,,,,,,
base,RS_minus_RP,-0.00706627680311891,-0.025071281008507036,0.010725688138956146,0.4336,9999,447,1341,0,57,149,robustness_common_semantic_choice_subset|run=base|comparison=estimate|outcome=movement|kind=contrast|quantity=RS_minus_RP,estimate,movement,contrast,149,"base,ab_bfirst,minimal_ab",RS − RP,,,,,,,,,,,,,,,,,,,,,,,,,,,,
base,interaction,-0.13049768518518517,-0.15696864024584928,-0.10361926711067798,0.0002,9999,447,2682,0,57,149,robustness_common_semantic_choice_subset|run=base|comparison=estimate|outcome=movement|kind=contrast|quantity=interaction,estimate,movement,contrast,149,"base,ab_bfirst,minimal_ab",(RS − RP) − (NS − NP),,,,,,,,,,,,,,,,,,,,,,,,,,,,
base,NP,1.323813657407407,1.245745081018518,1.4049797453703705,0.0002,9999,711,711,0,60,237,robustness_contrasts|run=base|sample=full_valid|stratum=all|outcome=movement|kind=cell|quantity=NP,,movement,cell,,,,full_valid,all,,,,,,,,,,,,,,,,,,,,,,,,,,
base,NS,1.447236689814815,1.3726540798611113,1.5261299189814819,0.0002,9999,711,1422,0,60,237,robustness_contrasts|run=base|sample=full_valid|stratum=all|outcome=movement|kind=cell|quantity=NS,,movement,cell,,,,full_valid,all,,,,,,,,,,,,,,,,,,,,,,,,,,
base,RP,1.5966724537037036,1.5129904513888888,1.684700520833333,0.0002,9999,711,711,0,60,237,robustness_contrasts|run=base|sample=full_valid|stratum=all|outcome=movement|kind=cell|quantity=RP,,movement,cell,,,,full_valid,all,,,,,,,,,,,,,,,,,,,,,,,,,,
base,RS,1.584085648148148,1.5006278935185187,1.6706561053240734,0.0002,9999,711,1422,0,60,237,robustness_contrasts|run=base|sample=full_valid|stratum=all|outcome=movement|kind=cell|quantity=RS,,movement,cell,,,,full_valid,all,,,,,,,,,,,,,,,,,,,,,,,,,,
base,NS_minus_NP,0.12342303240740742,0.10138816550925928,0.1469668692129629,0.0002,9999,711,2133,0,60,237,robustness_contrasts|run=base|sample=full_valid|stratum=all|outcome=movement|kind=contrast|quantity=NS_minus_NP,,movement,contrast,,,NS − NP,full_valid,all,,,,,,,,,,,,,,,,,,,,,,,,,,
base,RP_minus_NP,0.27285879629629634,0.23793402777777775,0.3083347800925926,0.0002,9999,711,1422,0,60,237,robustness_contrasts|run=base|sample=full_valid|stratum=all|outcome=movement|kind=contrast|quantity=RP_minus_NP,,movement,contrast,,,RP − NP,full_valid,all,,,,,,,,,,,,,,,,,,,,,,,,,,
base,RS_minus_NS,0.13684895833333333,0.1047106481481482,0.169603587962963,0.0002,9999,711,2844,0,60,237,robustness_contrasts|run=base|sample=full_valid|stratum=all|outcome=movement|kind=contrast|quantity=RS_minus_NS,,movement,contrast,,,RS − NS,full_valid,all,,,,,,,,,,,,,,,,,,,,,,,,,,
base,RS_minus_RP,-0.012586805555555554,-0.02565104166666667,0.0004361979166666355,0.059,9999,711,2133,0,60,237,robustness_contrasts|run=base|sample=full_valid|stratum=all|outcome=movement|kind=contrast|quantity=RS_minus_RP,,movement,contrast,,,RS − RP,full_valid,all,,,,,,,,,,,,,,,,,,,,,,,,,,
base,interaction,-0.13600983796296298,-0.15888310185185187,-0.11435112847222224,0.0002,9999,711,4266,0,60,237,robustness_contrasts|run=base|sample=full_valid|stratum=all|outcome=movement|kind=contrast|quantity=interaction,,movement,contrast,,,(RS − RP) − (NS − NP),full_valid,all,,,,,,,,,,,,,,,,,,,,,,,,,,
base,NS_minus_NP,0.196484375,0.1700954861111111,0.22348307291666666,0.0002,9999,237,711,0,60,237,robustness_contrasts|run=base|sample=full_valid|stratum=directive_reconsideration|outcome=movement|kind=contrast|quantity=NS_minus_NP,,movement,contrast,,,NS − NP,full_valid,directive_reconsideration,,,,,,,,,,,,,,,,,,,,,,,,,,
base,RP_minus_NP,0.3401909722222222,0.3015625,0.37865017361111114,0.0002,9999,237,474,0,60,237,robustness_contrasts|run=base|sample=full_valid|stratum=directive_reconsideration|outcome=movement|kind=contrast|quantity=RP_minus_NP,,movement,contrast,,,RP − NP,full_valid,directive_reconsideration,,,,,,,,,,,,,,,,,,,,,,,,,,
base,RS_minus_NS,0.15325520833333334,0.115625,0.19036458333333334,0.0002,9999,237,948,0,60,237,robustness_contrasts|run=base|sample=full_valid|stratum=directive_reconsideration|outcome=movement|kind=contrast|quantity=RS_minus_NS,,movement,contrast,,,RS − NS,full_valid,directive_reconsideration,,,,,,,,,,,,,,,,,,,,,,,,,,
base,RS_minus_RP,0.00954861111111111,-0.006425781249999992,0.025390625,0.2402,9999,237,711,0,60,237,robustness_contrasts|run=base|sample=full_valid|stratum=directive_reconsideration|outcome=movement|kind=contrast|quantity=RS_minus_RP,,movement,contrast,,,RS − RP,full_valid,directive_reconsideration,,,,,,,,,,,,,,,,,,,,,,,,,,
base,interaction,-0.1869357638888889,-0.21388888888888888,-0.16098090277777777,0.0002,9999,237,1422,0,60,237,robustness_contrasts|run=base|sample=full_valid|stratum=directive_reconsideration|outcome=movement|kind=contrast|quantity=interaction,,movement,contrast,,,(RS − RP) − (NS − NP),full_valid,directive_reconsideration,,,,,,,,,,,,,,,,,,,,,,,,,,
base,NS_minus_NP,0.12855902777777778,0.09236111111111112,0.1634548611111111,0.0002,9999,360,1080,0,60,120,robustness_contrasts|run=base|sample=full_valid|stratum=o1|outcome=movement|kind=contrast|quantity=NS_minus_NP,,movement,contrast,,,NS − NP,full_valid,o1,,,,,,,,,,,,,,,,,,,,,,,,,,
base,RP_minus_NP,0.3453125,0.29790798611111113,0.3927083333333334,0.0002,9999,360,720,0,60,120,robustness_contrasts|run=base|sample=full_valid|stratum=o1|outcome=movement|kind=contrast|quantity=RP_minus_NP,,movement,contrast,,,RP − NP,full_valid,o1,,,,,,,,,,,,,,,,,,,,,,,,,,
base,RS_minus_NS,0.19140625,0.142265625,0.2375868055555555,0.0002,9999,360,1440,0,60,120,robustness_contrasts|run=base|sample=full_valid|stratum=o1|outcome=movement|kind=contrast|quantity=RS_minus_NS,,movement,contrast,,,RS − NS,full_valid,o1,,,,,,,,,,,,,,,,,,,,,,,,,,
base,RS_minus_RP,-0.025347222222222226,-0.04461805555555554,-0.0058159722222222215,0.0124,9999,360,1080,0,60,120,robustness_contrasts|run=base|sample=full_valid|stratum=o1|outcome=movement|kind=contrast|quantity=RS_minus_RP,,movement,contrast,,,RS − RP,full_valid,o1,,,,,,,,,,,,,,,,,,,,,,,,,,
base,interaction,-0.15390625,-0.1857638888888889,-0.12083333333333338,0.0002,9999,360,2160,0,60,120,robustness_contrasts|run=base|sample=full_valid|stratum=o1|outcome=movement|kind=contrast|quantity=interaction,,movement,contrast,,,(RS − RP) − (NS − NP),full_valid,o1,,,,,,,,,,,,,,,,,,,,,,,,,,
base,NS_minus_NP,0.11579861111111112,0.08662760416666666,0.14505208333333333,0.0002,9999,351,1053,0,60,117,robustness_contrasts|run=base|sample=full_valid|stratum=o2|outcome=movement|kind=contrast|quantity=NS_minus_NP,,movement,contrast,,,NS − NP,full_valid,o2,,,,,,,,,,,,,,,,,,,,,,,,,,
base,RP_minus_NP,0.1954861111111111,0.14530381944444445,0.24462673611111102,0.0002,9999,351,702,0,60,117,robustness_contrasts|run=base|sample=full_valid|stratum=o2|outcome=movement|kind=contrast|quantity=RP_minus_NP,,movement,contrast,,,RP − NP,full_valid,o2,,,,,,,,,,,,,,,,,,,,,,,,,,
base,RS_minus_NS,0.07986111111111112,0.03298611111111112,0.12752170138888885,0.0006,9999,351,1404,0,60,117,robustness_contrasts|run=base|sample=full_valid|stratum=o2|outcome=movement|kind=contrast|quantity=RS_minus_NS,,movement,contrast,,,RS − NS,full_valid,o2,,,,,,,,,,,,,,,,,,,,,,,,,,
base,RS_minus_RP,0.0001736111111111105,-0.02335069444444444,0.023611111111111107,0.9994,9999,351,1053,0,60,117,robustness_contrasts|run=base|sample=full_valid|stratum=o2|outcome=movement|kind=contrast|quantity=RS_minus_RP,,movement,contrast,,,RS − RP,full_valid,o2,,,,,,,,,,,,,,,,,,,,,,,,,,
base,interaction,-0.11562500000000002,-0.14487847222222222,-0.08619357638888893,0.0002,9999,351,2106,0,60,117,robustness_contrasts|run=base|sample=full_valid|stratum=o2|outcome=movement|kind=contrast|quantity=interaction,,movement,contrast,,,(RS − RP) − (NS − NP),full_valid,o2,,,,,,,,,,,,,,,,,,,,,,,,,,
base,NS_minus_NP,0.01831597222222222,-0.009246961805555546,0.04635850694444438,0.1934,9999,237,711,0,60,237,robustness_contrasts|run=base|sample=full_valid|stratum=stance_alternative|outcome=movement|kind=contrast|quantity=NS_minus_NP,,movement,contrast,,,NS − NP,full_valid,stance_alternative,,,,,,,,,,,,,,,,,,,,,,,,,,
base,RP_minus_NP,0.24565972222222224,0.20894097222222224,0.28420138888888885,0.0002,9999,237,474,0,60,237,robustness_contrasts|run=base|sample=full_valid|stratum=stance_alternative|outcome=movement|kind=contrast|quantity=RP_minus_NP,,movement,contrast,,,RP − NP,full_valid,stance_alternative,,,,,,,,,,,,,,,,,,,,,,,,,,
base,RS_minus_NS,0.1965277777777778,0.1640603298611111,0.22968967013888886,0.0002,9999,237,948,0,60,237,robustness_contrasts|run=base|sample=full_valid|stratum=stance_alternative|outcome=movement|kind=contrast|quantity=RS_minus_NS,,movement,contrast,,,RS − NS,full_valid,stance_alternative,,,,,,,,,,,,,,,,,,,,,,,,,,
base,RS_minus_RP,-0.030815972222222224,-0.04787543402777777,-0.013799913194444477,0.0006,9999,237,711,0,60,237,robustness_contrasts|run=base|sample=full_valid|stratum=stance_alternative|outcome=movement|kind=contrast|quantity=RS_minus_RP,,movement,contrast,,,RS − RP,full_valid,stance_alternative,,,,,,,,,,,,,,,,,,,,,,,,,,
base,interaction,-0.04913194444444444,-0.07817057291666667,-0.0203125,0.0008,9999,237,1422,0,60,237,robustness_contrasts|run=base|sample=full_valid|stratum=stance_alternative|outcome=movement|kind=contrast|quantity=interaction,,movement,contrast,,,(RS − RP) − (NS − NP),full_valid,stance_alternative,,,,,,,,,,,,,,,,,,,,,,,,,,
base,NS_minus_NP,0.15546875,0.1287738715277778,0.18289930555555553,0.0002,9999,237,711,0,60,237,robustness_contrasts|run=base|sample=full_valid|stratum=stance_disagreement|outcome=movement|kind=contrast|quantity=NS_minus_NP,,movement,contrast,,,NS − NP,full_valid,stance_disagreement,,,,,,,,,,,,,,,,,,,,,,,,,,
base,RP_minus_NP,0.23272569444444446,0.19027343749999998,0.275,0.0002,9999,237,474,0,60,237,robustness_contrasts|run=base|sample=full_valid|stratum=stance_disagreement|outcome=movement|kind=contrast|quantity=RP_minus_NP,,movement,contrast,,,RP − NP,full_valid,stance_disagreement,,,,,,,,,,,,,,,,,,,,,,,,,,
base,RS_minus_NS,0.06076388888888889,0.02248046875000001,0.09900390624999997,0.0018,9999,237,948,0,60,237,robustness_contrasts|run=base|sample=full_valid|stratum=stance_disagreement|outcome=movement|kind=contrast|quantity=RS_minus_NS,,movement,contrast,,,RS − NS,full_valid,stance_disagreement,,,,,,,,,,,,,,,,,,,,,,,,,,
base,RS_minus_RP,-0.016493055555555556,-0.03263888888888889,-0.0003472222222222247,0.0462,9999,237,711,0,60,237,robustness_contrasts|run=base|sample=full_valid|stratum=stance_disagreement|outcome=movement|kind=contrast|quantity=RS_minus_RP,,movement,contrast,,,RS − RP,full_valid,stance_disagreement,,,,,,,,,,,,,,,,,,,,,,,,,,
base,interaction,-0.17196180555555554,-0.19709201388888886,-0.14791666666666667,0.0002,9999,237,1422,0,60,237,robustness_contrasts|run=base|sample=full_valid|stratum=stance_disagreement|outcome=movement|kind=contrast|quantity=interaction,,movement,contrast,,,(RS − RP) − (NS − NP),full_valid,stance_disagreement,,,,,,,,,,,,,,,,,,,,,,,,,,
base,NS_minus_NP,0.11268873039706373,0.09225765841087614,0.13331003943741623,0.0002,9999,711,1422,0,60,237,robustness_contrasts|run=base|sample=full_valid|stratum=conclusion_result|outcome=movement|kind=family_mean|quantity=NS_minus_NP,,movement,family_mean,,,NS − NP,full_valid,conclusion_result,,,,,,,,,,,,,,,,,,,,,,,,,,
base,RS_minus_RP,-0.06521898501065167,-0.07826222238038764,-0.05144998210720223,0.0002,9999,711,1422,0,60,237,robustness_contrasts|run=base|sample=full_valid|stratum=conclusion_result|outcome=movement|kind=family_mean|quantity=RS_minus_RP,,movement,family_mean,,,RS − RP,full_valid,conclusion_result,,,,,,,,,,,,,,,,,,,,,,,,,,
base,NS_minus_NP,0.12778191589869223,0.10736044119708579,0.1487217640055398,0.0002,9999,711,1422,0,60,237,robustness_contrasts|run=base|sample=full_valid|stratum=inference_basis|outcome=movement|kind=family_mean|quantity=NS_minus_NP,,movement,family_mean,,,NS − NP,full_valid,inference_basis,,,,,,,,,,,,,,,,,,,,,,,,,,
base,RS_minus_RP,0.035768476599068705,0.019247081845695516,0.05294955727729832,0.0002,9999,711,1422,0,60,237,robustness_contrasts|run=base|sample=full_valid|stratum=inference_basis|outcome=movement|kind=family_mean|quantity=RS_minus_RP,,movement,family_mean,,,RS − RP,full_valid,inference_basis,,,,,,,,,,,,,,,,,,,,,,,,,,
base,NS_minus_NP,0.19140625,0.14582031250000005,0.23837313122923587,0.0002,9999,126,252,0,40,42,robustness_contrasts|run=base|sample=full_valid|stratum=m01_therefore|outcome=movement|kind=marker|quantity=NS_minus_NP,,movement,marker,,,NS − NP,full_valid,m01_therefore,,,,,,,,,,,,,,,,,,,,,,,,,,
base,RS_minus_RP,0.010937499999999998,-0.02185086382113821,0.04583806818181811,0.5268,9999,126,252,0,40,42,robustness_contrasts|run=base|sample=full_valid|stratum=m01_therefore|outcome=movement|kind=marker|quantity=RS_minus_RP,,movement,marker,,,RS − RP,full_valid,m01_therefore,,,,,,,,,,,,,,,,,,,,,,,,,,
base,NS_minus_NP,0.1971354166666667,0.1519381585249042,0.2412792088963963,0.0002,9999,126,252,0,40,42,robustness_contrasts|run=base|sample=full_valid|stratum=m02_consequently|outcome=movement|kind=marker|quantity=NS_minus_NP,,movement,marker,,,NS − NP,full_valid,m02_consequently,,,,,,,,,,,,,,,,,,,,,,,,,,
base,RS_minus_RP,-0.009895833333333336,-0.03935185185185186,0.020285087719298243,0.504,9999,126,252,0,40,42,robustness_contrasts|run=base|sample=full_valid|stratum=m02_consequently|outcome=movement|kind=marker|quantity=RS_minus_RP,,movement,marker,,,RS − RP,full_valid,m02_consequently,,,,,,,,,,,,,,,,,,,,,,,,,,
base,NS_minus_NP,0.19166666666666668,0.14387623856707318,0.241989536199095,0.0002,9999,123,246,0,40,41,robustness_contrasts|run=base|sample=full_valid|stratum=m03_thus|outcome=movement|kind=marker|quantity=NS_minus_NP,,movement,marker,,,NS − NP,full_valid,m03_thus,,,,,,,,,,,,,,,,,,,,,,,,,,
base,RS_minus_RP,-0.008333333333333335,-0.03590591755319148,0.019791666666666662,0.5438,9999,123,246,0,40,41,robustness_contrasts|run=base|sample=full_valid|stratum=m03_thus|outcome=movement|kind=marker|quantity=RS_minus_RP,,movement,marker,,,RS − RP,full_valid,m03_thus,,,,,,,,,,,,,,,,,,,,,,,,,,
base,NS_minus_NP,0.11168981481481481,0.06756671444171444,0.15914574430199427,0.0002,9999,108,216,0,36,36,robustness_contrasts|run=base|sample=full_valid|stratum=m04_accordingly|outcome=movement|kind=marker|quantity=NS_minus_NP,,movement,marker,,,NS − NP,full_valid,m04_accordingly,,,,,,,,,,,,,,,,,,,,,,,,,,
base,RS_minus_RP,-0.06886574074074076,-0.10595238095238095,-0.031564754689754705,0.0002,9999,108,216,0,36,36,robustness_contrasts|run=base|sample=full_valid|stratum=m04_accordingly|outcome=movement|kind=marker|quantity=RS_minus_RP,,movement,marker,,,RS − RP,full_valid,m04_accordingly,,,,,,,,,,,,,,,,,,,,,,,,,,
base,NS_minus_NP,0.06250000000000001,0.024479166666666666,0.0982914329594017,0.0028,9999,117,234,0,39,39,robustness_contrasts|run=base|sample=full_valid|stratum=m05_for_this_reason|outcome=movement|kind=marker|quantity=NS_minus_NP,,movement,marker,,,NS − NP,full_valid,m05_for_this_reason,,,,,,,,,,,,,,,,,,,,,,,,,,
base,RS_minus_RP,-0.05502136752136751,-0.08523338220918865,-0.024224806201550386,0.0006,9999,117,234,0,39,39,robustness_contrasts|run=base|sample=full_valid|stratum=m05_for_this_reason|outcome=movement|kind=marker|quantity=RS_minus_RP,,movement,marker,,,RS − RP,full_valid,m05_for_this_reason,,,,,,,,,,,,,,,,,,,,,,,,,,
base,NS_minus_NP,-0.07826576576576577,-0.12202380952380952,-0.039828431372549024,0.0002,9999,111,222,0,37,37,robustness_contrasts|run=base|sample=full_valid|stratum=m06_that_is_why|outcome=movement|kind=marker|quantity=NS_minus_NP,,movement,marker,,,NS − NP,full_valid,m06_that_is_why,,,,,,,,,,,,,,,,,,,,,,,,,,
base,RS_minus_RP,-0.2601351351351351,-0.2989864864864865,-0.22149122807017543,0.0002,9999,111,222,0,37,37,robustness_contrasts|run=base|sample=full_valid|stratum=m06_that_is_why|outcome=movement|kind=marker|quantity=RS_minus_RP,,movement,marker,,,RS − RP,full_valid,m06_that_is_why,,,,,,,,,,,,,,,,,,,,,,,,,,
base,NS_minus_NP,-0.17135416666666664,-0.24057539682539672,-0.1024751313813814,0.0002,9999,120,240,0,40,40,robustness_contrasts|run=base|sample=full_valid|stratum=m07_this_implies_that|outcome=movement|kind=marker|quantity=NS_minus_NP,,movement,marker,,,NS − NP,full_valid,m07_this_implies_that,,,,,,,,,,,,,,,,,,,,,,,,,,
base,RS_minus_RP,0.019791666666666662,-0.02500534188034187,0.0661473651960784,0.401,9999,120,240,0,40,40,robustness_contrasts|run=base|sample=full_valid|stratum=m07_this_implies_that|outcome=movement|kind=marker|quantity=RS_minus_RP,,movement,marker,,,RS − RP,full_valid,m07_this_implies_that,,,,,,,,,,,,,,,,,,,,,,,,,,
base,NS_minus_NP,0.219017094017094,0.1745489239239239,0.26801989489489486,0.0002,9999,120,240,0,39,40,robustness_contrasts|run=base|sample=full_valid|stratum=m08_it_follows_that|outcome=movement|kind=marker|quantity=NS_minus_NP,,movement,marker,,,NS − NP,full_valid,m08_it_follows_that,,,,,,,,,,,,,,,,,,,,,,,,,,
base,RS_minus_RP,0.0657051282051282,0.028409090909090905,0.10419034090909059,0.0006,9999,120,240,0,39,40,robustness_contrasts|run=base|sample=full_valid|stratum=m08_it_follows_that|outcome=movement|kind=marker|quantity=RS_minus_RP,,movement,marker,,,RS − RP,full_valid,m08_it_follows_that,,,,,,,,,,,,,,,,,,,,,,,,,,
base,NS_minus_NP,0.11041666666666668,0.06150793650793651,0.15705344767844764,0.0002,9999,123,246,0,40,41,robustness_contrasts|run=base|sample=full_valid|stratum=m09_on_that_basis|outcome=movement|kind=marker|quantity=NS_minus_NP,,movement,marker,,,NS − NP,full_valid,m09_on_that_basis,,,,,,,,,,,,,,,,,,,,,,,,,,
base,RS_minus_RP,-0.025520833333333336,-0.07346491228070175,0.022727272727272728,0.292,9999,123,246,0,40,41,robustness_contrasts|run=base|sample=full_valid|stratum=m09_on_that_basis|outcome=movement|kind=marker|quantity=RS_minus_RP,,movement,marker,,,RS − RP,full_valid,m09_on_that_basis,,,,,,,,,,,,,,,,,,,,,,,,,,
base,NS_minus_NP,0.15460526315789477,0.11431623931623933,0.19707423769923768,0.0002,9999,114,228,0,38,38,robustness_contrasts|run=base|sample=full_valid|stratum=m10_based_on_this|outcome=movement|kind=marker|quantity=NS_minus_NP,,movement,marker,,,NS − NP,full_valid,m10_based_on_this,,,,,,,,,,,,,,,,,,,,,,,,,,
base,RS_minus_RP,0.042214912280701754,0.00470346102150538,0.07882882882882883,0.0242,9999,114,228,0,38,38,robustness_contrasts|run=base|sample=full_valid|stratum=m10_based_on_this|outcome=movement|kind=marker|quantity=RS_minus_RP,,movement,marker,,,RS − RP,full_valid,m10_based_on_this,,,,,,,,,,,,,,,,,,,,,,,,,,
base,NS_minus_NP,0.24183558558558552,0.20565476190476195,0.2796052631578947,0.0002,9999,117,234,0,37,39,robustness_contrasts|run=base|sample=full_valid|stratum=m11_given_this|outcome=movement|kind=marker|quantity=NS_minus_NP,,movement,marker,,,NS − NP,full_valid,m11_given_this,,,,,,,,,,,,,,,,,,,,,,,,,,
base,RS_minus_RP,0.04279279279279279,0.015476190476190475,0.07196969696969698,0.002,9999,117,234,0,37,39,robustness_contrasts|run=base|sample=full_valid|stratum=m11_given_this|outcome=movement|kind=marker|quantity=RS_minus_RP,,movement,marker,,,RS − RP,full_valid,m11_given_this,,,,,,,,,,,,,,,,,,,,,,,,,,
base,NS_minus_NP,0.21217105263157895,0.1619754464285714,0.26157747821350763,0.0002,9999,117,234,0,38,39,robustness_contrasts|run=base|sample=full_valid|stratum=m12_in_view_of_this|outcome=movement|kind=marker|quantity=NS_minus_NP,,movement,marker,,,NS − NP,full_valid,m12_in_view_of_this,,,,,,,,,,,,,,,,,,,,,,,,,,
base,RS_minus_RP,0.06962719298245615,0.030448717948717955,0.10800438596491227,0.0004,9999,117,234,0,38,39,robustness_contrasts|run=base|sample=full_valid|stratum=m12_in_view_of_this|outcome=movement|kind=marker|quantity=RS_minus_RP,,movement,marker,,,RS − RP,full_valid,m12_in_view_of_this,,,,,,,,,,,,,,,,,,,,,,,,,,
base,NS_minus_NP,0.012760416666666663,-0.032986111111111105,0.05850694444444446,0.5848,9999,711,2133,0,60,237,robustness_contrasts|run=base|sample=full_valid|stratum=o1_minus_o2|outcome=movement|kind=order_difference|quantity=NS_minus_NP,,movement,order_difference,,,NS − NP,full_valid,o1_minus_o2,,,,,,,,,,,,,,,,,,,,,,,,,,
base,RP_minus_NP,0.1498263888888889,0.08211805555555551,0.21857638888888875,0.0002,9999,711,1422,0,60,237,robustness_contrasts|run=base|sample=full_valid|stratum=o1_minus_o2|outcome=movement|kind=order_difference|quantity=RP_minus_NP,,movement,order_difference,,,RP − NP,full_valid,o1_minus_o2,,,,,,,,,,,,,,,,,,,,,,,,,,
base,RS_minus_NS,0.11154513888888888,0.043923611111111135,0.18012152777777785,0.0016,9999,711,2844,0,60,237,robustness_contrasts|run=base|sample=full_valid|stratum=o1_minus_o2|outcome=movement|kind=order_difference|quantity=RS_minus_NS,,movement,order_difference,,,RS − NS,full_valid,o1_minus_o2,,,,,,,,,,,,,,,,,,,,,,,,,,
base,RS_minus_RP,-0.025520833333333336,-0.05963541666666667,0.008862847222222092,0.1488,9999,711,2133,0,60,237,robustness_contrasts|run=base|sample=full_valid|stratum=o1_minus_o2|outcome=movement|kind=order_difference|quantity=RS_minus_RP,,movement,order_difference,,,RS − RP,full_valid,o1_minus_o2,,,,,,,,,,,,,,,,,,,,,,,,,,
base,interaction,-0.038281249999999975,-0.08124999999999995,0.005386284722222171,0.0838,9999,711,4266,0,60,237,robustness_contrasts|run=base|sample=full_valid|stratum=o1_minus_o2|outcome=movement|kind=order_difference|quantity=interaction,,movement,order_difference,,,(RS − RP) − (NS − NP),full_valid,o1_minus_o2,,,,,,,,,,,,,,,,,,,,,,,,,,
base,NS_minus_NP,0.12778191589869223,0.10736044119708579,0.1487217640055398,0.0002,9999,711,1422,0,60,237,contrasts_by_marker_family|run=base|outcome=movement|marker_family=inference_basis|quantity=NS_minus_NP,,movement,,,,NS − NP,,,,,,,,,inference_basis,,,,,,,unweighted mean of six marker estimates,,,,,,,,,,,,
base,RS_minus_NS,0.18212649326958538,0.14993958964114484,0.2156302560053158,0.0002,9999,711,1422,0,60,237,contrasts_by_marker_family|run=base|outcome=movement|marker_family=inference_basis|quantity=RS_minus_NS,,movement,,,,RS − NS,,,,,,,,,inference_basis,,,,,,,unweighted mean of six marker estimates,,,,,,,,,,,,
base,RS_minus_RP,0.035768476599068705,0.019247081845695516,0.05294955727729832,0.0002,9999,711,1422,0,60,237,contrasts_by_marker_family|run=base|outcome=movement|marker_family=inference_basis|quantity=RS_minus_RP,,movement,,,,RS − RP,,,,,,,,,inference_basis,,,,,,,unweighted mean of six marker estimates,,,,,,,,,,,,
base,interaction,-0.09201343929962351,-0.11492817710199621,-0.0692077564626708,0.0002,9999,711,2844,0,60,237,contrasts_by_marker_family|run=base|outcome=movement|marker_family=inference_basis|quantity=interaction,,movement,,,,(RS − RP) − (NS − NP),,,,,,,,,inference_basis,,,,,,,unweighted mean of six marker estimates,,,,,,,,,,,,
base,NS_minus_NP,-0.17135416666666664,-0.24057539682539672,-0.1024751313813814,0.0002,9999,120,240,0,40,40,contrasts_by_individual_marker|run=base|outcome=movement|marker_id=m07_this_implies_that|quantity=NS_minus_NP,,movement,,,,NS − NP,,,,,,,m07_this_implies_that,,inference_basis,,,,,,,,explicit_inference,this implies that,0.009600000000000001,,,,,,,,,
base,RS_minus_NS,0.4104166666666667,0.3322903311965812,0.4876343816773504,0.0002,9999,120,240,0,40,40,contrasts_by_individual_marker|run=base|outcome=movement|marker_id=m07_this_implies_that|quantity=RS_minus_NS,,movement,,,,RS − NS,,,,,,,m07_this_implies_that,,inference_basis,,,,,,,,explicit_inference,this implies that,,,,,,,,,,
base,RS_minus_RP,0.019791666666666662,-0.02500534188034187,0.0661473651960784,0.401,9999,120,240,0,40,40,contrasts_by_individual_marker|run=base|outcome=movement|marker_id=m07_this_implies_that|quantity=RS_minus_RP,,movement,,,,RS − RP,,,,,,,m07_this_implies_that,,inference_basis,,,,,,,,explicit_inference,this implies that,1.0,,,,,,,,,
base,interaction,0.19114583333333335,0.13425925925925927,0.24733859890109877,0.0002,9999,120,480,0,40,40,contrasts_by_individual_marker|run=base|outcome=movement|marker_id=m07_this_implies_that|quantity=interaction,,movement,,,,(RS − RP) − (NS − NP),,,,,,,m07_this_implies_that,,inference_basis,,,,,,,,explicit_inference,this implies that,,,,,,,,,,
base,NS_minus_NP,0.219017094017094,0.1745489239239239,0.26801989489489486,0.0002,9999,120,240,0,39,40,contrasts_by_individual_marker|run=base|outcome=movement|marker_id=m08_it_follows_that|quantity=NS_minus_NP,,movement,,,,NS − NP,,,,,,,m08_it_follows_that,,inference_basis,,,,,,,,explicit_inference,it follows that,0.009600000000000001,,,,,,,,,
base,RS_minus_NS,0.1111111111111111,0.03668135155906897,0.18597915484968797,0.0046,9999,120,240,0,39,40,contrasts_by_individual_marker|run=base|outcome=movement|marker_id=m08_it_follows_that|quantity=RS_minus_NS,,movement,,,,RS − NS,,,,,,,m08_it_follows_that,,inference_basis,,,,,,,,explicit_inference,it follows that,,,,,,,,,,
base,RS_minus_RP,0.0657051282051282,0.028409090909090905,0.10419034090909059,0.0006,9999,120,240,0,39,40,contrasts_by_individual_marker|run=base|outcome=movement|marker_id=m08_it_follows_that|quantity=RS_minus_RP,,movement,,,,RS − RP,,,,,,,m08_it_follows_that,,inference_basis,,,,,,,,explicit_inference,it follows that,0.011999999999999999,,,,,,,,,
base,interaction,-0.15331196581196585,-0.20138888888888884,-0.10542743612596556,0.0002,9999,120,480,0,39,40,contrasts_by_individual_marker|run=base|outcome=movement|marker_id=m08_it_follows_that|quantity=interaction,,movement,,,,(RS − RP) − (NS − NP),,,,,,,m08_it_follows_that,,inference_basis,,,,,,,,explicit_inference,it follows that,,,,,,,,,,
base,NS_minus_NP,0.11041666666666668,0.06150793650793651,0.15705344767844764,0.0002,9999,123,246,0,40,41,contrasts_by_individual_marker|run=base|outcome=movement|marker_id=m09_on_that_basis|quantity=NS_minus_NP,,movement,,,,NS − NP,,,,,,,m09_on_that_basis,,inference_basis,,,,,,,,anaphoric_basis,on that basis,0.009600000000000001,,,,,,,,,
base,RS_minus_NS,0.1640625,0.07994158220720725,0.24226503759398485,0.0006,9999,123,246,0,40,41,contrasts_by_individual_marker|run=base|outcome=movement|marker_id=m09_on_that_basis|quantity=RS_minus_NS,,movement,,,,RS − NS,,,,,,,m09_on_that_basis,,inference_basis,,,,,,,,anaphoric_basis,on that basis,,,,,,,,,,
base,RS_minus_RP,-0.025520833333333336,-0.07346491228070175,0.022727272727272728,0.292,9999,123,246,0,40,41,contrasts_by_individual_marker|run=base|outcome=movement|marker_id=m09_on_that_basis|quantity=RS_minus_RP,,movement,,,,RS − RP,,,,,,,m09_on_that_basis,,inference_basis,,,,,,,,anaphoric_basis,on that basis,1.0,,,,,,,,,
base,interaction,-0.1359375,-0.19817138315613927,-0.07126937984496128,0.0002,9999,123,492,0,40,41,contrasts_by_individual_marker|run=base|outcome=movement|marker_id=m09_on_that_basis|quantity=interaction,,movement,,,,(RS − RP) − (NS − NP),,,,,,,m09_on_that_basis,,inference_basis,,,,,,,,anaphoric_basis,on that basis,,,,,,,,,,
base,NS_minus_NP,0.15460526315789477,0.11431623931623933,0.19707423769923768,0.0002,9999,114,228,0,38,38,contrasts_by_individual_marker|run=base|outcome=movement|marker_id=m10_based_on_this|quantity=NS_minus_NP,,movement,,,,NS − NP,,,,,,,m10_based_on_this,,inference_basis,,,,,,,,anaphoric_basis,based on this,0.009600000000000001,,,,,,,,,
base,RS_minus_NS,0.1343201754385965,0.07823495370370374,0.1917742898441428,0.0002,9999,114,228,0,38,38,contrasts_by_individual_marker|run=base|outcome=movement|marker_id=m10_based_on_this|quantity=RS_minus_NS,,movement,,,,RS − NS,,,,,,,m10_based_on_this,,inference_basis,,,,,,,,anaphoric_basis,based on this,,,,,,,,,,
base,RS_minus_RP,0.042214912280701754,0.00470346102150538,0.07882882882882883,0.0242,9999,114,228,0,38,38,contrasts_by_individual_marker|run=base|outcome=movement|marker_id=m10_based_on_this|quantity=RS_minus_RP,,movement,,,,RS − RP,,,,,,,m10_based_on_this,,inference_basis,,,,,,,,anaphoric_basis,based on this,0.3146,,,,,,,,,
base,interaction,-0.112390350877193,-0.15679824561403508,-0.06853070175438596,0.0002,9999,114,456,0,38,38,contrasts_by_individual_marker|run=base|outcome=movement|marker_id=m10_based_on_this|quantity=interaction,,movement,,,,(RS − RP) − (NS − NP),,,,,,,m10_based_on_this,,inference_basis,,,,,,,,anaphoric_basis,based on this,,,,,,,,,,
base,NS_minus_NP,0.24183558558558552,0.20565476190476195,0.2796052631578947,0.0002,9999,117,234,0,37,39,contrasts_by_individual_marker|run=base|outcome=movement|marker_id=m11_given_this|quantity=NS_minus_NP,,movement,,,,NS − NP,,,,,,,m11_given_this,,inference_basis,,,,,,,,anaphoric_basis,given this,0.009600000000000001,,,,,,,,,
base,RS_minus_NS,0.11824324324324324,0.03630325814536344,0.20182792467948713,0.0052,9999,117,234,0,37,39,contrasts_by_individual_marker|run=base|outcome=movement|marker_id=m11_given_this|quantity=RS_minus_NS,,movement,,,,RS − NS,,,,,,,m11_given_this,,inference_basis,,,,,,,,anaphoric_basis,given this,,,,,,,,,,
base,RS_minus_RP,0.04279279279279279,0.015476190476190475,0.07196969696969698,0.002,9999,117,234,0,37,39,contrasts_by_individual_marker|run=base|outcome=movement|marker_id=m11_given_this|quantity=RS_minus_RP,,movement,,,,RS − RP,,,,,,,m11_given_this,,inference_basis,,,,,,,,anaphoric_basis,given this,0.036000000000000004,,,,,,,,,
base,interaction,-0.19904279279279277,-0.2393162393162393,-0.1606168794802868,0.0002,9999,117,468,0,37,39,contrasts_by_individual_marker|run=base|outcome=movement|marker_id=m11_given_this|quantity=interaction,,movement,,,,(RS − RP) − (NS − NP),,,,,,,m11_given_this,,inference_basis,,,,,,,,anaphoric_basis,given this,,,,,,,,,,
base,NS_minus_NP,0.21217105263157895,0.1619754464285714,0.26157747821350763,0.0002,9999,117,234,0,38,39,contrasts_by_individual_marker|run=base|outcome=movement|marker_id=m12_in_view_of_this|quantity=NS_minus_NP,,movement,,,,NS − NP,,,,,,,m12_in_view_of_this,,inference_basis,,,,,,,,anaphoric_basis,in view of this,0.009600000000000001,,,,,,,,,
base,RS_minus_NS,0.15460526315789472,0.06835937500000001,0.24792162698412695,0.0006,9999,117,234,0,38,39,contrasts_by_individual_marker|run=base|outcome=movement|marker_id=m12_in_view_of_this|quantity=RS_minus_NS,,movement,,,,RS − NS,,,,,,,m12_in_view_of_this,,inference_basis,,,,,,,,anaphoric_basis,in view of this,,,,,,,,,,
base,RS_minus_RP,0.06962719298245615,0.030448717948717955,0.10800438596491227,0.0004,9999,117,234,0,38,39,contrasts_by_individual_marker|run=base|outcome=movement|marker_id=m12_in_view_of_this|quantity=RS_minus_RP,,movement,,,,RS − RP,,,,,,,m12_in_view_of_this,,inference_basis,,,,,,,,anaphoric_basis,in view of this,0.009600000000000001,,,,,,,,,
base,interaction,-0.14254385964912278,-0.21264618417535422,-0.06993444337194346,0.0002,9999,117,468,0,38,39,contrasts_by_individual_marker|run=base|outcome=movement|marker_id=m12_in_view_of_this|quantity=interaction,,movement,,,,(RS − RP) − (NS − NP),,,,,,,m12_in_view_of_this,,inference_basis,,,,,,,,anaphoric_basis,in view of this,,,,,,,,,,
base,interaction,-0.13600983796296298,-0.15888310185185187,-0.11435112847222224,0.0002,9999,711,4266,0,60,237,core_contrasts_movement|run=base|outcome=movement|quantity=interaction,,movement,,,,(RS − RP) − (NS − NP),,,,,,,,,,interaction_reported_separately,,,,,,,,,,,,,,,,,,
base,interaction,-0.13780381944444445,-0.16390971658549783,-0.11203940446127948,0.0002,9999,510,3060,0,56,170,near_tie_sensitivity|run=base|outcome=movement|quantity=interaction,,movement,,,,(RS − RP) − (NS − NP),,,,,,,,,,,,-0.13600983796296298,sensitivity (|m_before| >= tau); full sample primary,,,,,,,,,,,,,,,
base,NS_minus_NP,0.012760416666666663,-0.032986111111111105,0.05850694444444446,0.5848,9999,711,2133,0,60,237,order_heterogeneity|run=base|outcome=movement|comparison=o1_minus_o2|quantity=NS_minus_NP,o1_minus_o2,movement,,,,NS − NP,,,,,,,,,,,,,,,,,,,,0.12855902777777778,0.11579861111111112,True,True,,,,,
base,RP_minus_NP,0.1498263888888889,0.08211805555555551,0.21857638888888875,0.0002,9999,711,1422,0,60,237,order_heterogeneity|run=base|outcome=movement|comparison=o1_minus_o2|quantity=RP_minus_NP,o1_minus_o2,movement,,,,RP − NP,,,,,,,,,,,,,,,,,,,,0.3453125,0.1954861111111111,True,True,,,,,
base,RS_minus_NS,0.11154513888888888,0.043923611111111135,0.18012152777777785,0.0016,9999,711,2844,0,60,237,order_heterogeneity|run=base|outcome=movement|comparison=o1_minus_o2|quantity=RS_minus_NS,o1_minus_o2,movement,,,,RS − NS,,,,,,,,,,,,,,,,,,,,0.19140625,0.07986111111111112,True,True,,,,,
base,RS_minus_RP,-0.025520833333333336,-0.05963541666666667,0.008862847222222092,0.1488,9999,711,2133,0,60,237,order_heterogeneity|run=base|outcome=movement|comparison=o1_minus_o2|quantity=RS_minus_RP,o1_minus_o2,movement,,,,RS − RP,,,,,,,,,,,,,,,,,,,,-0.025347222222222226,0.0001736111111111105,False,False,,,,,
base,interaction,-0.038281249999999975,-0.08124999999999995,0.005386284722222171,0.0838,9999,711,4266,0,60,237,order_heterogeneity|run=base|outcome=movement|comparison=o1_minus_o2|quantity=interaction,o1_minus_o2,movement,,,,(RS − RP) − (NS − NP),,,,,,,,,,,,,,,,,,,,-0.15390625,-0.11562500000000002,True,True,,,,,
base,NS_minus_NP,-0.13715277777777776,-0.16410807291666665,-0.10954861111111114,0.0002,9999,474,1422,0,60,237,opening_heterogeneity|run=base|outcome=movement|comparison=stance_alternative_minus_stance_disagreement|quantity=NS_minus_NP,stance_alternative_minus_stance_disagreement,movement,,,,NS − NP,,,,,,,,,,,,,,,,,,,,0.01831597222222222,0.15546875,,,,,,,
base,RP_minus_NP,0.012934027777777773,-0.01649305555555558,0.040885416666666674,0.3926,9999,474,948,0,60,237,opening_heterogeneity|run=base|outcome=movement|comparison=stance_alternative_minus_stance_disagreement|quantity=RP_minus_NP,stance_alternative_minus_stance_disagreement,movement,,,,RP − NP,,,,,,,,,,,,,,,,,,,,0.24565972222222224,0.23272569444444446,,,,,,,
base,RS_minus_NS,0.1357638888888889,0.11102430555555559,0.1609375,0.0002,9999,474,1896,0,60,237,opening_heterogeneity|run=base|outcome=movement|comparison=stance_alternative_minus_stance_disagreement|quantity=RS_minus_NS,stance_alternative_minus_stance_disagreement,movement,,,,RS − NS,,,,,,,,,,,,,,,,,,,,0.1965277777777778,0.06076388888888889,,,,,,,
base,RS_minus_RP,-0.014322916666666668,-0.029906684027777776,0.0011718749999999995,0.0692,9999,474,1422,0,60,237,opening_heterogeneity|run=base|outcome=movement|comparison=stance_alternative_minus_stance_disagreement|quantity=RS_minus_RP,stance_alternative_minus_stance_disagreement,movement,,,,RS − RP,,,,,,,,,,,,,,,,,,,,-0.030815972222222224,-0.016493055555555556,,,,,,,
base,interaction,0.1228298611111111,0.09544270833333335,0.15134548611111112,0.0002,9999,474,2844,0,60,237,opening_heterogeneity|run=base|outcome=movement|comparison=stance_alternative_minus_stance_disagreement|quantity=interaction,stance_alternative_minus_stance_disagreement,movement,,,,(RS − RP) − (NS − NP),,,,,,,,,,,,,,,,,,,,-0.04913194444444444,-0.17196180555555554,,,,,,,
base,NS_minus_NP,-0.03645418316034927,-0.10992887481439595,0.03724047560619833,0.3386,9999,711,0,0,60,237,margin_moderation|run=base|term=slope_per_logit_abs_m_before|quantity=NS_minus_NP,,,,,,NS − NP,,,,,,,,,,,,,,,,,,,,,,,,slope_per_logit_abs_m_before,,,,
base,RP_minus_NP,0.14023423762628917,0.04693096356140647,0.24714849697152225,0.0036,9999,711,0,0,60,237,margin_moderation|run=base|term=slope_per_logit_abs_m_before|quantity=RP_minus_NP,,,,,,RP − NP,,,,,,,,,,,,,,,,,,,,,,,,slope_per_logit_abs_m_before,,,,
base,RS_minus_NS,0.13118637802730618,0.04393785595410516,0.22894414742407168,0.0036,9999,711,0,0,60,237,margin_moderation|run=base|term=slope_per_logit_abs_m_before|quantity=RS_minus_NS,,,,,,RS − NS,,,,,,,,,,,,,,,,,,,,,,,,slope_per_logit_abs_m_before,,,,
base,RS_minus_RP,-0.04550204275933136,-0.0874894884707958,-0.005542207958708567,0.0226,9999,711,0,0,60,237,margin_moderation|run=base|term=slope_per_logit_abs_m_before|quantity=RS_minus_RP,,,,,,RS − RP,,,,,,,,,,,,,,,,,,,,,,,,slope_per_logit_abs_m_before,,,,
base,interaction,-0.009047859598981637,-0.08800574635857693,0.06626992939794647,0.8126,9999,711,0,0,60,237,margin_moderation|run=base|term=slope_per_logit_abs_m_before|quantity=interaction,,,,,,(RS − RP) − (NS − NP),,,,,,,,,,,,,,,,,,,,,,,,slope_per_logit_abs_m_before,,,,
base,NS_minus_NP,0.1171875,0.052083333333333336,0.18326231060606024,0.0002,9999,42,84,0,40,42,marker_by_opening|run=base|marker_id=m01_therefore|opening_id=stance_alternative|quantity=NS_minus_NP,,,,,,NS − NP,,,,,,,m01_therefore,stance_alternative,conclusion_result,,,,,,,,,,,,,,,,,,,
base,RS_minus_RP,-0.0140625,-0.05682449494949492,0.03205128205128205,0.5558,9999,42,84,0,40,42,marker_by_opening|run=base|marker_id=m01_therefore|opening_id=stance_alternative|quantity=RS_minus_RP,,,,,,RS − RP,,,,,,,m01_therefore,stance_alternative,conclusion_result,,,,,,,,,,,,,,,,,,,
base,NS_minus_NP,0.1015625,0.043154761904761904,0.15953947368421054,0.0006,9999,42,84,0,40,42,marker_by_opening|run=base|marker_id=m02_consequently|opening_id=stance_alternative|quantity=NS_minus_NP,,,,,,NS − NP,,,,,,,m02_consequently,stance_alternative,conclusion_result,,,,,,,,,,,,,,,,,,,
base,RS_minus_RP,-0.034375,-0.07118257428940568,0.002976190476190476,0.0746,9999,42,84,0,40,42,marker_by_opening|run=base|marker_id=m02_consequently|opening_id=stance_alternative|quantity=RS_minus_RP,,,,,,RS − RP,,,,,,,m02_consequently,stance_alternative,conclusion_result,,,,,,,,,,,,,,,,,,,
base,NS_minus_NP,0.065625,0.0078125,0.12321428571428572,0.0284,9999,41,82,0,40,41,marker_by_opening|run=base|marker_id=m03_thus|opening_id=stance_alternative|quantity=NS_minus_NP,,,,,,NS − NP,,,,,,,m03_thus,stance_alternative,conclusion_result,,,,,,,,,,,,,,,,,,,
base,RS_minus_RP,-0.0359375,-0.075,0.0033783783783783786,0.0792,9999,41,82,0,40,41,marker_by_opening|run=base|marker_id=m03_thus|opening_id=stance_alternative|quantity=RS_minus_RP,,,,,,RS − RP,,,,,,,m03_thus,stance_alternative,conclusion_result,,,,,,,,,,,,,,,,,,,
base,NS_minus_NP,-0.03993055555555555,-0.0976612580128205,0.01645220588235287,0.1736,9999,36,72,0,36,36,marker_by_opening|run=base|marker_id=m04_accordingly|opening_id=stance_alternative|quantity=NS_minus_NP,,,,,,NS − NP,,,,,,,m04_accordingly,stance_alternative,conclusion_result,,,,,,,,,,,,,,,,,,,
base,RS_minus_RP,-0.08854166666666667,-0.14743589743589744,-0.03409090909090909,0.0014,9999,36,72,0,36,36,marker_by_opening|run=base|marker_id=m04_accordingly|opening_id=stance_alternative|quantity=RS_minus_RP,,,,,,RS − RP,,,,,,,m04_accordingly,stance_alternative,conclusion_result,,,,,,,,,,,,,,,,,,,
base,NS_minus_NP,-0.016025641025641024,-0.06845238095238096,0.03516125801282044,0.567,9999,39,78,0,39,39,marker_by_opening|run=base|marker_id=m05_for_this_reason|opening_id=stance_alternative|quantity=NS_minus_NP,,,,,,NS − NP,,,,,,,m05_for_this_reason,stance_alternative,conclusion_result,,,,,,,,,,,,,,,,,,,
base,RS_minus_RP,-0.041666666666666664,-0.08335700757575747,-0.001524390243902439,0.0486,9999,39,78,0,39,39,marker_by_opening|run=base|marker_id=m05_for_this_reason|opening_id=stance_alternative|quantity=RS_minus_RP,,,,,,RS − RP,,,,,,,m05_for_this_reason,stance_alternative,conclusion_result,,,,,,,,,,,,,,,,,,,
base,NS_minus_NP,-0.03209459459459459,-0.09558823529411764,0.03125,0.3354,9999,37,74,0,37,37,marker_by_opening|run=base|marker_id=m06_that_is_why|opening_id=stance_alternative|quantity=NS_minus_NP,,,,,,NS − NP,,,,,,,m06_that_is_why,stance_alternative,conclusion_result,,,,,,,,,,,,,,,,,,,
base,RS_minus_RP,-0.23310810810810811,-0.28634326550387595,-0.1798780487804878,0.0002,9999,37,74,0,37,37,marker_by_opening|run=base|marker_id=m06_that_is_why|opening_id=stance_alternative|quantity=RS_minus_RP,,,,,,RS − RP,,,,,,,m06_that_is_why,stance_alternative,conclusion_result,,,,,,,,,,,,,,,,,,,
base,NS_minus_NP,-0.1265625,-0.2027439024390244,-0.0515625,0.0018,9999,40,80,0,40,40,marker_by_opening|run=base|marker_id=m07_this_implies_that|opening_id=stance_alternative|quantity=NS_minus_NP,,,,,,NS − NP,,,,,,,m07_this_implies_that,stance_alternative,inference_basis,,,,,,,,,,,,,,,,,,,
base,RS_minus_RP,0.0328125,-0.02533783783783784,0.090625,0.2788,9999,40,80,0,40,40,marker_by_opening|run=base|marker_id=m07_this_implies_that|opening_id=stance_alternative|quantity=RS_minus_RP,,,,,,RS − RP,,,,,,,m07_this_implies_that,stance_alternative,inference_basis,,,,,,,,,,,,,,,,,,,
base,NS_minus_NP,0.07532051282051282,0.025387985641891903,0.12664473684210525,0.004,9999,40,80,0,39,40,marker_by_opening|run=base|marker_id=m08_it_follows_that|opening_id=stance_alternative|quantity=NS_minus_NP,,,,,,NS − NP,,,,,,,m08_it_follows_that,stance_alternative,inference_basis,,,,,,,,,,,,,,,,,,,
base,RS_minus_RP,0.052884615384615384,0.0031211890243902606,0.10357142857142858,0.0402,9999,40,80,0,39,40,marker_by_opening|run=base|marker_id=m08_it_follows_that|opening_id=stance_alternative|quantity=RS_minus_RP,,,,,,RS − RP,,,,,,,m08_it_follows_that,stance_alternative,inference_basis,,,,,,,,,,,,,,,,,,,
base,NS_minus_NP,-0.0125,-0.07501420454545449,0.05099431818181807,0.705,9999,41,82,0,40,41,marker_by_opening|run=base|marker_id=m09_on_that_basis|opening_id=stance_alternative|quantity=NS_minus_NP,,,,,,NS − NP,,,,,,,m09_on_that_basis,stance_alternative,inference_basis,,,,,,,,,,,,,,,,,,,
base,RS_minus_RP,-0.053125,-0.11317567567567567,0.007357317927170805,0.0952,9999,41,82,0,40,41,marker_by_opening|run=base|marker_id=m09_on_that_basis|opening_id=stance_alternative|quantity=RS_minus_RP,,,,,,RS − RP,,,,,,,m09_on_that_basis,stance_alternative,inference_basis,,,,,,,,,,,,,,,,,,,
base,NS_minus_NP,-0.09539473684210527,-0.14821428571428572,-0.04595588235294118,0.0002,9999,38,76,0,38,38,marker_by_opening|run=base|marker_id=m10_based_on_this|opening_id=stance_alternative|quantity=NS_minus_NP,,,,,,NS − NP,,,,,,,m10_based_on_this,stance_alternative,inference_basis,,,,,,,,,,,,,,,,,,,
base,RS_minus_RP,-0.04111842105263158,-0.08493589743589744,0.003472222222222222,0.079,9999,38,76,0,38,38,marker_by_opening|run=base|marker_id=m10_based_on_this|opening_id=stance_alternative|quantity=RS_minus_RP,,,,,,RS − RP,,,,,,,m10_based_on_this,stance_alternative,inference_basis,,,,,,,,,,,,,,,,,,,
base,NS_minus_NP,0.10472972972972973,0.04820741758241762,0.16447368421052633,0.0006,9999,39,78,0,37,39,marker_by_opening|run=base|marker_id=m11_given_this|opening_id=stance_alternative|quantity=NS_minus_NP,,,,,,NS − NP,,,,,,,m11_given_this,stance_alternative,inference_basis,,,,,,,,,,,,,,,,,,,
base,RS_minus_RP,0.02027027027027027,-0.024305555555555556,0.06907894736842106,0.4266,9999,39,78,0,37,39,marker_by_opening|run=base|marker_id=m11_given_this|opening_id=stance_alternative|quantity=RS_minus_RP,,,,,,RS − RP,,,,,,,m11_given_this,stance_alternative,inference_basis,,,,,,,,,,,,,,,,,,,
base,NS_minus_NP,0.02631578947368421,-0.04054054054054054,0.090625,0.4574,9999,39,78,0,38,39,marker_by_opening|run=base|marker_id=m12_in_view_of_this|opening_id=stance_alternative|quantity=NS_minus_NP,,,,,,NS − NP,,,,,,,m12_in_view_of_this,stance_alternative,inference_basis,,,,,,,,,,,,,,,,,,,
base,RS_minus_RP,0.03618421052631579,-0.019097222222222224,0.09078674948240147,0.2062,9999,39,78,0,38,39,marker_by_opening|run=base|marker_id=m12_in_view_of_this|opening_id=stance_alternative|quantity=RS_minus_RP,,,,,,RS − RP,,,,,,,m12_in_view_of_this,stance_alternative,inference_basis,,,,,,,,,,,,,,,,,,,
base,NS_minus_NP,0.22734375,0.17881742571059434,0.27713815789473684,0.0002,9999,42,84,0,40,42,marker_by_opening|run=base|marker_id=m01_therefore|opening_id=stance_disagreement|quantity=NS_minus_NP,,,,,,NS − NP,,,,,,,m01_therefore,stance_disagreement,conclusion_result,,,,,,,,,,,,,,,,,,,
base,RS_minus_RP,0.0234375,-0.015625,0.06398809523809523,0.2488,9999,42,84,0,40,42,marker_by_opening|run=base|marker_id=m01_therefore|opening_id=stance_disagreement|quantity=RS_minus_RP,,,,,,RS − RP,,,,,,,m01_therefore,stance_disagreement,conclusion_result,,,,,,,,,,,,,,,,,,,
base,NS_minus_NP,0.21328125,0.16456989247311835,0.26013513513513514,0.0002,9999,42,84,0,40,42,marker_by_opening|run=base|marker_id=m02_consequently|opening_id=stance_disagreement|quantity=NS_minus_NP,,,,,,NS − NP,,,,,,,m02_consequently,stance_disagreement,conclusion_result,,,,,,,,,,,,,,,,,,,
base,RS_minus_RP,-0.0125,-0.046875,0.0234375,0.5222,9999,42,84,0,40,42,marker_by_opening|run=base|marker_id=m02_consequently|opening_id=stance_disagreement|quantity=RS_minus_RP,,,,,,RS − RP,,,,,,,m02_consequently,stance_disagreement,conclusion_result,,,,,,,,,,,,,,,,,,,
base,NS_minus_NP,0.259375,0.19375,0.3273841873706004,0.0002,9999,41,82,0,40,41,marker_by_opening|run=base|marker_id=m03_thus|opening_id=stance_disagreement|quantity=NS_minus_NP,,,,,,NS − NP,,,,,,,m03_thus,stance_disagreement,conclusion_result,,,,,,,,,,,,,,,,,,,
base,RS_minus_RP,-0.0328125,-0.06398809523809523,-0.002972729789590305,0.0392,9999,41,82,0,40,41,marker_by_opening|run=base|marker_id=m03_thus|opening_id=stance_disagreement|quantity=RS_minus_RP,,,,,,RS − RP,,,,,,,m03_thus,stance_disagreement,conclusion_result,,,,,,,,,,,,,,,,,,,
base,NS_minus_NP,0.140625,0.09027777777777778,0.19256756756756757,0.0002,9999,36,72,0,36,36,marker_by_opening|run=base|marker_id=m04_accordingly|opening_id=stance_disagreement|quantity=NS_minus_NP,,,,,,NS − NP,,,,,,,m04_accordingly,stance_disagreement,conclusion_result,,,,,,,,,,,,,,,,,,,
base,RS_minus_RP,-0.07465277777777778,-0.11148648648648649,-0.03782703488372096,0.0002,9999,36,72,0,36,36,marker_by_opening|run=base|marker_id=m04_accordingly|opening_id=stance_disagreement|quantity=RS_minus_RP,,,,,,RS − RP,,,,,,,m04_accordingly,stance_disagreement,conclusion_result,,,,,,,,,,,,,,,,,,,
base,NS_minus_NP,0.08173076923076923,0.0339248511904762,0.1282051282051282,0.002,9999,39,78,0,39,39,marker_by_opening|run=base|marker_id=m05_for_this_reason|opening_id=stance_disagreement|quantity=NS_minus_NP,,,,,,NS − NP,,,,,,,m05_for_this_reason,stance_disagreement,conclusion_result,,,,,,,,,,,,,,,,,,,
base,RS_minus_RP,-0.08493589743589744,-0.1234774245063879,-0.04420731707317073,0.0002,9999,39,78,0,39,39,marker_by_opening|run=base|marker_id=m05_for_this_reason|opening_id=stance_disagreement|quantity=RS_minus_RP,,,,,,RS − RP,,,,,,,m05_for_this_reason,stance_disagreement,conclusion_result,,,,,,,,,,,,,,,,,,,
base,NS_minus_NP,-0.17398648648648649,-0.22596860859728504,-0.125,0.0002,9999,37,74,0,37,37,marker_by_opening|run=base|marker_id=m06_that_is_why|opening_id=stance_disagreement|quantity=NS_minus_NP,,,,,,NS − NP,,,,,,,m06_that_is_why,stance_disagreement,conclusion_result,,,,,,,,,,,,,,,,,,,
base,RS_minus_RP,-0.3344594594594595,-0.3767857142857143,-0.2932692307692308,0.0002,9999,37,74,0,37,37,marker_by_opening|run=base|marker_id=m06_that_is_why|opening_id=stance_disagreement|quantity=RS_minus_RP,,,,,,RS − RP,,,,,,,m06_that_is_why,stance_disagreement,conclusion_result,,,,,,,,,,,,,,,,,,,
base,NS_minus_NP,-0.346875,-0.446875,-0.25,0.0002,9999,40,80,0,40,40,marker_by_opening|run=base|marker_id=m07_this_implies_that|opening_id=stance_disagreement|quantity=NS_minus_NP,,,,,,NS − NP,,,,,,,m07_this_implies_that,stance_disagreement,inference_basis,,,,,,,,,,,,,,,,,,,
base,RS_minus_RP,0.0140625,-0.050595238095238096,0.07639756944444433,0.6654,9999,40,80,0,40,40,marker_by_opening|run=base|marker_id=m07_this_implies_that|opening_id=stance_disagreement|quantity=RS_minus_RP,,,,,,RS − RP,,,,,,,m07_this_implies_that,stance_disagreement,inference_basis,,,,,,,,,,,,,,,,,,,
base,NS_minus_NP,0.27724358974358976,0.21006944444444445,0.3445141494684177,0.0002,9999,40,80,0,39,40,marker_by_opening|run=base|marker_id=m08_it_follows_that|opening_id=stance_disagreement|quantity=NS_minus_NP,,,,,,NS − NP,,,,,,,m08_it_follows_that,stance_disagreement,inference_basis,,,,,,,,,,,,,,,,,,,
base,RS_minus_RP,0.05929487179487179,0.01636904761904762,0.10526315789473684,0.008,9999,40,80,0,39,40,marker_by_opening|run=base|marker_id=m08_it_follows_that|opening_id=stance_disagreement|quantity=RS_minus_RP,,,,,,RS − RP,,,,,,,m08_it_follows_that,stance_disagreement,inference_basis,,,,,,,,,,,,,,,,,,,
base,NS_minus_NP,0.1546875,0.09628378378378379,0.2109375,0.0002,9999,41,82,0,40,41,marker_by_opening|run=base|marker_id=m09_on_that_basis|opening_id=stance_disagreement|quantity=NS_minus_NP,,,,,,NS − NP,,,,,,,m09_on_that_basis,stance_disagreement,inference_basis,,,,,,,,,,,,,,,,,,,
base,RS_minus_RP,-0.034375,-0.08079268292682927,0.013888888888888888,0.1654,9999,41,82,0,40,41,marker_by_opening|run=base|marker_id=m09_on_that_basis|opening_id=stance_disagreement|quantity=RS_minus_RP,,,,,,RS − RP,,,,,,,m09_on_that_basis,stance_disagreement,inference_basis,,,,,,,,,,,,,,,,,,,
base,NS_minus_NP,0.31743421052631576,0.271875,0.36348684210526316,0.0002,9999,38,76,0,38,38,marker_by_opening|run=base|marker_id=m10_based_on_this|opening_id=stance_disagreement|quantity=NS_minus_NP,,,,,,NS − NP,,,,,,,m10_based_on_this,stance_disagreement,inference_basis,,,,,,,,,,,,,,,,,,,
base,RS_minus_RP,0.08552631578947369,0.03214285714285714,0.13911748533724333,0.0016,9999,38,76,0,38,38,marker_by_opening|run=base|marker_id=m10_based_on_this|opening_id=stance_disagreement|quantity=RS_minus_RP,,,,,,RS − RP,,,,,,,m10_based_on_this,stance_disagreement,inference_basis,,,,,,,,,,,,,,,,,,,
base,NS_minus_NP,0.36655405405405406,0.32164634146341464,0.41320004480286726,0.0002,9999,39,78,0,37,39,marker_by_opening|run=base|marker_id=m11_given_this|opening_id=stance_disagreement|quantity=NS_minus_NP,,,,,,NS − NP,,,,,,,m11_given_this,stance_disagreement,inference_basis,,,,,,,,,,,,,,,,,,,
base,RS_minus_RP,0.06925675675675676,0.033921332046332076,0.10606060606060606,0.0002,9999,39,78,0,37,39,marker_by_opening|run=base|marker_id=m11_given_this|opening_id=stance_disagreement|quantity=RS_minus_RP,,,,,,RS − RP,,,,,,,m11_given_this,stance_disagreement,inference_basis,,,,,,,,,,,,,,,,,,,
base,NS_minus_NP,0.3207236842105263,0.25844594594594594,0.38095963995354226,0.0002,9999,39,78,0,38,39,marker_by_opening|run=base|marker_id=m12_in_view_of_this|opening_id=stance_disagreement|quantity=NS_minus_NP,,,,,,NS − NP,,,,,,,m12_in_view_of_this,stance_disagreement,inference_basis,,,,,,,,,,,,,,,,,,,
base,RS_minus_RP,0.09539473684210527,0.05263157894736842,0.13815789473684212,0.0004,9999,39,78,0,38,39,marker_by_opening|run=base|marker_id=m12_in_view_of_this|opening_id=stance_disagreement|quantity=RS_minus_RP,,,,,,RS − RP,,,,,,,m12_in_view_of_this,stance_disagreement,inference_basis,,,,,,,,,,,,,,,,,,,
base,NS_minus_NP,0.12342303240740739,0.10138816550925928,0.1469668692129629,0.0002,9999,711,0,0,60,237,margin_moderation|run=base|term=weighted_mean|quantity=NS_minus_NP,,,,,,NS − NP,,,,,,,,,,,,,,,,,,,,,,,,weighted_mean,,,,
base,RP_minus_NP,0.27285879629629617,0.23793402777777775,0.3083347800925926,0.0002,9999,711,0,0,60,237,margin_moderation|run=base|term=weighted_mean|quantity=RP_minus_NP,,,,,,RP − NP,,,,,,,,,,,,,,,,,,,,,,,,weighted_mean,,,,
base,RS_minus_NS,0.13684895833333335,0.10471064814814819,0.169603587962963,0.0002,9999,711,0,0,60,237,margin_moderation|run=base|term=weighted_mean|quantity=RS_minus_NS,,,,,,RS − NS,,,,,,,,,,,,,,,,,,,,,,,,weighted_mean,,,,
base,RS_minus_RP,-0.012586805555555547,-0.02565104166666667,0.00043619791666663733,0.059,9999,711,0,0,60,237,margin_moderation|run=base|term=weighted_mean|quantity=RS_minus_RP,,,,,,RS − RP,,,,,,,,,,,,,,,,,,,,,,,,weighted_mean,,,,
base,interaction,-0.13600983796296298,-0.15888310185185187,-0.11435112847222224,0.0002,9999,711,0,0,60,237,margin_moderation|run=base|term=weighted_mean|quantity=interaction,,,,,,(RS − RP) − (NS − NP),,,,,,,,,,,,,,,,,,,,,,,,weighted_mean,,,,
,NP,0.037491582491582576,0.015833333333333366,0.06424452861952888,0.0004,9999,1339,1339,1339,60,454,base_vs_instruct|outcome=flip|kind=cell|quantity=NP,,flip,cell,,,,,,,,,,,,,,,,,,,,,,,,,,,,0.9625084175084174,1.0,instruct_minus_base,association between checkpoints and prompt formats
,NS,0.018308080808080884,0.007070707070707116,0.031376262626262585,0.0004,9999,1359,2718,2694,60,454,base_vs_instruct|outcome=flip|kind=cell|quantity=NS,,flip,cell,,,,,,,,,,,,,,,,,,,,,,,,,,,,0.9816919191919191,1.0,instruct_minus_base,association between checkpoints and prompt formats
,RP,0.027159090909090966,0.01069444444444445,0.04724747474747482,0.0006,9999,1350,1350,1350,60,453,base_vs_instruct|outcome=flip|kind=cell|quantity=RP,,flip,cell,,,,,,,,,,,,,,,,,,,,,,,,,,,,0.972840909090909,1.0,instruct_minus_base,association between checkpoints and prompt formats
,RS,0.023194444444444406,0.00833333333333341,0.04171296296296301,0.0002,9999,1354,2708,2691,60,453,base_vs_instruct|outcome=flip|kind=cell|quantity=RS,,flip,cell,,,,,,,,,,,,,,,,,,,,,,,,,,,,0.9768055555555556,1.0,instruct_minus_base,association between checkpoints and prompt formats
,NS_minus_NP,-0.014313973063973062,-0.02886132154882154,-0.0021296296296296293,0.013,9999,1336,4008,3994,60,454,base_vs_instruct|outcome=flip|kind=contrast|quantity=NS_minus_NP,,flip,contrast,,,NS − NP,,,,,,,,,,,,,,,,,,,,,,,,,0.014313973063973062,0.0,instruct_minus_base,association between checkpoints and prompt formats
,RP_minus_NP,-0.007348484848484848,-0.022356902356902353,0.007004629629629611,0.3268,9999,1330,2660,2660,60,453,base_vs_instruct|outcome=flip|kind=contrast|quantity=RP_minus_NP,,flip,contrast,,,RP − NP,,,,,,,,,,,,,,,,,,,,,,,,,0.007348484848484848,0.0,instruct_minus_base,association between checkpoints and prompt formats
,RS_minus_NS,0.010416666666666666,-0.0013888888888888887,0.025694444444444443,0.094,9999,1353,5412,5373,60,453,base_vs_instruct|outcome=flip|kind=contrast|quantity=RS_minus_NS,,flip,contrast,,,RS − NS,,,,,,,,,,,,,,,,,,,,,,,,,-0.010416666666666666,0.0,instruct_minus_base,association between checkpoints and prompt formats
,RS_minus_RP,0.0006944444444444443,-0.007870370370370371,0.00949074074074074,0.9232,9999,1346,4038,4024,60,453,base_vs_instruct|outcome=flip|kind=contrast|quantity=RS_minus_RP,,flip,contrast,,,RS − RP,,,,,,,,,,,,,,,,,,,,,,,,,-0.0006944444444444443,0.0,instruct_minus_base,association between checkpoints and prompt formats
,interaction,0.011346801346801346,-0.0027356902356902354,0.02829166666666666,0.1304,9999,1325,7950,7928,60,452,base_vs_instruct|outcome=flip|kind=contrast|quantity=interaction,,flip,contrast,,,(RS − RP) − (NS − NP),,,,,,,,,,,,,,,,,,,,,,,,,-0.011346801346801346,0.0,instruct_minus_base,association between checkpoints and prompt formats
instruct,NP,1.0,1.0,1.0,0.0002,9999,690,690,690,60,230,condition_descriptives_flip|run=instruct|quantity=NP,,,,,,,,,,,,,,,,,,,,,,,,,,,,,,,,,,
instruct,NP,7.869155092592593,7.618949652777779,8.135619212962963,0.0002,9999,690,690,0,60,230,condition_descriptives_movement|run=instruct|quantity=NP,,,,,,,,,,,,,,,,,,,,,,,,,,,,,,,,,,
instruct,NS,1.0,1.0,1.0,0.0002,9999,690,1380,1380,60,230,condition_descriptives_flip|run=instruct|quantity=NS,,,,,,,,,,,,,,,,,,,,,,,,,,,,,,,,,,
instruct,NS,7.1148437499999995,6.867385706018518,7.379762008101849,0.0002,9999,690,1380,0,60,230,condition_descriptives_movement|run=instruct|quantity=NS,,,,,,,,,,,,,,,,,,,,,,,,,,,,,,,,,,
instruct,NS_minus_NP,-0.6068218954248366,-0.6928507039835163,-0.5249007283834587,0.0002,9999,174,522,0,34,58,margin_quartiles|run=instruct|quartile=Q1|quantity=NS_minus_NP,,,,,,NS − NP,,,Q1,0.65625,1.25,2.46875,,,,,,,,,,,,,,,,,,,,,,
instruct,RP_minus_NP,-0.19546568627450983,-0.28784880050505046,-0.1069434232026144,0.0004,9999,174,348,0,34,58,margin_quartiles|run=instruct|quartile=Q1|quantity=RP_minus_NP,,,,,,RP − NP,,,Q1,0.65625,1.25,2.46875,,,,,,,,,,,,,,,,,,,,,,
instruct,RS_minus_NS,0.411203022875817,0.2969289520640432,0.527379084312678,0.0002,9999,174,696,0,34,58,margin_quartiles|run=instruct|quartile=Q1|quantity=RS_minus_NS,,,,,,RS − NS,,,Q1,0.65625,1.25,2.46875,,,,,,,,,,,,,,,,,,,,,,
instruct,RS_minus_RP,-0.00015318627450980582,-0.061439387676366836,0.06340415117196296,0.9918,9999,174,522,0,34,58,margin_quartiles|run=instruct|quartile=Q1|quantity=RS_minus_RP,,,,,,RS − RP,,,Q1,0.65625,1.25,2.46875,,,,,,,,,,,,,,,,,,,,,,
instruct,interaction,0.6066687091503267,0.5082192460317463,0.7022918911637931,0.0002,9999,174,1044,0,34,58,margin_quartiles|run=instruct|quartile=Q1|quantity=interaction,,,,,,(RS − RP) − (NS − NP),,,Q1,0.65625,1.25,2.46875,,,,,,,,,,,,,,,,,,,,,,
instruct,NS_minus_NP,-0.8493412990196078,-0.9928644079685746,-0.7097591624540444,0.0002,9999,174,522,0,34,58,margin_quartiles|run=instruct|quartile=Q2|quantity=NS_minus_NP,,,,,,NS − NP,,,Q2,0.65625,1.25,2.46875,,,,,,,,,,,,,,,,,,,,,,
instruct,RP_minus_NP,-0.1978656045751634,-0.30717281524678836,-0.08976375272331158,0.0004,9999,174,348,0,34,58,margin_quartiles|run=instruct|quartile=Q2|quantity=RP_minus_NP,,,,,,RP − NP,,,Q2,0.65625,1.25,2.46875,,,,,,,,,,,,,,,,,,,,,,
instruct,RS_minus_NS,0.5899458741830066,0.42307460455246915,0.7646967254389129,0.0002,9999,174,696,0,34,58,margin_quartiles|run=instruct|quartile=Q2|quantity=RS_minus_NS,,,,,,RS − NS,,,Q2,0.65625,1.25,2.46875,,,,,,,,,,,,,,,,,,,,,,
instruct,RS_minus_RP,-0.06152982026143789,-0.12593659659376572,0.005913628472222218,0.0758,9999,174,522,0,34,58,margin_quartiles|run=instruct|quartile=Q2|quantity=RS_minus_RP,,,,,,RS − RP,,,Q2,0.65625,1.25,2.46875,,,,,,,,,,,,,,,,,,,,,,
instruct,interaction,0.7878114787581697,0.643894675925926,0.9342475818452382,0.0002,9999,174,1044,0,34,58,margin_quartiles|run=instruct|quartile=Q2|quantity=interaction,,,,,,(RS − RP) − (NS − NP),,,Q2,0.65625,1.25,2.46875,,,,,,,,,,,,,,,,,,,,,,
instruct,NS_minus_NP,-0.7556664737654321,-0.8787847500445156,-0.641357250031423,0.0002,9999,168,504,0,36,56,margin_quartiles|run=instruct|quartile=Q3|quantity=NS_minus_NP,,,,,,NS − NP,,,Q3,0.65625,1.25,2.46875,,,,,,,,,,,,,,,,,,,,,,
instruct,RP_minus_NP,-0.12615740740740736,-0.2899325742894057,0.044483261670761644,0.1368,9999,168,336,0,36,56,margin_quartiles|run=instruct|quartile=Q3|quantity=RP_minus_NP,,,,,,RP − NP,,,Q3,0.65625,1.25,2.46875,,,,,,,,,,,,,,,,,,,,,,
instruct,RS_minus_NS,0.6062885802469136,0.42311297625750766,0.7862419577205884,0.0002,9999,168,672,0,36,56,margin_quartiles|run=instruct|quartile=Q3|quantity=RS_minus_NS,,,,,,RS − NS,,,Q3,0.65625,1.25,2.46875,,,,,,,,,,,,,,,,,,,,,,
instruct,RS_minus_RP,-0.02322048611111111,-0.09103153935185186,0.04229452308879391,0.47,9999,168,504,0,36,56,margin_quartiles|run=instruct|quartile=Q3|quantity=RS_minus_RP,,,,,,RS − RP,,,Q3,0.65625,1.25,2.46875,,,,,,,,,,,,,,,,,,,,,,
instruct,interaction,0.7324459876543209,0.5912403549382718,0.8859464745494153,0.0002,9999,168,1008,0,36,56,margin_quartiles|run=instruct|quartile=Q3|quantity=interaction,,,,,,(RS − RP) − (NS − NP),,,Q3,0.65625,1.25,2.46875,,,,,,,,,,,,,,,,,,,,,,
instruct,NS_minus_NP,-0.841517857142857,-0.9885177434689154,-0.7076523081052067,0.0002,9999,174,522,0,28,58,margin_quartiles|run=instruct|quartile=Q4|quantity=NS_minus_NP,,,,,,NS − NP,,,Q4,0.65625,1.25,2.46875,,,,,,,,,,,,,,,,,,,,,,
instruct,RP_minus_NP,-0.22972470238095236,-0.3635960701484895,-0.09594684829059837,0.0006,9999,174,348,0,28,58,margin_quartiles|run=instruct|quartile=Q4|quantity=RP_minus_NP,,,,,,RP − NP,,,Q4,0.65625,1.25,2.46875,,,,,,,,,,,,,,,,,,,,,,
instruct,RS_minus_NS,0.5952690972222223,0.4717370812908498,0.7248684437543133,0.0002,9999,174,696,0,28,58,margin_quartiles|run=instruct|quartile=Q4|quantity=RS_minus_NS,,,,,,RS − NS,,,Q4,0.65625,1.25,2.46875,,,,,,,,,,,,,,,,,,,,,,
instruct,RS_minus_RP,-0.01652405753968254,-0.08268999049272487,0.054083806818181805,0.6226,9999,174,522,0,28,58,margin_quartiles|run=instruct|quartile=Q4|quantity=RS_minus_RP,,,,,,RS − RP,,,Q4,0.65625,1.25,2.46875,,,,,,,,,,,,,,,,,,,,,,
instruct,interaction,0.8249937996031746,0.7198106975142705,0.9351056690705127,0.0002,9999,174,1044,0,28,58,margin_quartiles|run=instruct|quartile=Q4|quantity=interaction,,,,,,(RS − RP) − (NS − NP),,,Q4,0.65625,1.25,2.46875,,,,,,,,,,,,,,,,,,,,,,
instruct,RP,1.0,1.0,1.0,0.0002,9999,690,690,690,60,230,condition_descriptives_flip|run=instruct|quantity=RP,,,,,,,,,,,,,,,,,,,,,,,,,,,,,,,,,,
instruct,RP,7.688483796296296,7.43113425925926,7.96214988425926,0.0002,9999,690,690,0,60,230,condition_descriptives_movement|run=instruct|quantity=RP,,,,,,,,,,,,,,,,,,,,,,,,,,,,,,,,,,
instruct,RS,1.0,1.0,1.0,0.0002,9999,690,1380,1380,60,230,condition_descriptives_flip|run=instruct|quantity=RS,,,,,,,,,,,,,,,,,,,,,,,,,,,,,,,,,,
instruct,RS,7.668721064814816,7.424195601851856,7.931000434027777,0.0002,9999,690,1380,0,60,230,condition_descriptives_movement|run=instruct|quantity=RS,,,,,,,,,,,,,,,,,,,,,,,,,,,,,,,,,,
instruct,NS_minus_NP,-0.4596354166666667,-0.58375,-0.33,0.0002,9999,42,84,0,24,42,marker_by_opening|run=instruct|marker_id=m01_therefore|opening_id=directive_reconsideration|quantity=NS_minus_NP,,,,,,NS − NP,,,,,,,m01_therefore,directive_reconsideration,conclusion_result,,,,,,,,,,,,,,,,,,,
instruct,RS_minus_RP,0.2890625,0.18607954545454544,0.3993055555555556,0.0002,9999,42,84,0,24,42,marker_by_opening|run=instruct|marker_id=m01_therefore|opening_id=directive_reconsideration|quantity=RS_minus_RP,,,,,,RS − RP,,,,,,,m01_therefore,directive_reconsideration,conclusion_result,,,,,,,,,,,,,,,,,,,
instruct,NS_minus_NP,-0.5357142857142857,-0.65625,-0.42645955882352954,0.0002,9999,36,72,0,21,36,marker_by_opening|run=instruct|marker_id=m02_consequently|opening_id=directive_reconsideration|quantity=NS_minus_NP,,,,,,NS − NP,,,,,,,m02_consequently,directive_reconsideration,conclusion_result,,,,,,,,,,,,,,,,,,,
instruct,RS_minus_RP,0.13392857142857142,0.048430397727272756,0.21726190476190477,0.0032,9999,36,72,0,21,36,marker_by_opening|run=instruct|marker_id=m02_consequently|opening_id=directive_reconsideration|quantity=RS_minus_RP,,,,,,RS − RP,,,,,,,m02_consequently,directive_reconsideration,conclusion_result,,,,,,,,,,,,,,,,,,,
instruct,NS_minus_NP,-0.5217391304347826,-0.6434801136363636,-0.40043981481481516,0.0002,9999,40,80,0,23,40,marker_by_opening|run=instruct|marker_id=m03_thus|opening_id=directive_reconsideration|quantity=NS_minus_NP,,,,,,NS − NP,,,,,,,m03_thus,directive_reconsideration,conclusion_result,,,,,,,,,,,,,,,,,,,
instruct,RS_minus_RP,0.25815217391304346,0.16318689613526574,0.36632733585858573,0.0002,9999,40,80,0,23,40,marker_by_opening|run=instruct|marker_id=m03_thus|opening_id=directive_reconsideration|quantity=RS_minus_RP,,,,,,RS − RP,,,,,,,m03_thus,directive_reconsideration,conclusion_result,,,,,,,,,,,,,,,,,,,
instruct,NS_minus_NP,-0.5329861111111112,-0.67578125,-0.3973082983193279,0.0002,9999,28,56,0,18,28,marker_by_opening|run=instruct|marker_id=m04_accordingly|opening_id=directive_reconsideration|quantity=NS_minus_NP,,,,,,NS − NP,,,,,,,m04_accordingly,directive_reconsideration,conclusion_result,,,,,,,,,,,,,,,,,,,
instruct,RS_minus_RP,0.034722222222222224,-0.035416666666666666,0.11080255681818171,0.3606,9999,28,56,0,18,28,marker_by_opening|run=instruct|marker_id=m04_accordingly|opening_id=directive_reconsideration|quantity=RS_minus_RP,,,,,,RS − RP,,,,,,,m04_accordingly,directive_reconsideration,conclusion_result,,,,,,,,,,,,,,,,,,,
instruct,NS_minus_NP,-0.9553571428571429,-1.0984498355263157,-0.8107638888888888,0.0002,9999,36,72,0,21,36,marker_by_opening|run=instruct|marker_id=m05_for_this_reason|opening_id=directive_reconsideration|quantity=NS_minus_NP,,,,,,NS − NP,,,,,,,m05_for_this_reason,directive_reconsideration,conclusion_result,,,,,,,,,,,,,,,,,,,
instruct,RS_minus_RP,0.125,0.039385190217391376,0.21140012254901955,0.0054,9999,36,72,0,21,36,marker_by_opening|run=instruct|marker_id=m05_for_this_reason|opening_id=directive_reconsideration|quantity=RS_minus_RP,,,,,,RS − RP,,,,,,,m05_for_this_reason,directive_reconsideration,conclusion_result,,,,,,,,,,,,,,,,,,,
instruct,NS_minus_NP,-1.0180288461538463,-1.14125,-0.8911999701314218,0.0002,9999,48,96,0,26,48,marker_by_opening|run=instruct|marker_id=m06_that_is_why|opening_id=directive_reconsideration|quantity=NS_minus_NP,,,,,,NS − NP,,,,,,,m06_that_is_why,directive_reconsideration,conclusion_result,,,,,,,,,,,,,,,,,,,
instruct,RS_minus_RP,-0.057692307692307696,-0.1291714015151515,0.008937872023809388,0.0944,9999,48,96,0,26,48,marker_by_opening|run=instruct|marker_id=m06_that_is_why|opening_id=directive_reconsideration|quantity=RS_minus_RP,,,,,,RS − RP,,,,,,,m06_that_is_why,directive_reconsideration,conclusion_result,,,,,,,,,,,,,,,,,,,
instruct,NS_minus_NP,-2.3029891304347827,-2.590315519323671,-2.0285326086956523,0.0002,9999,38,76,0,23,38,marker_by_opening|run=instruct|marker_id=m07_this_implies_that|opening_id=directive_reconsideration|quantity=NS_minus_NP,,,,,,NS − NP,,,,,,,m07_this_implies_that,directive_reconsideration,inference_basis,,,,,,,,,,,,,,,,,,,
instruct,RS_minus_RP,-0.11005434782608696,-0.22470238095238096,0.008928571428571428,0.0708,9999,38,76,0,23,38,marker_by_opening|run=instruct|marker_id=m07_this_implies_that|opening_id=directive_reconsideration|quantity=RS_minus_RP,,,,,,RS − RP,,,,,,,m07_this_implies_that,directive_reconsideration,inference_basis,,,,,,,,,,,,,,,,,,,
instruct,NS_minus_NP,-0.8518518518518519,-0.9651509081196581,-0.7395833333333334,0.0002,9999,48,96,0,27,48,marker_by_opening|run=instruct|marker_id=m08_it_follows_that|opening_id=directive_reconsideration|quantity=NS_minus_NP,,,,,,NS − NP,,,,,,,m08_it_follows_that,directive_reconsideration,inference_basis,,,,,,,,,,,,,,,,,,,
instruct,RS_minus_RP,-0.006944444444444444,-0.10750694444444442,0.09792140151515144,0.8812,9999,48,96,0,27,48,marker_by_opening|run=instruct|marker_id=m08_it_follows_that|opening_id=directive_reconsideration|quantity=RS_minus_RP,,,,,,RS − RP,,,,,,,m08_it_follows_that,directive_reconsideration,inference_basis,,,,,,,,,,,,,,,,,,,
instruct,NS_minus_NP,-0.649671052631579,-0.7723214285714286,-0.5228310751748252,0.0002,9999,33,66,0,19,33,marker_by_opening|run=instruct|marker_id=m09_on_that_basis|opening_id=directive_reconsideration|quantity=NS_minus_NP,,,,,,NS − NP,,,,,,,m09_on_that_basis,directive_reconsideration,inference_basis,,,,,,,,,,,,,,,,,,,
instruct,RS_minus_RP,0.05921052631578947,-0.04963235294117647,0.17095588235294118,0.2876,9999,33,66,0,19,33,marker_by_opening|run=instruct|marker_id=m09_on_that_basis|opening_id=directive_reconsideration|quantity=RS_minus_RP,,,,,,RS − RP,,,,,,,m09_on_that_basis,directive_reconsideration,inference_basis,,,,,,,,,,,,,,,,,,,
instruct,NS_minus_NP,-0.36277173913043476,-0.4429347826086957,-0.28119212962963047,0.0002,9999,40,80,0,23,40,marker_by_opening|run=instruct|marker_id=m10_based_on_this|opening_id=directive_reconsideration|quantity=NS_minus_NP,,,,,,NS − NP,,,,,,,m10_based_on_this,directive_reconsideration,inference_basis,,,,,,,,,,,,,,,,,,,
instruct,RS_minus_RP,0.12228260869565218,0.03453947368421053,0.2159090909090909,0.0056,9999,40,80,0,23,40,marker_by_opening|run=instruct|marker_id=m10_based_on_this|opening_id=directive_reconsideration|quantity=RS_minus_RP,,,,,,RS − RP,,,,,,,m10_based_on_this,directive_reconsideration,inference_basis,,,,,,,,,,,,,,,,,,,
instruct,NS_minus_NP,-0.4453125,-0.5554056186868687,-0.3375,0.0002,9999,37,74,0,20,37,marker_by_opening|run=instruct|marker_id=m11_given_this|opening_id=directive_reconsideration|quantity=NS_minus_NP,,,,,,NS − NP,,,,,,,m11_given_this,directive_reconsideration,inference_basis,,,,,,,,,,,,,,,,,,,
instruct,RS_minus_RP,0.203125,0.10284288194444453,0.3090277777777778,0.0002,9999,37,74,0,20,37,marker_by_opening|run=instruct|marker_id=m11_given_this|opening_id=directive_reconsideration|quantity=RS_minus_RP,,,,,,RS − RP,,,,,,,m11_given_this,directive_reconsideration,inference_basis,,,,,,,,,,,,,,,,,,,
instruct,NS_minus_NP,-0.6175595238095238,-0.75,-0.49341517857142864,0.0002,9999,34,68,0,21,34,marker_by_opening|run=instruct|marker_id=m12_in_view_of_this|opening_id=directive_reconsideration|quantity=NS_minus_NP,,,,,,NS − NP,,,,,,,m12_in_view_of_this,directive_reconsideration,inference_basis,,,,,,,,,,,,,,,,,,,
instruct,RS_minus_RP,0.19791666666666666,0.0833106884057972,0.3125,0.0004,9999,34,68,0,21,34,marker_by_opening|run=instruct|marker_id=m12_in_view_of_this|opening_id=directive_reconsideration|quantity=RS_minus_RP,,,,,,RS − RP,,,,,,,m12_in_view_of_this,directive_reconsideration,inference_basis,,,,,,,,,,,,,,,,,,,
instruct,NS_minus_NP,0.0,0.0,0.0,1.0,9999,690,2070,2070,60,230,core_contrasts_flip|run=instruct|outcome=flip|quantity=NS_minus_NP,,flip,,,,NS − NP,,,,,,,,,,planned|flip|instruct,1.0,,,,,,,,,,,,,,,,,
instruct,NS_minus_NP,0.0,0.0,0.0,1.0,9999,564,1692,1692,59,188,near_tie_sensitivity|run=instruct|outcome=flip|quantity=NS_minus_NP,,flip,,,,NS − NP,,,,,,,,,,,,0.0,sensitivity (|m_before| >= tau); full sample primary,,,,,,,,,,,,,,,
instruct,RP_minus_NP,0.0,0.0,0.0,1.0,9999,690,1380,1380,60,230,core_contrasts_flip|run=instruct|outcome=flip|quantity=RP_minus_NP,,flip,,,,RP − NP,,,,,,,,,,planned|flip|instruct,1.0,,,,,,,,,,,,,,,,,
instruct,RP_minus_NP,0.0,0.0,0.0,1.0,9999,564,1128,1128,59,188,near_tie_sensitivity|run=instruct|outcome=flip|quantity=RP_minus_NP,,flip,,,,RP − NP,,,,,,,,,,,,0.0,sensitivity (|m_before| >= tau); full sample primary,,,,,,,,,,,,,,,
instruct,RS_minus_NS,0.0,0.0,0.0,1.0,9999,690,2760,2760,60,230,core_contrasts_flip|run=instruct|outcome=flip|quantity=RS_minus_NS,,flip,,,,RS − NS,,,,,,,,,,planned|flip|instruct,1.0,,,,,,,,,,,,,,,,,
instruct,RS_minus_NS,0.0,0.0,0.0,1.0,9999,564,2256,2256,59,188,near_tie_sensitivity|run=instruct|outcome=flip|quantity=RS_minus_NS,,flip,,,,RS − NS,,,,,,,,,,,,0.0,sensitivity (|m_before| >= tau); full sample primary,,,,,,,,,,,,,,,
instruct,RS_minus_RP,0.0,0.0,0.0,1.0,9999,690,2070,2070,60,230,core_contrasts_flip|run=instruct|outcome=flip|quantity=RS_minus_RP,,flip,,,,RS − RP,,,,,,,,,,planned|flip|instruct,1.0,,,,,,,,,,,,,,,,,
instruct,RS_minus_RP,0.0,0.0,0.0,1.0,9999,564,1692,1692,59,188,near_tie_sensitivity|run=instruct|outcome=flip|quantity=RS_minus_RP,,flip,,,,RS − RP,,,,,,,,,,,,0.0,sensitivity (|m_before| >= tau); full sample primary,,,,,,,,,,,,,,,
instruct,NP,1.0,1.0,1.0,0.0002,9999,690,690,690,60,230,contrasts_by_model|run=instruct|outcome=flip|kind=cell|quantity=NP,,flip,cell,,,,,,,,,,,,,,,,,,,,,,,,,,,,,,,
instruct,NP,1.0,1.0,1.0,0.0002,9999,681,681,681,60,227,model_common_subset|run=instruct|outcome=flip|kind=cell|quantity=NP,,flip,cell,,,,,,,,,,,,,,,,,,,,,,,,,,,,,,,
instruct,NS,1.0,1.0,1.0,0.0002,9999,690,1380,1380,60,230,contrasts_by_model|run=instruct|outcome=flip|kind=cell|quantity=NS,,flip,cell,,,,,,,,,,,,,,,,,,,,,,,,,,,,,,,
instruct,NS,1.0,1.0,1.0,0.0002,9999,681,1362,1362,60,227,model_common_subset|run=instruct|outcome=flip|kind=cell|quantity=NS,,flip,cell,,,,,,,,,,,,,,,,,,,,,,,,,,,,,,,
instruct,RP,1.0,1.0,1.0,0.0002,9999,690,690,690,60,230,contrasts_by_model|run=instruct|outcome=flip|kind=cell|quantity=RP,,flip,cell,,,,,,,,,,,,,,,,,,,,,,,,,,,,,,,
instruct,RP,1.0,1.0,1.0,0.0002,9999,681,681,681,60,227,model_common_subset|run=instruct|outcome=flip|kind=cell|quantity=RP,,flip,cell,,,,,,,,,,,,,,,,,,,,,,,,,,,,,,,
instruct,RS,1.0,1.0,1.0,0.0002,9999,690,1380,1380,60,230,contrasts_by_model|run=instruct|outcome=flip|kind=cell|quantity=RS,,flip,cell,,,,,,,,,,,,,,,,,,,,,,,,,,,,,,,
instruct,RS,1.0,1.0,1.0,0.0002,9999,681,1362,1362,60,227,model_common_subset|run=instruct|outcome=flip|kind=cell|quantity=RS,,flip,cell,,,,,,,,,,,,,,,,,,,,,,,,,,,,,,,
instruct,NP,1.0,1.0,1.0,0.0002,9999,231,231,231,20,77,contrasts_by_domain|run=instruct|domain=climate|outcome=flip|kind=cell|quantity=NP,,flip,cell,,,,,,,,,,,,,,,,,climate,,,,,,,,,,,,,,
instruct,NS,1.0,1.0,1.0,0.0002,9999,231,462,462,20,77,contrasts_by_domain|run=instruct|domain=climate|outcome=flip|kind=cell|quantity=NS,,flip,cell,,,,,,,,,,,,,,,,,climate,,,,,,,,,,,,,,
instruct,RP,1.0,1.0,1.0,0.0002,9999,231,231,231,20,77,contrasts_by_domain|run=instruct|domain=climate|outcome=flip|kind=cell|quantity=RP,,flip,cell,,,,,,,,,,,,,,,,,climate,,,,,,,,,,,,,,
instruct,RS,1.0,1.0,1.0,0.0002,9999,231,462,462,20,77,contrasts_by_domain|run=instruct|domain=climate|outcome=flip|kind=cell|quantity=RS,,flip,cell,,,,,,,,,,,,,,,,,climate,,,,,,,,,,,,,,
instruct,NP,1.0,1.0,1.0,0.0002,9999,230,230,230,60,230,contrasts_by_opening|run=instruct|opening_id=directive_reconsideration|outcome=flip|kind=cell|quantity=NP,,flip,cell,,,,,,,,,,,directive_reconsideration,,,,,,,,,,,,,,,,,,,,
instruct,NS,1.0,1.0,1.0,0.0002,9999,230,460,460,60,230,contrasts_by_opening|run=instruct|opening_id=directive_reconsideration|outcome=flip|kind=cell|quantity=NS,,flip,cell,,,,,,,,,,,directive_reconsideration,,,,,,,,,,,,,,,,,,,,
instruct,RP,1.0,1.0,1.0,0.0002,9999,230,230,230,60,230,contrasts_by_opening|run=instruct|opening_id=directive_reconsideration|outcome=flip|kind=cell|quantity=RP,,flip,cell,,,,,,,,,,,directive_reconsideration,,,,,,,,,,,,,,,,,,,,
instruct,RS,1.0,1.0,1.0,0.0002,9999,230,460,460,60,230,contrasts_by_opening|run=instruct|opening_id=directive_reconsideration|outcome=flip|kind=cell|quantity=RS,,flip,cell,,,,,,,,,,,directive_reconsideration,,,,,,,,,,,,,,,,,,,,
instruct,NP,1.0,1.0,1.0,0.0002,9999,228,228,228,20,76,contrasts_by_domain|run=instruct|domain=energy|outcome=flip|kind=cell|quantity=NP,,flip,cell,,,,,,,,,,,,,,,,,energy,,,,,,,,,,,,,,
instruct,NS,1.0,1.0,1.0,0.0002,9999,228,456,456,20,76,contrasts_by_domain|run=instruct|domain=energy|outcome=flip|kind=cell|quantity=NS,,flip,cell,,,,,,,,,,,,,,,,,energy,,,,,,,,,,,,,,
instruct,RP,1.0,1.0,1.0,0.0002,9999,228,228,228,20,76,contrasts_by_domain|run=instruct|domain=energy|outcome=flip|kind=cell|quantity=RP,,flip,cell,,,,,,,,,,,,,,,,,energy,,,,,,,,,,,,,,
instruct,RS,1.0,1.0,1.0,0.0002,9999,228,456,456,20,76,contrasts_by_domain|run=instruct|domain=energy|outcome=flip|kind=cell|quantity=RS,,flip,cell,,,,,,,,,,,,,,,,,energy,,,,,,,,,,,,,,
instruct,NP,1.0,1.0,1.0,0.0002,9999,342,342,342,60,114,contrasts_by_option_order|run=instruct|order_id=o1|outcome=flip|kind=cell|quantity=NP,,flip,cell,,,,,,,,,,,,,,,,,,o1,,,,,,,,,,,,,
instruct,NS,1.0,1.0,1.0,0.0002,9999,342,684,684,60,114,contrasts_by_option_order|run=instruct|order_id=o1|outcome=flip|kind=cell|quantity=NS,,flip,cell,,,,,,,,,,,,,,,,,,o1,,,,,,,,,,,,,
instruct,RP,1.0,1.0,1.0,0.0002,9999,342,342,342,60,114,contrasts_by_option_order|run=instruct|order_id=o1|outcome=flip|kind=cell|quantity=RP,,flip,cell,,,,,,,,,,,,,,,,,,o1,,,,,,,,,,,,,
instruct,RS,1.0,1.0,1.0,0.0002,9999,342,684,684,60,114,contrasts_by_option_order|run=instruct|order_id=o1|outcome=flip|kind=cell|quantity=RS,,flip,cell,,,,,,,,,,,,,,,,,,o1,,,,,,,,,,,,,
instruct,NP,1.0,1.0,1.0,0.0002,9999,348,348,348,60,116,contrasts_by_option_order|run=instruct|order_id=o2|outcome=flip|kind=cell|quantity=NP,,flip,cell,,,,,,,,,,,,,,,,,,o2,,,,,,,,,,,,,
instruct,NS,1.0,1.0,1.0,0.0002,9999,348,696,696,60,116,contrasts_by_option_order|run=instruct|order_id=o2|outcome=flip|kind=cell|quantity=NS,,flip,cell,,,,,,,,,,,,,,,,,,o2,,,,,,,,,,,,,
instruct,RP,1.0,1.0,1.0,0.0002,9999,348,348,348,60,116,contrasts_by_option_order|run=instruct|order_id=o2|outcome=flip|kind=cell|quantity=RP,,flip,cell,,,,,,,,,,,,,,,,,,o2,,,,,,,,,,,,,
instruct,RS,1.0,1.0,1.0,0.0002,9999,348,696,696,60,116,contrasts_by_option_order|run=instruct|order_id=o2|outcome=flip|kind=cell|quantity=RS,,flip,cell,,,,,,,,,,,,,,,,,,o2,,,,,,,,,,,,,
instruct,NP,1.0,1.0,1.0,0.0002,9999,230,230,230,60,230,contrasts_by_opening|run=instruct|opening_id=stance_alternative|outcome=flip|kind=cell|quantity=NP,,flip,cell,,,,,,,,,,,stance_alternative,,,,,,,,,,,,,,,,,,,,
instruct,NS,1.0,1.0,1.0,0.0002,9999,230,460,460,60,230,contrasts_by_opening|run=instruct|opening_id=stance_alternative|outcome=flip|kind=cell|quantity=NS,,flip,cell,,,,,,,,,,,stance_alternative,,,,,,,,,,,,,,,,,,,,
instruct,RP,1.0,1.0,1.0,0.0002,9999,230,230,230,60,230,contrasts_by_opening|run=instruct|opening_id=stance_alternative|outcome=flip|kind=cell|quantity=RP,,flip,cell,,,,,,,,,,,stance_alternative,,,,,,,,,,,,,,,,,,,,
instruct,RS,1.0,1.0,1.0,0.0002,9999,230,460,460,60,230,contrasts_by_opening|run=instruct|opening_id=stance_alternative|outcome=flip|kind=cell|quantity=RS,,flip,cell,,,,,,,,,,,stance_alternative,,,,,,,,,,,,,,,,,,,,
instruct,NP,1.0,1.0,1.0,0.0002,9999,230,230,230,60,230,contrasts_by_opening|run=instruct|opening_id=stance_disagreement|outcome=flip|kind=cell|quantity=NP,,flip,cell,,,,,,,,,,,stance_disagreement,,,,,,,,,,,,,,,,,,,,
instruct,NS,1.0,1.0,1.0,0.0002,9999,230,460,460,60,230,contrasts_by_opening|run=instruct|opening_id=stance_disagreement|outcome=flip|kind=cell|quantity=NS,,flip,cell,,,,,,,,,,,stance_disagreement,,,,,,,,,,,,,,,,,,,,
instruct,RP,1.0,1.0,1.0,0.0002,9999,230,230,230,60,230,contrasts_by_opening|run=instruct|opening_id=stance_disagreement|outcome=flip|kind=cell|quantity=RP,,flip,cell,,,,,,,,,,,stance_disagreement,,,,,,,,,,,,,,,,,,,,
instruct,RS,1.0,1.0,1.0,0.0002,9999,230,460,460,60,230,contrasts_by_opening|run=instruct|opening_id=stance_disagreement|outcome=flip|kind=cell|quantity=RS,,flip,cell,,,,,,,,,,,stance_disagreement,,,,,,,,,,,,,,,,,,,,
instruct,NP,1.0,1.0,1.0,0.0002,9999,231,231,231,20,77,contrasts_by_domain|run=instruct|domain=technology|outcome=flip|kind=cell|quantity=NP,,flip,cell,,,,,,,,,,,,,,,,,technology,,,,,,,,,,,,,,
instruct,NS,1.0,1.0,1.0,0.0002,9999,231,462,462,20,77,contrasts_by_domain|run=instruct|domain=technology|outcome=flip|kind=cell|quantity=NS,,flip,cell,,,,,,,,,,,,,,,,,technology,,,,,,,,,,,,,,
instruct,RP,1.0,1.0,1.0,0.0002,9999,231,231,231,20,77,contrasts_by_domain|run=instruct|domain=technology|outcome=flip|kind=cell|quantity=RP,,flip,cell,,,,,,,,,,,,,,,,,technology,,,,,,,,,,,,,,
instruct,RS,1.0,1.0,1.0,0.0002,9999,231,462,462,20,77,contrasts_by_domain|run=instruct|domain=technology|outcome=flip|kind=cell|quantity=RS,,flip,cell,,,,,,,,,,,,,,,,,technology,,,,,,,,,,,,,,
instruct,NS_minus_NP,0.0,0.0,0.0,1.0,9999,690,1380,1380,60,230,contrasts_by_marker_family|run=instruct|outcome=flip|marker_family=conclusion_result|quantity=NS_minus_NP,,flip,,,,NS − NP,,,,,,,,,conclusion_result,,,,,,,unweighted mean of six marker estimates,,,,,,,,,,,,
instruct,RS_minus_NS,0.0,0.0,0.0,1.0,9999,690,1380,1380,60,230,contrasts_by_marker_family|run=instruct|outcome=flip|marker_family=conclusion_result|quantity=RS_minus_NS,,flip,,,,RS − NS,,,,,,,,,conclusion_result,,,,,,,unweighted mean of six marker estimates,,,,,,,,,,,,
instruct,RS_minus_RP,0.0,0.0,0.0,1.0,9999,690,1380,1380,60,230,contrasts_by_marker_family|run=instruct|outcome=flip|marker_family=conclusion_result|quantity=RS_minus_RP,,flip,,,,RS − RP,,,,,,,,,conclusion_result,,,,,,,unweighted mean of six marker estimates,,,,,,,,,,,,
instruct,interaction,0.0,0.0,0.0,1.0,9999,690,2760,2760,60,230,contrasts_by_marker_family|run=instruct|outcome=flip|marker_family=conclusion_result|quantity=interaction,,flip,,,,(RS − RP) − (NS − NP),,,,,,,,,conclusion_result,,,,,,,unweighted mean of six marker estimates,,,,,,,,,,,,
instruct,NS_minus_NP,0.0,0.0,0.0,1.0,9999,126,252,252,24,42,contrasts_by_individual_marker|run=instruct|outcome=flip|marker_id=m01_therefore|quantity=NS_minus_NP,,flip,,,,NS − NP,,,,,,,m01_therefore,,conclusion_result,,,,,,,,conclusive_adverb,therefore,,,,,,,,,,
instruct,RS_minus_NS,0.0,0.0,0.0,1.0,9999,126,252,252,24,42,contrasts_by_individual_marker|run=instruct|outcome=flip|marker_id=m01_therefore|quantity=RS_minus_NS,,flip,,,,RS − NS,,,,,,,m01_therefore,,conclusion_result,,,,,,,,conclusive_adverb,therefore,,,,,,,,,,
instruct,RS_minus_RP,0.0,0.0,0.0,1.0,9999,126,252,252,24,42,contrasts_by_individual_marker|run=instruct|outcome=flip|marker_id=m01_therefore|quantity=RS_minus_RP,,flip,,,,RS − RP,,,,,,,m01_therefore,,conclusion_result,,,,,,,,conclusive_adverb,therefore,,,,,,,,,,
instruct,interaction,0.0,0.0,0.0,1.0,9999,126,504,504,24,42,contrasts_by_individual_marker|run=instruct|outcome=flip|marker_id=m01_therefore|quantity=interaction,,flip,,,,(RS − RP) − (NS − NP),,,,,,,m01_therefore,,conclusion_result,,,,,,,,conclusive_adverb,therefore,,,,,,,,,,
instruct,NS_minus_NP,0.0,0.0,0.0,1.0,9999,108,216,216,21,36,contrasts_by_individual_marker|run=instruct|outcome=flip|marker_id=m02_consequently|quantity=NS_minus_NP,,flip,,,,NS − NP,,,,,,,m02_consequently,,conclusion_result,,,,,,,,conclusive_adverb,consequently,,,,,,,,,,
instruct,RS_minus_NS,0.0,0.0,0.0,1.0,9999,108,216,216,21,36,contrasts_by_individual_marker|run=instruct|outcome=flip|marker_id=m02_consequently|quantity=RS_minus_NS,,flip,,,,RS − NS,,,,,,,m02_consequently,,conclusion_result,,,,,,,,conclusive_adverb,consequently,,,,,,,,,,
instruct,RS_minus_RP,0.0,0.0,0.0,1.0,9999,108,216,216,21,36,contrasts_by_individual_marker|run=instruct|outcome=flip|marker_id=m02_consequently|quantity=RS_minus_RP,,flip,,,,RS − RP,,,,,,,m02_consequently,,conclusion_result,,,,,,,,conclusive_adverb,consequently,,,,,,,,,,
instruct,interaction,0.0,0.0,0.0,1.0,9999,108,432,432,21,36,contrasts_by_individual_marker|run=instruct|outcome=flip|marker_id=m02_consequently|quantity=interaction,,flip,,,,(RS − RP) − (NS − NP),,,,,,,m02_consequently,,conclusion_result,,,,,,,,conclusive_adverb,consequently,,,,,,,,,,
instruct,NS_minus_NP,0.0,0.0,0.0,1.0,9999,120,240,240,23,40,contrasts_by_individual_marker|run=instruct|outcome=flip|marker_id=m03_thus|quantity=NS_minus_NP,,flip,,,,NS − NP,,,,,,,m03_thus,,conclusion_result,,,,,,,,conclusive_adverb,thus,,,,,,,,,,
instruct,RS_minus_NS,0.0,0.0,0.0,1.0,9999,120,240,240,23,40,contrasts_by_individual_marker|run=instruct|outcome=flip|marker_id=m03_thus|quantity=RS_minus_NS,,flip,,,,RS − NS,,,,,,,m03_thus,,conclusion_result,,,,,,,,conclusive_adverb,thus,,,,,,,,,,
instruct,RS_minus_RP,0.0,0.0,0.0,1.0,9999,120,240,240,23,40,contrasts_by_individual_marker|run=instruct|outcome=flip|marker_id=m03_thus|quantity=RS_minus_RP,,flip,,,,RS − RP,,,,,,,m03_thus,,conclusion_result,,,,,,,,conclusive_adverb,thus,,,,,,,,,,
instruct,interaction,0.0,0.0,0.0,1.0,9999,120,480,480,23,40,contrasts_by_individual_marker|run=instruct|outcome=flip|marker_id=m03_thus|quantity=interaction,,flip,,,,(RS − RP) − (NS − NP),,,,,,,m03_thus,,conclusion_result,,,,,,,,conclusive_adverb,thus,,,,,,,,,,
instruct,NS_minus_NP,0.0,0.0,0.0,1.0,9999,84,168,168,18,28,contrasts_by_individual_marker|run=instruct|outcome=flip|marker_id=m04_accordingly|quantity=NS_minus_NP,,flip,,,,NS − NP,,,,,,,m04_accordingly,,conclusion_result,,,,,,,,conclusive_adverb,accordingly,,,,,,,,,,
instruct,RS_minus_NS,0.0,0.0,0.0,1.0,9999,84,168,168,18,28,contrasts_by_individual_marker|run=instruct|outcome=flip|marker_id=m04_accordingly|quantity=RS_minus_NS,,flip,,,,RS − NS,,,,,,,m04_accordingly,,conclusion_result,,,,,,,,conclusive_adverb,accordingly,,,,,,,,,,
instruct,RS_minus_RP,0.0,0.0,0.0,1.0,9999,84,168,168,18,28,contrasts_by_individual_marker|run=instruct|outcome=flip|marker_id=m04_accordingly|quantity=RS_minus_RP,,flip,,,,RS − RP,,,,,,,m04_accordingly,,conclusion_result,,,,,,,,conclusive_adverb,accordingly,,,,,,,,,,
instruct,interaction,0.0,0.0,0.0,1.0,9999,84,336,336,18,28,contrasts_by_individual_marker|run=instruct|outcome=flip|marker_id=m04_accordingly|quantity=interaction,,flip,,,,(RS − RP) − (NS − NP),,,,,,,m04_accordingly,,conclusion_result,,,,,,,,conclusive_adverb,accordingly,,,,,,,,,,
instruct,NS_minus_NP,0.0,0.0,0.0,1.0,9999,108,216,216,21,36,contrasts_by_individual_marker|run=instruct|outcome=flip|marker_id=m05_for_this_reason|quantity=NS_minus_NP,,flip,,,,NS − NP,,,,,,,m05_for_this_reason,,conclusion_result,,,,,,,,anaphoric_reason_phrase,for this reason,,,,,,,,,,
instruct,RS_minus_NS,0.0,0.0,0.0,1.0,9999,108,216,216,21,36,contrasts_by_individual_marker|run=instruct|outcome=flip|marker_id=m05_for_this_reason|quantity=RS_minus_NS,,flip,,,,RS − NS,,,,,,,m05_for_this_reason,,conclusion_result,,,,,,,,anaphoric_reason_phrase,for this reason,,,,,,,,,,
instruct,RS_minus_RP,0.0,0.0,0.0,1.0,9999,108,216,216,21,36,contrasts_by_individual_marker|run=instruct|outcome=flip|marker_id=m05_for_this_reason|quantity=RS_minus_RP,,flip,,,,RS − RP,,,,,,,m05_for_this_reason,,conclusion_result,,,,,,,,anaphoric_reason_phrase,for this reason,,,,,,,,,,
instruct,interaction,0.0,0.0,0.0,1.0,9999,108,432,432,21,36,contrasts_by_individual_marker|run=instruct|outcome=flip|marker_id=m05_for_this_reason|quantity=interaction,,flip,,,,(RS − RP) − (NS − NP),,,,,,,m05_for_this_reason,,conclusion_result,,,,,,,,anaphoric_reason_phrase,for this reason,,,,,,,,,,
instruct,NS_minus_NP,0.0,0.0,0.0,1.0,9999,144,288,288,26,48,contrasts_by_individual_marker|run=instruct|outcome=flip|marker_id=m06_that_is_why|quantity=NS_minus_NP,,flip,,,,NS − NP,,,,,,,m06_that_is_why,,conclusion_result,,,,,,,,causal_conversational_result,that is why,,,,,,,,,,
instruct,RS_minus_NS,0.0,0.0,0.0,1.0,9999,144,288,288,26,48,contrasts_by_individual_marker|run=instruct|outcome=flip|marker_id=m06_that_is_why|quantity=RS_minus_NS,,flip,,,,RS − NS,,,,,,,m06_that_is_why,,conclusion_result,,,,,,,,causal_conversational_result,that is why,,,,,,,,,,
instruct,RS_minus_RP,0.0,0.0,0.0,1.0,9999,144,288,288,26,48,contrasts_by_individual_marker|run=instruct|outcome=flip|marker_id=m06_that_is_why|quantity=RS_minus_RP,,flip,,,,RS − RP,,,,,,,m06_that_is_why,,conclusion_result,,,,,,,,causal_conversational_result,that is why,,,,,,,,,,
instruct,interaction,0.0,0.0,0.0,1.0,9999,144,576,576,26,48,contrasts_by_individual_marker|run=instruct|outcome=flip|marker_id=m06_that_is_why|quantity=interaction,,flip,,,,(RS − RP) − (NS − NP),,,,,,,m06_that_is_why,,conclusion_result,,,,,,,,causal_conversational_result,that is why,,,,,,,,,,
instruct,NS_minus_NP,0.0,0.0,0.0,1.0,9999,1380,2760,2760,60,230,contrasts_by_marker_family|run=instruct|outcome=flip|marker_family=conclusion_result_minus_inference_basis|quantity=NS_minus_NP,,flip,,,,NS − NP,,,,,,,,,conclusion_result_minus_inference_basis,,,,,,,difference of family means,,,,,,,,,,,,
instruct,RS_minus_NS,0.0,0.0,0.0,1.0,9999,1380,2760,2760,60,230,contrasts_by_marker_family|run=instruct|outcome=flip|marker_family=conclusion_result_minus_inference_basis|quantity=RS_minus_NS,,flip,,,,RS − NS,,,,,,,,,conclusion_result_minus_inference_basis,,,,,,,difference of family means,,,,,,,,,,,,
instruct,RS_minus_RP,0.0,0.0,0.0,1.0,9999,1380,2760,2760,60,230,contrasts_by_marker_family|run=instruct|outcome=flip|marker_family=conclusion_result_minus_inference_basis|quantity=RS_minus_RP,,flip,,,,RS − RP,,,,,,,,,conclusion_result_minus_inference_basis,,,,,,,difference of family means,,,,,,,,,,,,
instruct,interaction,0.0,0.0,0.0,1.0,9999,1380,5520,5520,60,230,contrasts_by_marker_family|run=instruct|outcome=flip|marker_family=conclusion_result_minus_inference_basis|quantity=interaction,,flip,,,,(RS − RP) − (NS − NP),,,,,,,,,conclusion_result_minus_inference_basis,,,,,,,difference of family means,,,,,,,,,,,,
instruct,NS_minus_NP,0.0,0.0,0.0,1.0,9999,690,2070,2070,60,230,contrasts_by_model|run=instruct|outcome=flip|kind=contrast|quantity=NS_minus_NP,,flip,contrast,,,NS − NP,,,,,,,,,,,,,,,,,,,,,,,,,,,,
instruct,NS_minus_NP,0.0,0.0,0.0,1.0,9999,681,2043,2043,60,227,model_common_subset|run=instruct|outcome=flip|kind=contrast|quantity=NS_minus_NP,,flip,contrast,,,NS − NP,,,,,,,,,,,,,,,,,,,,,,,,,,,,
instruct,RP_minus_NP,0.0,0.0,0.0,1.0,9999,690,1380,1380,60,230,contrasts_by_model|run=instruct|outcome=flip|kind=contrast|quantity=RP_minus_NP,,flip,contrast,,,RP − NP,,,,,,,,,,,,,,,,,,,,,,,,,,,,
instruct,RP_minus_NP,0.0,0.0,0.0,1.0,9999,681,1362,1362,60,227,model_common_subset|run=instruct|outcome=flip|kind=contrast|quantity=RP_minus_NP,,flip,contrast,,,RP − NP,,,,,,,,,,,,,,,,,,,,,,,,,,,,
instruct,RS_minus_NS,0.0,0.0,0.0,1.0,9999,690,2760,2760,60,230,contrasts_by_model|run=instruct|outcome=flip|kind=contrast|quantity=RS_minus_NS,,flip,contrast,,,RS − NS,,,,,,,,,,,,,,,,,,,,,,,,,,,,
instruct,RS_minus_NS,0.0,0.0,0.0,1.0,9999,681,2724,2724,60,227,model_common_subset|run=instruct|outcome=flip|kind=contrast|quantity=RS_minus_NS,,flip,contrast,,,RS − NS,,,,,,,,,,,,,,,,,,,,,,,,,,,,
instruct,RS_minus_RP,0.0,0.0,0.0,1.0,9999,690,2070,2070,60,230,contrasts_by_model|run=instruct|outcome=flip|kind=contrast|quantity=RS_minus_RP,,flip,contrast,,,RS − RP,,,,,,,,,,,,,,,,,,,,,,,,,,,,
instruct,RS_minus_RP,0.0,0.0,0.0,1.0,9999,681,2043,2043,60,227,model_common_subset|run=instruct|outcome=flip|kind=contrast|quantity=RS_minus_RP,,flip,contrast,,,RS − RP,,,,,,,,,,,,,,,,,,,,,,,,,,,,
instruct,NS_minus_NP,0.0,0.0,0.0,1.0,9999,231,693,693,20,77,contrasts_by_domain|run=instruct|domain=climate|outcome=flip|kind=contrast|quantity=NS_minus_NP,,flip,contrast,,,NS − NP,,,,,,,,,,,,,,climate,,,,,,,,,,,,,,
instruct,RP_minus_NP,0.0,0.0,0.0,1.0,9999,231,462,462,20,77,contrasts_by_domain|run=instruct|domain=climate|outcome=flip|kind=contrast|quantity=RP_minus_NP,,flip,contrast,,,RP − NP,,,,,,,,,,,,,,climate,,,,,,,,,,,,,,
instruct,RS_minus_NS,0.0,0.0,0.0,1.0,9999,231,924,924,20,77,contrasts_by_domain|run=instruct|domain=climate|outcome=flip|kind=contrast|quantity=RS_minus_NS,,flip,contrast,,,RS − NS,,,,,,,,,,,,,,climate,,,,,,,,,,,,,,
instruct,RS_minus_RP,0.0,0.0,0.0,1.0,9999,231,693,693,20,77,contrasts_by_domain|run=instruct|domain=climate|outcome=flip|kind=contrast|quantity=RS_minus_RP,,flip,contrast,,,RS − RP,,,,,,,,,,,,,,climate,,,,,,,,,,,,,,
instruct,interaction,0.0,0.0,0.0,1.0,9999,231,1386,1386,20,77,contrasts_by_domain|run=instruct|domain=climate|outcome=flip|kind=contrast|quantity=interaction,,flip,contrast,,,(RS − RP) − (NS − NP),,,,,,,,,,,,,,climate,,,,,,,,,,,,,,
instruct,NS_minus_NP,0.0,0.0,0.0,1.0,9999,230,690,690,60,230,contrasts_by_opening|run=instruct|opening_id=directive_reconsideration|outcome=flip|kind=contrast|quantity=NS_minus_NP,,flip,contrast,,,NS − NP,,,,,,,,directive_reconsideration,,,,,,,,,,,,,,,,,,,,
instruct,RP_minus_NP,0.0,0.0,0.0,1.0,9999,230,460,460,60,230,contrasts_by_opening|run=instruct|opening_id=directive_reconsideration|outcome=flip|kind=contrast|quantity=RP_minus_NP,,flip,contrast,,,RP − NP,,,,,,,,directive_reconsideration,,,,,,,,,,,,,,,,,,,,
instruct,RS_minus_NS,0.0,0.0,0.0,1.0,9999,230,920,920,60,230,contrasts_by_opening|run=instruct|opening_id=directive_reconsideration|outcome=flip|kind=contrast|quantity=RS_minus_NS,,flip,contrast,,,RS − NS,,,,,,,,directive_reconsideration,,,,,,,,,,,,,,,,,,,,
instruct,RS_minus_RP,0.0,0.0,0.0,1.0,9999,230,690,690,60,230,contrasts_by_opening|run=instruct|opening_id=directive_reconsideration|outcome=flip|kind=contrast|quantity=RS_minus_RP,,flip,contrast,,,RS − RP,,,,,,,,directive_reconsideration,,,,,,,,,,,,,,,,,,,,
instruct,interaction,0.0,0.0,0.0,1.0,9999,230,1380,1380,60,230,contrasts_by_opening|run=instruct|opening_id=directive_reconsideration|outcome=flip|kind=contrast|quantity=interaction,,flip,contrast,,,(RS − RP) − (NS − NP),,,,,,,,directive_reconsideration,,,,,,,,,,,,,,,,,,,,
instruct,NS_minus_NP,0.0,0.0,0.0,1.0,9999,228,684,684,20,76,contrasts_by_domain|run=instruct|domain=energy|outcome=flip|kind=contrast|quantity=NS_minus_NP,,flip,contrast,,,NS − NP,,,,,,,,,,,,,,energy,,,,,,,,,,,,,,
instruct,RP_minus_NP,0.0,0.0,0.0,1.0,9999,228,456,456,20,76,contrasts_by_domain|run=instruct|domain=energy|outcome=flip|kind=contrast|quantity=RP_minus_NP,,flip,contrast,,,RP − NP,,,,,,,,,,,,,,energy,,,,,,,,,,,,,,
instruct,RS_minus_NS,0.0,0.0,0.0,1.0,9999,228,912,912,20,76,contrasts_by_domain|run=instruct|domain=energy|outcome=flip|kind=contrast|quantity=RS_minus_NS,,flip,contrast,,,RS − NS,,,,,,,,,,,,,,energy,,,,,,,,,,,,,,
instruct,RS_minus_RP,0.0,0.0,0.0,1.0,9999,228,684,684,20,76,contrasts_by_domain|run=instruct|domain=energy|outcome=flip|kind=contrast|quantity=RS_minus_RP,,flip,contrast,,,RS − RP,,,,,,,,,,,,,,energy,,,,,,,,,,,,,,
instruct,interaction,0.0,0.0,0.0,1.0,9999,228,1368,1368,20,76,contrasts_by_domain|run=instruct|domain=energy|outcome=flip|kind=contrast|quantity=interaction,,flip,contrast,,,(RS − RP) − (NS − NP),,,,,,,,,,,,,,energy,,,,,,,,,,,,,,
instruct,interaction,0.0,0.0,0.0,1.0,9999,690,4140,4140,60,230,contrasts_by_model|run=instruct|outcome=flip|kind=contrast|quantity=interaction,,flip,contrast,,,(RS − RP) − (NS − NP),,,,,,,,,,,,,,,,,,,,,,,,,,,,
instruct,interaction,0.0,0.0,0.0,1.0,9999,681,4086,4086,60,227,model_common_subset|run=instruct|outcome=flip|kind=contrast|quantity=interaction,,flip,contrast,,,(RS − RP) − (NS − NP),,,,,,,,,,,,,,,,,,,,,,,,,,,,
instruct,NS_minus_NP,0.0,0.0,0.0,1.0,9999,342,1026,1026,60,114,contrasts_by_option_order|run=instruct|order_id=o1|outcome=flip|kind=contrast|quantity=NS_minus_NP,,flip,contrast,,,NS − NP,,,,,,,,,,,,,,,o1,,,,,,,,,,,,,
instruct,RP_minus_NP,0.0,0.0,0.0,1.0,9999,342,684,684,60,114,contrasts_by_option_order|run=instruct|order_id=o1|outcome=flip|kind=contrast|quantity=RP_minus_NP,,flip,contrast,,,RP − NP,,,,,,,,,,,,,,,o1,,,,,,,,,,,,,
instruct,RS_minus_NS,0.0,0.0,0.0,1.0,9999,342,1368,1368,60,114,contrasts_by_option_order|run=instruct|order_id=o1|outcome=flip|kind=contrast|quantity=RS_minus_NS,,flip,contrast,,,RS − NS,,,,,,,,,,,,,,,o1,,,,,,,,,,,,,
instruct,RS_minus_RP,0.0,0.0,0.0,1.0,9999,342,1026,1026,60,114,contrasts_by_option_order|run=instruct|order_id=o1|outcome=flip|kind=contrast|quantity=RS_minus_RP,,flip,contrast,,,RS − RP,,,,,,,,,,,,,,,o1,,,,,,,,,,,,,
instruct,interaction,0.0,0.0,0.0,1.0,9999,342,2052,2052,60,114,contrasts_by_option_order|run=instruct|order_id=o1|outcome=flip|kind=contrast|quantity=interaction,,flip,contrast,,,(RS − RP) − (NS − NP),,,,,,,,,,,,,,,o1,,,,,,,,,,,,,
instruct,NS_minus_NP,0.0,0.0,0.0,1.0,9999,348,1044,1044,60,116,contrasts_by_option_order|run=instruct|order_id=o2|outcome=flip|kind=contrast|quantity=NS_minus_NP,,flip,contrast,,,NS − NP,,,,,,,,,,,,,,,o2,,,,,,,,,,,,,
instruct,RP_minus_NP,0.0,0.0,0.0,1.0,9999,348,696,696,60,116,contrasts_by_option_order|run=instruct|order_id=o2|outcome=flip|kind=contrast|quantity=RP_minus_NP,,flip,contrast,,,RP − NP,,,,,,,,,,,,,,,o2,,,,,,,,,,,,,
instruct,RS_minus_NS,0.0,0.0,0.0,1.0,9999,348,1392,1392,60,116,contrasts_by_option_order|run=instruct|order_id=o2|outcome=flip|kind=contrast|quantity=RS_minus_NS,,flip,contrast,,,RS − NS,,,,,,,,,,,,,,,o2,,,,,,,,,,,,,
instruct,RS_minus_RP,0.0,0.0,0.0,1.0,9999,348,1044,1044,60,116,contrasts_by_option_order|run=instruct|order_id=o2|outcome=flip|kind=contrast|quantity=RS_minus_RP,,flip,contrast,,,RS − RP,,,,,,,,,,,,,,,o2,,,,,,,,,,,,,
instruct,interaction,0.0,0.0,0.0,1.0,9999,348,2088,2088,60,116,contrasts_by_option_order|run=instruct|order_id=o2|outcome=flip|kind=contrast|quantity=interaction,,flip,contrast,,,(RS − RP) − (NS − NP),,,,,,,,,,,,,,,o2,,,,,,,,,,,,,
instruct,NS_minus_NP,0.0,0.0,0.0,1.0,9999,230,690,690,60,230,contrasts_by_opening|run=instruct|opening_id=stance_alternative|outcome=flip|kind=contrast|quantity=NS_minus_NP,,flip,contrast,,,NS − NP,,,,,,,,stance_alternative,,,,,,,,,,,,,,,,,,,,
instruct,RP_minus_NP,0.0,0.0,0.0,1.0,9999,230,460,460,60,230,contrasts_by_opening|run=instruct|opening_id=stance_alternative|outcome=flip|kind=contrast|quantity=RP_minus_NP,,flip,contrast,,,RP − NP,,,,,,,,stance_alternative,,,,,,,,,,,,,,,,,,,,
instruct,RS_minus_NS,0.0,0.0,0.0,1.0,9999,230,920,920,60,230,contrasts_by_opening|run=instruct|opening_id=stance_alternative|outcome=flip|kind=contrast|quantity=RS_minus_NS,,flip,contrast,,,RS − NS,,,,,,,,stance_alternative,,,,,,,,,,,,,,,,,,,,
instruct,RS_minus_RP,0.0,0.0,0.0,1.0,9999,230,690,690,60,230,contrasts_by_opening|run=instruct|opening_id=stance_alternative|outcome=flip|kind=contrast|quantity=RS_minus_RP,,flip,contrast,,,RS − RP,,,,,,,,stance_alternative,,,,,,,,,,,,,,,,,,,,
instruct,interaction,0.0,0.0,0.0,1.0,9999,230,1380,1380,60,230,contrasts_by_opening|run=instruct|opening_id=stance_alternative|outcome=flip|kind=contrast|quantity=interaction,,flip,contrast,,,(RS − RP) − (NS − NP),,,,,,,,stance_alternative,,,,,,,,,,,,,,,,,,,,
instruct,NS_minus_NP,0.0,0.0,0.0,1.0,9999,230,690,690,60,230,contrasts_by_opening|run=instruct|opening_id=stance_disagreement|outcome=flip|kind=contrast|quantity=NS_minus_NP,,flip,contrast,,,NS − NP,,,,,,,,stance_disagreement,,,,,,,,,,,,,,,,,,,,
instruct,RP_minus_NP,0.0,0.0,0.0,1.0,9999,230,460,460,60,230,contrasts_by_opening|run=instruct|opening_id=stance_disagreement|outcome=flip|kind=contrast|quantity=RP_minus_NP,,flip,contrast,,,RP − NP,,,,,,,,stance_disagreement,,,,,,,,,,,,,,,,,,,,
instruct,RS_minus_NS,0.0,0.0,0.0,1.0,9999,230,920,920,60,230,contrasts_by_opening|run=instruct|opening_id=stance_disagreement|outcome=flip|kind=contrast|quantity=RS_minus_NS,,flip,contrast,,,RS − NS,,,,,,,,stance_disagreement,,,,,,,,,,,,,,,,,,,,
instruct,RS_minus_RP,0.0,0.0,0.0,1.0,9999,230,690,690,60,230,contrasts_by_opening|run=instruct|opening_id=stance_disagreement|outcome=flip|kind=contrast|quantity=RS_minus_RP,,flip,contrast,,,RS − RP,,,,,,,,stance_disagreement,,,,,,,,,,,,,,,,,,,,
instruct,interaction,0.0,0.0,0.0,1.0,9999,230,1380,1380,60,230,contrasts_by_opening|run=instruct|opening_id=stance_disagreement|outcome=flip|kind=contrast|quantity=interaction,,flip,contrast,,,(RS − RP) − (NS − NP),,,,,,,,stance_disagreement,,,,,,,,,,,,,,,,,,,,
instruct,NS_minus_NP,0.0,0.0,0.0,1.0,9999,231,693,693,20,77,contrasts_by_domain|run=instruct|domain=technology|outcome=flip|kind=contrast|quantity=NS_minus_NP,,flip,contrast,,,NS − NP,,,,,,,,,,,,,,technology,,,,,,,,,,,,,,
instruct,RP_minus_NP,0.0,0.0,0.0,1.0,9999,231,462,462,20,77,contrasts_by_domain|run=instruct|domain=technology|outcome=flip|kind=contrast|quantity=RP_minus_NP,,flip,contrast,,,RP − NP,,,,,,,,,,,,,,technology,,,,,,,,,,,,,,
instruct,RS_minus_NS,0.0,0.0,0.0,1.0,9999,231,924,924,20,77,contrasts_by_domain|run=instruct|domain=technology|outcome=flip|kind=contrast|quantity=RS_minus_NS,,flip,contrast,,,RS − NS,,,,,,,,,,,,,,technology,,,,,,,,,,,,,,
instruct,RS_minus_RP,0.0,0.0,0.0,1.0,9999,231,693,693,20,77,contrasts_by_domain|run=instruct|domain=technology|outcome=flip|kind=contrast|quantity=RS_minus_RP,,flip,contrast,,,RS − RP,,,,,,,,,,,,,,technology,,,,,,,,,,,,,,
instruct,interaction,0.0,0.0,0.0,1.0,9999,231,1386,1386,20,77,contrasts_by_domain|run=instruct|domain=technology|outcome=flip|kind=contrast|quantity=interaction,,flip,contrast,,,(RS − RP) − (NS − NP),,,,,,,,,,,,,,technology,,,,,,,,,,,,,,
instruct,NS_minus_NP,0.0,0.0,0.0,1.0,9999,460,1380,1380,60,230,opening_heterogeneity|run=instruct|outcome=flip|comparison=directive_reconsideration_minus_stance_alternative|quantity=NS_minus_NP,directive_reconsideration_minus_stance_alternative,flip,,,,NS − NP,,,,,,,,,,,,,,,,,,,,0.0,0.0,,,,,,,
instruct,RP_minus_NP,0.0,0.0,0.0,1.0,9999,460,920,920,60,230,opening_heterogeneity|run=instruct|outcome=flip|comparison=directive_reconsideration_minus_stance_alternative|quantity=RP_minus_NP,directive_reconsideration_minus_stance_alternative,flip,,,,RP − NP,,,,,,,,,,,,,,,,,,,,0.0,0.0,,,,,,,
instruct,RS_minus_NS,0.0,0.0,0.0,1.0,9999,460,1840,1840,60,230,opening_heterogeneity|run=instruct|outcome=flip|comparison=directive_reconsideration_minus_stance_alternative|quantity=RS_minus_NS,directive_reconsideration_minus_stance_alternative,flip,,,,RS − NS,,,,,,,,,,,,,,,,,,,,0.0,0.0,,,,,,,
instruct,RS_minus_RP,0.0,0.0,0.0,1.0,9999,460,1380,1380,60,230,opening_heterogeneity|run=instruct|outcome=flip|comparison=directive_reconsideration_minus_stance_alternative|quantity=RS_minus_RP,directive_reconsideration_minus_stance_alternative,flip,,,,RS − RP,,,,,,,,,,,,,,,,,,,,0.0,0.0,,,,,,,
instruct,interaction,0.0,0.0,0.0,1.0,9999,460,2760,2760,60,230,opening_heterogeneity|run=instruct|outcome=flip|comparison=directive_reconsideration_minus_stance_alternative|quantity=interaction,directive_reconsideration_minus_stance_alternative,flip,,,,(RS − RP) − (NS − NP),,,,,,,,,,,,,,,,,,,,0.0,0.0,,,,,,,
instruct,NS_minus_NP,0.0,0.0,0.0,1.0,9999,460,1380,1380,60,230,opening_heterogeneity|run=instruct|outcome=flip|comparison=directive_reconsideration_minus_stance_disagreement|quantity=NS_minus_NP,directive_reconsideration_minus_stance_disagreement,flip,,,,NS − NP,,,,,,,,,,,,,,,,,,,,0.0,0.0,,,,,,,
instruct,RP_minus_NP,0.0,0.0,0.0,1.0,9999,460,920,920,60,230,opening_heterogeneity|run=instruct|outcome=flip|comparison=directive_reconsideration_minus_stance_disagreement|quantity=RP_minus_NP,directive_reconsideration_minus_stance_disagreement,flip,,,,RP − NP,,,,,,,,,,,,,,,,,,,,0.0,0.0,,,,,,,
instruct,RS_minus_NS,0.0,0.0,0.0,1.0,9999,460,1840,1840,60,230,opening_heterogeneity|run=instruct|outcome=flip|comparison=directive_reconsideration_minus_stance_disagreement|quantity=RS_minus_NS,directive_reconsideration_minus_stance_disagreement,flip,,,,RS − NS,,,,,,,,,,,,,,,,,,,,0.0,0.0,,,,,,,
instruct,RS_minus_RP,0.0,0.0,0.0,1.0,9999,460,1380,1380,60,230,opening_heterogeneity|run=instruct|outcome=flip|comparison=directive_reconsideration_minus_stance_disagreement|quantity=RS_minus_RP,directive_reconsideration_minus_stance_disagreement,flip,,,,RS − RP,,,,,,,,,,,,,,,,,,,,0.0,0.0,,,,,,,
instruct,interaction,0.0,0.0,0.0,1.0,9999,460,2760,2760,60,230,opening_heterogeneity|run=instruct|outcome=flip|comparison=directive_reconsideration_minus_stance_disagreement|quantity=interaction,directive_reconsideration_minus_stance_disagreement,flip,,,,(RS − RP) − (NS − NP),,,,,,,,,,,,,,,,,,,,0.0,0.0,,,,,,,
instruct,NS_minus_NP,0.0,0.0,0.0,1.0,9999,690,1380,1380,60,230,contrasts_by_marker_family|run=instruct|outcome=flip|marker_family=inference_basis|quantity=NS_minus_NP,,flip,,,,NS − NP,,,,,,,,,inference_basis,,,,,,,unweighted mean of six marker estimates,,,,,,,,,,,,
instruct,RS_minus_NS,0.0,0.0,0.0,1.0,9999,690,1380,1380,60,230,contrasts_by_marker_family|run=instruct|outcome=flip|marker_family=inference_basis|quantity=RS_minus_NS,,flip,,,,RS − NS,,,,,,,,,inference_basis,,,,,,,unweighted mean of six marker estimates,,,,,,,,,,,,
instruct,RS_minus_RP,0.0,0.0,0.0,1.0,9999,690,1380,1380,60,230,contrasts_by_marker_family|run=instruct|outcome=flip|marker_family=inference_basis|quantity=RS_minus_RP,,flip,,,,RS − RP,,,,,,,,,inference_basis,,,,,,,unweighted mean of six marker estimates,,,,,,,,,,,,
instruct,interaction,0.0,0.0,0.0,1.0,9999,690,2760,2760,60,230,contrasts_by_marker_family|run=instruct|outcome=flip|marker_family=inference_basis|quantity=interaction,,flip,,,,(RS − RP) − (NS − NP),,,,,,,,,inference_basis,,,,,,,unweighted mean of six marker estimates,,,,,,,,,,,,
instruct,NS_minus_NP,0.0,0.0,0.0,1.0,9999,114,228,228,23,38,contrasts_by_individual_marker|run=instruct|outcome=flip|marker_id=m07_this_implies_that|quantity=NS_minus_NP,,flip,,,,NS − NP,,,,,,,m07_this_implies_that,,inference_basis,,,,,,,,explicit_inference,this implies that,,,,,,,,,,
instruct,RS_minus_NS,0.0,0.0,0.0,1.0,9999,114,228,228,23,38,contrasts_by_individual_marker|run=instruct|outcome=flip|marker_id=m07_this_implies_that|quantity=RS_minus_NS,,flip,,,,RS − NS,,,,,,,m07_this_implies_that,,inference_basis,,,,,,,,explicit_inference,this implies that,,,,,,,,,,
instruct,RS_minus_RP,0.0,0.0,0.0,1.0,9999,114,228,228,23,38,contrasts_by_individual_marker|run=instruct|outcome=flip|marker_id=m07_this_implies_that|quantity=RS_minus_RP,,flip,,,,RS − RP,,,,,,,m07_this_implies_that,,inference_basis,,,,,,,,explicit_inference,this implies that,,,,,,,,,,
instruct,interaction,0.0,0.0,0.0,1.0,9999,114,456,456,23,38,contrasts_by_individual_marker|run=instruct|outcome=flip|marker_id=m07_this_implies_that|quantity=interaction,,flip,,,,(RS − RP) − (NS − NP),,,,,,,m07_this_implies_that,,inference_basis,,,,,,,,explicit_inference,this implies that,,,,,,,,,,
instruct,NS_minus_NP,0.0,0.0,0.0,1.0,9999,144,288,288,27,48,contrasts_by_individual_marker|run=instruct|outcome=flip|marker_id=m08_it_follows_that|quantity=NS_minus_NP,,flip,,,,NS − NP,,,,,,,m08_it_follows_that,,inference_basis,,,,,,,,explicit_inference,it follows that,,,,,,,,,,
instruct,RS_minus_NS,0.0,0.0,0.0,1.0,9999,144,288,288,27,48,contrasts_by_individual_marker|run=instruct|outcome=flip|marker_id=m08_it_follows_that|quantity=RS_minus_NS,,flip,,,,RS − NS,,,,,,,m08_it_follows_that,,inference_basis,,,,,,,,explicit_inference,it follows that,,,,,,,,,,
instruct,RS_minus_RP,0.0,0.0,0.0,1.0,9999,144,288,288,27,48,contrasts_by_individual_marker|run=instruct|outcome=flip|marker_id=m08_it_follows_that|quantity=RS_minus_RP,,flip,,,,RS − RP,,,,,,,m08_it_follows_that,,inference_basis,,,,,,,,explicit_inference,it follows that,,,,,,,,,,
instruct,interaction,0.0,0.0,0.0,1.0,9999,144,576,576,27,48,contrasts_by_individual_marker|run=instruct|outcome=flip|marker_id=m08_it_follows_that|quantity=interaction,,flip,,,,(RS − RP) − (NS − NP),,,,,,,m08_it_follows_that,,inference_basis,,,,,,,,explicit_inference,it follows that,,,,,,,,,,
instruct,NS_minus_NP,0.0,0.0,0.0,1.0,9999,99,198,198,19,33,contrasts_by_individual_marker|run=instruct|outcome=flip|marker_id=m09_on_that_basis|quantity=NS_minus_NP,,flip,,,,NS − NP,,,,,,,m09_on_that_basis,,inference_basis,,,,,,,,anaphoric_basis,on that basis,,,,,,,,,,
instruct,RS_minus_NS,0.0,0.0,0.0,1.0,9999,99,198,198,19,33,contrasts_by_individual_marker|run=instruct|outcome=flip|marker_id=m09_on_that_basis|quantity=RS_minus_NS,,flip,,,,RS − NS,,,,,,,m09_on_that_basis,,inference_basis,,,,,,,,anaphoric_basis,on that basis,,,,,,,,,,
instruct,RS_minus_RP,0.0,0.0,0.0,1.0,9999,99,198,198,19,33,contrasts_by_individual_marker|run=instruct|outcome=flip|marker_id=m09_on_that_basis|quantity=RS_minus_RP,,flip,,,,RS − RP,,,,,,,m09_on_that_basis,,inference_basis,,,,,,,,anaphoric_basis,on that basis,,,,,,,,,,
instruct,interaction,0.0,0.0,0.0,1.0,9999,99,396,396,19,33,contrasts_by_individual_marker|run=instruct|outcome=flip|marker_id=m09_on_that_basis|quantity=interaction,,flip,,,,(RS − RP) − (NS − NP),,,,,,,m09_on_that_basis,,inference_basis,,,,,,,,anaphoric_basis,on that basis,,,,,,,,,,
instruct,NS_minus_NP,0.0,0.0,0.0,1.0,9999,120,240,240,23,40,contrasts_by_individual_marker|run=instruct|outcome=flip|marker_id=m10_based_on_this|quantity=NS_minus_NP,,flip,,,,NS − NP,,,,,,,m10_based_on_this,,inference_basis,,,,,,,,anaphoric_basis,based on this,,,,,,,,,,
instruct,RS_minus_NS,0.0,0.0,0.0,1.0,9999,120,240,240,23,40,contrasts_by_individual_marker|run=instruct|outcome=flip|marker_id=m10_based_on_this|quantity=RS_minus_NS,,flip,,,,RS − NS,,,,,,,m10_based_on_this,,inference_basis,,,,,,,,anaphoric_basis,based on this,,,,,,,,,,
instruct,RS_minus_RP,0.0,0.0,0.0,1.0,9999,120,240,240,23,40,contrasts_by_individual_marker|run=instruct|outcome=flip|marker_id=m10_based_on_this|quantity=RS_minus_RP,,flip,,,,RS − RP,,,,,,,m10_based_on_this,,inference_basis,,,,,,,,anaphoric_basis,based on this,,,,,,,,,,
instruct,interaction,0.0,0.0,0.0,1.0,9999,120,480,480,23,40,contrasts_by_individual_marker|run=instruct|outcome=flip|marker_id=m10_based_on_this|quantity=interaction,,flip,,,,(RS − RP) − (NS − NP),,,,,,,m10_based_on_this,,inference_basis,,,,,,,,anaphoric_basis,based on this,,,,,,,,,,
instruct,NS_minus_NP,0.0,0.0,0.0,1.0,9999,111,222,222,20,37,contrasts_by_individual_marker|run=instruct|outcome=flip|marker_id=m11_given_this|quantity=NS_minus_NP,,flip,,,,NS − NP,,,,,,,m11_given_this,,inference_basis,,,,,,,,anaphoric_basis,given this,,,,,,,,,,
instruct,RS_minus_NS,0.0,0.0,0.0,1.0,9999,111,222,222,20,37,contrasts_by_individual_marker|run=instruct|outcome=flip|marker_id=m11_given_this|quantity=RS_minus_NS,,flip,,,,RS − NS,,,,,,,m11_given_this,,inference_basis,,,,,,,,anaphoric_basis,given this,,,,,,,,,,
instruct,RS_minus_RP,0.0,0.0,0.0,1.0,9999,111,222,222,20,37,contrasts_by_individual_marker|run=instruct|outcome=flip|marker_id=m11_given_this|quantity=RS_minus_RP,,flip,,,,RS − RP,,,,,,,m11_given_this,,inference_basis,,,,,,,,anaphoric_basis,given this,,,,,,,,,,
instruct,interaction,0.0,0.0,0.0,1.0,9999,111,444,444,20,37,contrasts_by_individual_marker|run=instruct|outcome=flip|marker_id=m11_given_this|quantity=interaction,,flip,,,,(RS − RP) − (NS − NP),,,,,,,m11_given_this,,inference_basis,,,,,,,,anaphoric_basis,given this,,,,,,,,,,
instruct,NS_minus_NP,0.0,0.0,0.0,1.0,9999,102,204,204,21,34,contrasts_by_individual_marker|run=instruct|outcome=flip|marker_id=m12_in_view_of_this|quantity=NS_minus_NP,,flip,,,,NS − NP,,,,,,,m12_in_view_of_this,,inference_basis,,,,,,,,anaphoric_basis,in view of this,,,,,,,,,,
instruct,RS_minus_NS,0.0,0.0,0.0,1.0,9999,102,204,204,21,34,contrasts_by_individual_marker|run=instruct|outcome=flip|marker_id=m12_in_view_of_this|quantity=RS_minus_NS,,flip,,,,RS − NS,,,,,,,m12_in_view_of_this,,inference_basis,,,,,,,,anaphoric_basis,in view of this,,,,,,,,,,
instruct,RS_minus_RP,0.0,0.0,0.0,1.0,9999,102,204,204,21,34,contrasts_by_individual_marker|run=instruct|outcome=flip|marker_id=m12_in_view_of_this|quantity=RS_minus_RP,,flip,,,,RS − RP,,,,,,,m12_in_view_of_this,,inference_basis,,,,,,,,anaphoric_basis,in view of this,,,,,,,,,,
instruct,interaction,0.0,0.0,0.0,1.0,9999,102,408,408,21,34,contrasts_by_individual_marker|run=instruct|outcome=flip|marker_id=m12_in_view_of_this|quantity=interaction,,flip,,,,(RS − RP) − (NS − NP),,,,,,,m12_in_view_of_this,,inference_basis,,,,,,,,anaphoric_basis,in view of this,,,,,,,,,,
instruct,interaction,0.0,0.0,0.0,1.0,9999,690,4140,4140,60,230,core_contrasts_flip|run=instruct|outcome=flip|quantity=interaction,,flip,,,,(RS − RP) − (NS − NP),,,,,,,,,,interaction_reported_separately,,,,,,,,,,,,,,,,,,
instruct,interaction,0.0,0.0,0.0,1.0,9999,564,3384,3384,59,188,near_tie_sensitivity|run=instruct|outcome=flip|quantity=interaction,,flip,,,,(RS − RP) − (NS − NP),,,,,,,,,,,,0.0,sensitivity (|m_before| >= tau); full sample primary,,,,,,,,,,,,,,,
instruct,NS_minus_NP,0.0,0.0,0.0,1.0,9999,690,2070,2070,60,230,order_heterogeneity|run=instruct|outcome=flip|comparison=o1_minus_o2|quantity=NS_minus_NP,o1_minus_o2,flip,,,,NS − NP,,,,,,,,,,,,,,,,,,,,0.0,0.0,True,False,,,,,
instruct,RP_minus_NP,0.0,0.0,0.0,1.0,9999,690,1380,1380,60,230,order_heterogeneity|run=instruct|outcome=flip|comparison=o1_minus_o2|quantity=RP_minus_NP,o1_minus_o2,flip,,,,RP − NP,,,,,,,,,,,,,,,,,,,,0.0,0.0,True,False,,,,,
instruct,RS_minus_NS,0.0,0.0,0.0,1.0,9999,690,2760,2760,60,230,order_heterogeneity|run=instruct|outcome=flip|comparison=o1_minus_o2|quantity=RS_minus_NS,o1_minus_o2,flip,,,,RS − NS,,,,,,,,,,,,,,,,,,,,0.0,0.0,True,False,,,,,
instruct,RS_minus_RP,0.0,0.0,0.0,1.0,9999,690,2070,2070,60,230,order_heterogeneity|run=instruct|outcome=flip|comparison=o1_minus_o2|quantity=RS_minus_RP,o1_minus_o2,flip,,,,RS − RP,,,,,,,,,,,,,,,,,,,,0.0,0.0,True,False,,,,,
instruct,interaction,0.0,0.0,0.0,1.0,9999,690,4140,4140,60,230,order_heterogeneity|run=instruct|outcome=flip|comparison=o1_minus_o2|quantity=interaction,o1_minus_o2,flip,,,,(RS − RP) − (NS − NP),,,,,,,,,,,,,,,,,,,,0.0,0.0,True,False,,,,,
instruct,NS_minus_NP,0.0,0.0,0.0,1.0,9999,460,1380,1380,60,230,opening_heterogeneity|run=instruct|outcome=flip|comparison=stance_alternative_minus_stance_disagreement|quantity=NS_minus_NP,stance_alternative_minus_stance_disagreement,flip,,,,NS − NP,,,,,,,,,,,,,,,,,,,,0.0,0.0,,,,,,,
instruct,RP_minus_NP,0.0,0.0,0.0,1.0,9999,460,920,920,60,230,opening_heterogeneity|run=instruct|outcome=flip|comparison=stance_alternative_minus_stance_disagreement|quantity=RP_minus_NP,stance_alternative_minus_stance_disagreement,flip,,,,RP − NP,,,,,,,,,,,,,,,,,,,,0.0,0.0,,,,,,,
instruct,RS_minus_NS,0.0,0.0,0.0,1.0,9999,460,1840,1840,60,230,opening_heterogeneity|run=instruct|outcome=flip|comparison=stance_alternative_minus_stance_disagreement|quantity=RS_minus_NS,stance_alternative_minus_stance_disagreement,flip,,,,RS − NS,,,,,,,,,,,,,,,,,,,,0.0,0.0,,,,,,,
instruct,RS_minus_RP,0.0,0.0,0.0,1.0,9999,460,1380,1380,60,230,opening_heterogeneity|run=instruct|outcome=flip|comparison=stance_alternative_minus_stance_disagreement|quantity=RS_minus_RP,stance_alternative_minus_stance_disagreement,flip,,,,RS − RP,,,,,,,,,,,,,,,,,,,,0.0,0.0,,,,,,,
instruct,interaction,0.0,0.0,0.0,1.0,9999,460,2760,2760,60,230,opening_heterogeneity|run=instruct|outcome=flip|comparison=stance_alternative_minus_stance_disagreement|quantity=interaction,stance_alternative_minus_stance_disagreement,flip,,,,(RS − RP) − (NS − NP),,,,,,,,,,,,,,,,,,,,0.0,0.0,,,,,,,
instruct,NS_minus_NP,-0.7543113425925927,-0.8224392361111108,-0.6883955439814814,0.0002,9999,690,2070,0,60,230,core_contrasts_movement|run=instruct|outcome=movement|quantity=NS_minus_NP,,movement,,,,NS − NP,,,,,,,,,,planned|movement|instruct,0.0008,,,,,,,,,,,,,,,,,
instruct,NS_minus_NP,-0.7857226930320151,-0.8629001756404635,-0.7126280627157879,0.0002,9999,564,1692,0,59,188,near_tie_sensitivity|run=instruct|outcome=movement|quantity=NS_minus_NP,,movement,,,,NS − NP,,,,,,,,,,,,-0.7543113425925927,sensitivity (|m_before| >= tau); full sample primary,,,,,,,,,,,,,,,
instruct,RP_minus_NP,-0.18067129629629627,-0.24942418981481482,-0.11252893518518521,0.0002,9999,690,1380,0,60,230,core_contrasts_movement|run=instruct|outcome=movement|quantity=RP_minus_NP,,movement,,,,RP − NP,,,,,,,,,,planned|movement|instruct,0.0008,,,,,,,,,,,,,,,,,
instruct,RP_minus_NP,-0.18143832391713746,-0.25912423699904197,-0.10460805084745764,0.0002,9999,564,1128,0,59,188,near_tie_sensitivity|run=instruct|outcome=movement|quantity=RP_minus_NP,,movement,,,,RP − NP,,,,,,,,,,,,-0.18067129629629627,sensitivity (|m_before| >= tau); full sample primary,,,,,,,,,,,,,,,
instruct,RS_minus_NS,0.5538773148148148,0.4598083043981482,0.650206163194444,0.0002,9999,690,2760,0,60,230,core_contrasts_movement|run=instruct|outcome=movement|quantity=RS_minus_NS,,movement,,,,RS − NS,,,,,,,,,,planned|movement|instruct,0.0008,,,,,,,,,,,,,,,,,
instruct,RS_minus_NS,0.5791401836158192,0.47067609656065335,0.6887326388888888,0.0002,9999,564,2256,0,59,188,near_tie_sensitivity|run=instruct|outcome=movement|quantity=RS_minus_NS,,movement,,,,RS − NS,,,,,,,,,,,,0.5538773148148148,sensitivity (|m_before| >= tau); full sample primary,,,,,,,,,,,,,,,
instruct,RS_minus_RP,-0.019762731481481485,-0.05276475694444444,0.014917534722222197,0.2594,9999,690,2070,0,60,230,core_contrasts_movement|run=instruct|outcome=movement|quantity=RS_minus_RP,,movement,,,,RS − RP,,,,,,,,,,planned|movement|instruct,0.2594,,,,,,,,,,,,,,,,,
instruct,RS_minus_RP,-0.02514418549905838,-0.06341145833333334,0.015079521871008876,0.2172,9999,564,1692,0,59,188,near_tie_sensitivity|run=instruct|outcome=movement|quantity=RS_minus_RP,,movement,,,,RS − RP,,,,,,,,,,,,-0.019762731481481485,sensitivity (|m_before| >= tau); full sample primary,,,,,,,,,,,,,,,
instruct,NP,7.869155092592593,7.618949652777779,8.135619212962963,0.0002,9999,690,690,0,60,230,contrasts_by_model|run=instruct|outcome=movement|kind=cell|quantity=NP,,movement,cell,,,,,,,,,,,,,,,,,,,,,,,,,,,,,,,
instruct,NP,7.882667824074074,7.63324652777778,8.149565972222224,0.0002,9999,681,681,0,60,227,model_common_subset|run=instruct|outcome=movement|kind=cell|quantity=NP,,movement,cell,,,,,,,,,,,,,,,,,,,,,,,,,,,,,,,
instruct,NS,7.1148437499999995,6.867385706018518,7.379762008101849,0.0002,9999,690,1380,0,60,230,contrasts_by_model|run=instruct|outcome=movement|kind=cell|quantity=NS,,movement,cell,,,,,,,,,,,,,,,,,,,,,,,,,,,,,,,
instruct,NS,7.12646122685185,6.879778645833332,7.388927951388887,0.0002,9999,681,1362,0,60,227,model_common_subset|run=instruct|outcome=movement|kind=cell|quantity=NS,,movement,cell,,,,,,,,,,,,,,,,,,,,,,,,,,,,,,,
instruct,RP,7.688483796296296,7.43113425925926,7.96214988425926,0.0002,9999,690,690,0,60,230,contrasts_by_model|run=instruct|outcome=movement|kind=cell|quantity=RP,,movement,cell,,,,,,,,,,,,,,,,,,,,,,,,,,,,,,,
instruct,RP,7.694878472222222,7.437057291666665,7.970412326388887,0.0002,9999,681,681,0,60,227,model_common_subset|run=instruct|outcome=movement|kind=cell|quantity=RP,,movement,cell,,,,,,,,,,,,,,,,,,,,,,,,,,,,,,,
instruct,RS,7.668721064814816,7.424195601851856,7.931000434027777,0.0002,9999,690,1380,0,60,230,contrasts_by_model|run=instruct|outcome=movement|kind=cell|quantity=RS,,movement,cell,,,,,,,,,,,,,,,,,,,,,,,,,,,,,,,
instruct,RS,7.677039930555556,7.431153790509258,7.938852719907407,0.0002,9999,681,1362,0,60,227,model_common_subset|run=instruct|outcome=movement|kind=cell|quantity=RS,,movement,cell,,,,,,,,,,,,,,,,,,,,,,,,,,,,,,,
instruct,NP,7.706684027777778,7.312894965277777,8.144357638888888,0.0002,9999,231,231,0,20,77,contrasts_by_domain|run=instruct|domain=climate|outcome=movement|kind=cell|quantity=NP,,movement,cell,,,,,,,,,,,,,,,,,climate,,,,,,,,,,,,,,
instruct,NS,6.925607638888889,6.533930121527777,7.373634982638888,0.0002,9999,231,462,0,20,77,contrasts_by_domain|run=instruct|domain=climate|outcome=movement|kind=cell|quantity=NS,,movement,cell,,,,,,,,,,,,,,,,,climate,,,,,,,,,,,,,,
instruct,RP,7.505121527777779,7.077990451388889,7.975616319444444,0.0002,9999,231,231,0,20,77,contrasts_by_domain|run=instruct|domain=climate|outcome=movement|kind=cell|quantity=RP,,movement,cell,,,,,,,,,,,,,,,,,climate,,,,,,,,,,,,,,
instruct,RS,7.439496527777779,7.0239887152777785,7.8978819444444435,0.0002,9999,231,462,0,20,77,contrasts_by_domain|run=instruct|domain=climate|outcome=movement|kind=cell|quantity=RS,,movement,cell,,,,,,,,,,,,,,,,,climate,,,,,,,,,,,,,,
instruct,NP,7.346788194444445,7.083936631944444,7.625177951388889,0.0002,9999,230,230,0,60,230,contrasts_by_opening|run=instruct|opening_id=directive_reconsideration|outcome=movement|kind=cell|quantity=NP,,movement,cell,,,,,,,,,,,directive_reconsideration,,,,,,,,,,,,,,,,,,,,
instruct,NS,6.555989583333333,6.308589409722222,6.819796006944446,0.0002,9999,230,460,0,60,230,contrasts_by_opening|run=instruct|opening_id=directive_reconsideration|outcome=movement|kind=cell|quantity=NS,,movement,cell,,,,,,,,,,,directive_reconsideration,,,,,,,,,,,,,,,,,,,,
instruct,RP,7.153298611111111,6.900160590277777,7.421631944444444,0.0002,9999,230,230,0,60,230,contrasts_by_opening|run=instruct|opening_id=directive_reconsideration|outcome=movement|kind=cell|quantity=RP,,movement,cell,,,,,,,,,,,directive_reconsideration,,,,,,,,,,,,,,,,,,,,
instruct,RS,7.244357638888888,7.002235243055556,7.5027864583333335,0.0002,9999,230,460,0,60,230,contrasts_by_opening|run=instruct|opening_id=directive_reconsideration|outcome=movement|kind=cell|quantity=RS,,movement,cell,,,,,,,,,,,directive_reconsideration,,,,,,,,,,,,,,,,,,,,
instruct,NP,8.060069444444443,7.654079861111112,8.506276041666666,0.0002,9999,228,228,0,20,76,contrasts_by_domain|run=instruct|domain=energy|outcome=movement|kind=cell|quantity=NP,,movement,cell,,,,,,,,,,,,,,,,,energy,,,,,,,,,,,,,,
instruct,NS,7.259244791666665,6.829685329861111,7.728912760416666,0.0002,9999,228,456,0,20,76,contrasts_by_domain|run=instruct|domain=energy|outcome=movement|kind=cell|quantity=NS,,movement,cell,,,,,,,,,,,,,,,,,energy,,,,,,,,,,,,,,
instruct,RP,7.861458333333333,7.453177083333332,8.316588541666667,0.0002,9999,228,228,0,20,76,contrasts_by_domain|run=instruct|domain=energy|outcome=movement|kind=cell|quantity=RP,,movement,cell,,,,,,,,,,,,,,,,,energy,,,,,,,,,,,,,,
instruct,RS,7.872352430555556,7.471590711805557,8.324589843749997,0.0002,9999,228,456,0,20,76,contrasts_by_domain|run=instruct|domain=energy|outcome=movement|kind=cell|quantity=RS,,movement,cell,,,,,,,,,,,,,,,,,energy,,,,,,,,,,,,,,
instruct,NP,8.105034722222223,7.815789930555554,8.414253472222223,0.0002,9999,342,342,0,60,114,contrasts_by_option_order|run=instruct|order_id=o1|outcome=movement|kind=cell|quantity=NP,,movement,cell,,,,,,,,,,,,,,,,,,o1,,,,,,,,,,,,,
instruct,NS,7.330642361111111,7.035407986111109,7.6408984375,0.0002,9999,342,684,0,60,114,contrasts_by_option_order|run=instruct|order_id=o1|outcome=movement|kind=cell|quantity=NS,,movement,cell,,,,,,,,,,,,,,,,,,o1,,,,,,,,,,,,,
instruct,RP,7.935069444444445,7.637821180555554,8.254001736111109,0.0002,9999,342,342,0,60,114,contrasts_by_option_order|run=instruct|order_id=o1|outcome=movement|kind=cell|quantity=RP,,movement,cell,,,,,,,,,,,,,,,,,,o1,,,,,,,,,,,,,
instruct,RS,7.91076388888889,7.623415798611112,8.216636284722219,0.0002,9999,342,684,0,60,114,contrasts_by_option_order|run=instruct|order_id=o1|outcome=movement|kind=cell|quantity=RS,,movement,cell,,,,,,,,,,,,,,,,,,o1,,,,,,,,,,,,,
instruct,NP,7.644618055555554,7.397213541666667,7.917552083333331,0.0002,9999,348,348,0,60,116,contrasts_by_option_order|run=instruct|order_id=o2|outcome=movement|kind=cell|quantity=NP,,movement,cell,,,,,,,,,,,,,,,,,,o2,,,,,,,,,,,,,
instruct,NS,6.916753472222222,6.675169270833333,7.179804687499999,0.0002,9999,348,696,0,60,116,contrasts_by_option_order|run=instruct|order_id=o2|outcome=movement|kind=cell|quantity=NS,,movement,cell,,,,,,,,,,,,,,,,,,o2,,,,,,,,,,,,,
instruct,RP,7.4578125,7.198949652777777,7.741848958333336,0.0002,9999,348,348,0,60,116,contrasts_by_option_order|run=instruct|order_id=o2|outcome=movement|kind=cell|quantity=RP,,movement,cell,,,,,,,,,,,,,,,,,,o2,,,,,,,,,,,,,
instruct,RS,7.443055555555556,7.1931293402777765,7.7194661458333345,0.0002,9999,348,696,0,60,116,contrasts_by_option_order|run=instruct|order_id=o2|outcome=movement|kind=cell|quantity=RS,,movement,cell,,,,,,,,,,,,,,,,,,o2,,,,,,,,,,,,,
instruct,NP,8.302777777777779,8.051375868055556,8.569292534722221,0.0002,9999,230,230,0,60,230,contrasts_by_opening|run=instruct|opening_id=stance_alternative|outcome=movement|kind=cell|quantity=NP,,movement,cell,,,,,,,,,,,stance_alternative,,,,,,,,,,,,,,,,,,,,
instruct,NS,7.471961805555556,7.219876302083333,7.743767361111111,0.0002,9999,230,460,0,60,230,contrasts_by_opening|run=instruct|opening_id=stance_alternative|outcome=movement|kind=cell|quantity=NS,,movement,cell,,,,,,,,,,,stance_alternative,,,,,,,,,,,,,,,,,,,,
instruct,RP,7.9736111111111105,7.713016493055555,8.252521701388888,0.0002,9999,230,230,0,60,230,contrasts_by_opening|run=instruct|opening_id=stance_alternative|outcome=movement|kind=cell|quantity=RP,,movement,cell,,,,,,,,,,,stance_alternative,,,,,,,,,,,,,,,,,,,,
instruct,RS,7.96796875,7.712777777777777,8.237682291666667,0.0002,9999,230,460,0,60,230,contrasts_by_opening|run=instruct|opening_id=stance_alternative|outcome=movement|kind=cell|quantity=RS,,movement,cell,,,,,,,,,,,stance_alternative,,,,,,,,,,,,,,,,,,,,
instruct,NP,7.957899305555556,7.712230902777778,8.220147569444446,0.0002,9999,230,230,0,60,230,contrasts_by_opening|run=instruct|opening_id=stance_disagreement|outcome=movement|kind=cell|quantity=NP,,movement,cell,,,,,,,,,,,stance_disagreement,,,,,,,,,,,,,,,,,,,,
instruct,NS,7.316579861111111,7.067912326388889,7.585201822916667,0.0002,9999,230,460,0,60,230,contrasts_by_opening|run=instruct|opening_id=stance_disagreement|outcome=movement|kind=cell|quantity=NS,,movement,cell,,,,,,,,,,,stance_disagreement,,,,,,,,,,,,,,,,,,,,
instruct,RP,7.938541666666667,7.675855034722223,8.217886284722223,0.0002,9999,230,230,0,60,230,contrasts_by_opening|run=instruct|opening_id=stance_disagreement|outcome=movement|kind=cell|quantity=RP,,movement,cell,,,,,,,,,,,stance_disagreement,,,,,,,,,,,,,,,,,,,,
instruct,RS,7.793836805555556,7.5484765625,8.0578125,0.0002,9999,230,460,0,60,230,contrasts_by_opening|run=instruct|opening_id=stance_disagreement|outcome=movement|kind=cell|quantity=RS,,movement,cell,,,,,,,,,,,stance_disagreement,,,,,,,,,,,,,,,,,,,,
instruct,NP,7.8407118055555545,7.380199652777778,8.371970486111111,0.0002,9999,231,231,0,20,77,contrasts_by_domain|run=instruct|domain=technology|outcome=movement|kind=cell|quantity=NP,,movement,cell,,,,,,,,,,,,,,,,,technology,,,,,,,,,,,,,,
instruct,NS,7.159678819444444,6.73945529513889,7.647983940972222,0.0002,9999,231,462,0,20,77,contrasts_by_domain|run=instruct|domain=technology|outcome=movement|kind=cell|quantity=NS,,movement,cell,,,,,,,,,,,,,,,,,technology,,,,,,,,,,,,,,
instruct,RP,7.698871527777778,7.244778645833334,8.222599826388889,0.0002,9999,231,231,0,20,77,contrasts_by_domain|run=instruct|domain=technology|outcome=movement|kind=cell|quantity=RP,,movement,cell,,,,,,,,,,,,,,,,,technology,,,,,,,,,,,,,,
instruct,RS,7.694314236111111,7.266228298611112,8.182860243055556,0.0002,9999,231,462,0,20,77,contrasts_by_domain|run=instruct|domain=technology|outcome=movement|kind=cell|quantity=RS,,movement,cell,,,,,,,,,,,,,,,,,technology,,,,,,,,,,,,,,
instruct,NS_minus_NP,-0.7546105745267884,-0.8051796445836223,-0.7038851511400698,0.0002,9999,690,1380,0,60,230,contrasts_by_marker_family|run=instruct|outcome=movement|marker_family=conclusion_result|quantity=NS_minus_NP,,movement,,,,NS − NP,,,,,,,,,conclusion_result,,,,,,,unweighted mean of six marker estimates,,,,,,,,,,,,
instruct,RS_minus_NS,0.5610492430861543,0.4801797162564705,0.6434755830431017,0.0002,9999,690,1380,0,60,230,contrasts_by_marker_family|run=instruct|outcome=movement|marker_family=conclusion_result|quantity=RS_minus_NS,,movement,,,,RS − NS,,,,,,,,,conclusion_result,,,,,,,unweighted mean of six marker estimates,,,,,,,,,,,,
instruct,RS_minus_RP,-0.011755097551066762,-0.05169585157755594,0.032411297151388116,0.5654,9999,690,1380,0,60,230,contrasts_by_marker_family|run=instruct|outcome=movement|marker_family=conclusion_result|quantity=RS_minus_RP,,movement,,,,RS − RP,,,,,,,,,conclusion_result,,,,,,,unweighted mean of six marker estimates,,,,,,,,,,,,
instruct,interaction,0.7428554769757216,0.6839811093434576,0.8042444124367102,0.0002,9999,690,2760,0,60,230,contrasts_by_marker_family|run=instruct|outcome=movement|marker_family=conclusion_result|quantity=interaction,,movement,,,,(RS − RP) − (NS − NP),,,,,,,,,conclusion_result,,,,,,,unweighted mean of six marker estimates,,,,,,,,,,,,
instruct,NS_minus_NP,-0.7092013888888888,-0.7988212719298243,-0.6127378034547154,0.0002,9999,126,252,0,24,42,contrasts_by_individual_marker|run=instruct|outcome=movement|marker_id=m01_therefore|quantity=NS_minus_NP,,movement,,,,NS − NP,,,,,,,m01_therefore,,conclusion_result,,,,,,,,conclusive_adverb,therefore,0.009600000000000001,,,,,,,,,
instruct,RS_minus_NS,0.7269965277777777,0.5854957717293907,0.8791666666666667,0.0002,9999,126,252,0,24,42,contrasts_by_individual_marker|run=instruct|outcome=movement|marker_id=m01_therefore|quantity=RS_minus_NS,,movement,,,,RS − NS,,,,,,,m01_therefore,,conclusion_result,,,,,,,,conclusive_adverb,therefore,,,,,,,,,,
instruct,RS_minus_RP,0.12890624999999997,0.026560132575757584,0.24763772233201578,0.0074,9999,126,252,0,24,42,contrasts_by_individual_marker|run=instruct|outcome=movement|marker_id=m01_therefore|quantity=RS_minus_RP,,movement,,,,RS − RP,,,,,,,m01_therefore,,conclusion_result,,,,,,,,conclusive_adverb,therefore,0.1036,,,,,,,,,
instruct,interaction,0.838107638888889,0.7359775641025641,0.9417675937001592,0.0002,9999,126,504,0,24,42,contrasts_by_individual_marker|run=instruct|outcome=movement|marker_id=m01_therefore|quantity=interaction,,movement,,,,(RS − RP) − (NS − NP),,,,,,,m01_therefore,,conclusion_result,,,,,,,,conclusive_adverb,therefore,,,,,,,,,,
instruct,NS_minus_NP,-0.5868055555555555,-0.65515625,-0.5188368055555557,0.0002,9999,108,216,0,21,36,contrasts_by_individual_marker|run=instruct|outcome=movement|marker_id=m02_consequently|quantity=NS_minus_NP,,movement,,,,NS − NP,,,,,,,m02_consequently,,conclusion_result,,,,,,,,conclusive_adverb,consequently,0.009600000000000001,,,,,,,,,
instruct,RS_minus_NS,0.27182539682539686,0.15104166666666669,0.39792824074074057,0.0002,9999,108,216,0,21,36,contrasts_by_individual_marker|run=instruct|outcome=movement|marker_id=m02_consequently|quantity=RS_minus_NS,,movement,,,,RS − NS,,,,,,,m02_consequently,,conclusion_result,,,,,,,,conclusive_adverb,consequently,,,,,,,,,,
instruct,RS_minus_RP,-0.0054563492063492095,-0.07393725198412686,0.06311465992647056,0.8692,9999,108,216,0,21,36,contrasts_by_individual_marker|run=instruct|outcome=movement|marker_id=m02_consequently|quantity=RS_minus_RP,,movement,,,,RS − RP,,,,,,,m02_consequently,,conclusion_result,,,,,,,,conclusive_adverb,consequently,1.0,,,,,,,,,
instruct,interaction,0.5813492063492064,0.4985119047619048,0.6600942460317459,0.0002,9999,108,432,0,21,36,contrasts_by_individual_marker|run=instruct|outcome=movement|marker_id=m02_consequently|quantity=interaction,,movement,,,,(RS − RP) − (NS − NP),,,,,,,m02_consequently,,conclusion_result,,,,,,,,conclusive_adverb,consequently,,,,,,,,,,
instruct,NS_minus_NP,-0.5760869565217392,-0.6703125,-0.482633288530466,0.0002,9999,120,240,0,23,40,contrasts_by_individual_marker|run=instruct|outcome=movement|marker_id=m03_thus|quantity=NS_minus_NP,,movement,,,,NS − NP,,,,,,,m03_thus,,conclusion_result,,,,,,,,conclusive_adverb,thus,0.009600000000000001,,,,,,,,,
instruct,RS_minus_NS,0.47599637681159424,0.32249818840579714,0.6499139492753624,0.0002,9999,120,240,0,23,40,contrasts_by_individual_marker|run=instruct|outcome=movement|marker_id=m03_thus|quantity=RS_minus_NS,,movement,,,,RS − NS,,,,,,,m03_thus,,conclusion_result,,,,,,,,conclusive_adverb,thus,,,,,,,,,,
instruct,RS_minus_RP,0.004076086956521742,-0.07511574074074072,0.09704861111111096,0.974,9999,120,240,0,23,40,contrasts_by_individual_marker|run=instruct|outcome=movement|marker_id=m03_thus|quantity=RS_minus_RP,,movement,,,,RS − RP,,,,,,,m03_thus,,conclusion_result,,,,,,,,conclusive_adverb,thus,1.0,,,,,,,,,
instruct,interaction,0.5801630434782609,0.44625,0.7224379595588234,0.0002,9999,120,480,0,23,40,contrasts_by_individual_marker|run=instruct|outcome=movement|marker_id=m03_thus|quantity=interaction,,movement,,,,(RS − RP) − (NS − NP),,,,,,,m03_thus,,conclusion_result,,,,,,,,conclusive_adverb,thus,,,,,,,,,,
instruct,NS_minus_NP,-0.42071759259259256,-0.5583413461538461,-0.2767857142857143,0.0002,9999,84,168,0,18,28,contrasts_by_individual_marker|run=instruct|outcome=movement|marker_id=m04_accordingly|quantity=NS_minus_NP,,movement,,,,NS − NP,,,,,,,m04_accordingly,,conclusion_result,,,,,,,,conclusive_adverb,accordingly,0.009600000000000001,,,,,,,,,
instruct,RS_minus_NS,0.1678240740740741,-0.004302619485294067,0.35289248511904725,0.0564,9999,84,168,0,18,28,contrasts_by_individual_marker|run=instruct|outcome=movement|marker_id=m04_accordingly|quantity=RS_minus_NS,,movement,,,,RS − NS,,,,,,,m04_accordingly,,conclusion_result,,,,,,,,conclusive_adverb,accordingly,,,,,,,,,,
instruct,RS_minus_RP,-0.10821759259259259,-0.17845221920289853,-0.03905564692982466,0.002,9999,84,168,0,18,28,contrasts_by_individual_marker|run=instruct|outcome=movement|marker_id=m04_accordingly|quantity=RS_minus_RP,,movement,,,,RS − RP,,,,,,,m04_accordingly,,conclusion_result,,,,,,,,conclusive_adverb,accordingly,0.036000000000000004,,,,,,,,,
instruct,interaction,0.31250000000000006,0.15869417211328982,0.47443418560606065,0.0006,9999,84,336,0,18,28,contrasts_by_individual_marker|run=instruct|outcome=movement|marker_id=m04_accordingly|quantity=interaction,,movement,,,,(RS − RP) − (NS − NP),,,,,,,m04_accordingly,,conclusion_result,,,,,,,,conclusive_adverb,accordingly,,,,,,,,,,
instruct,NS_minus_NP,-1.1066468253968254,-1.2277792874396136,-0.9916666666666668,0.0002,9999,108,216,0,21,36,contrasts_by_individual_marker|run=instruct|outcome=movement|marker_id=m05_for_this_reason|quantity=NS_minus_NP,,movement,,,,NS − NP,,,,,,,m05_for_this_reason,,conclusion_result,,,,,,,,anaphoric_reason_phrase,for this reason,0.009600000000000001,,,,,,,,,
instruct,RS_minus_NS,0.9379960317460316,0.7569368961352657,1.121944784858388,0.0002,9999,108,216,0,21,36,contrasts_by_individual_marker|run=instruct|outcome=movement|marker_id=m05_for_this_reason|quantity=RS_minus_NS,,movement,,,,RS − NS,,,,,,,m05_for_this_reason,,conclusion_result,,,,,,,,anaphoric_reason_phrase,for this reason,,,,,,,,,,
instruct,RS_minus_RP,0.020337301587301588,-0.06597222222222222,0.10763888888888888,0.6432,9999,108,216,0,21,36,contrasts_by_individual_marker|run=instruct|outcome=movement|marker_id=m05_for_this_reason|quantity=RS_minus_RP,,movement,,,,RS − RP,,,,,,,m05_for_this_reason,,conclusion_result,,,,,,,,anaphoric_reason_phrase,for this reason,1.0,,,,,,,,,
instruct,interaction,1.1269841269841272,0.9920275054466231,1.2630208333333333,0.0002,9999,108,432,0,21,36,contrasts_by_individual_marker|run=instruct|outcome=movement|marker_id=m05_for_this_reason|quantity=interaction,,movement,,,,(RS − RP) − (NS − NP),,,,,,,m05_for_this_reason,,conclusion_result,,,,,,,,anaphoric_reason_phrase,for this reason,,,,,,,,,,
instruct,NS_minus_NP,-1.1282051282051282,-1.2471280694879834,-1.0044037126068377,0.0002,9999,144,288,0,26,48,contrasts_by_individual_marker|run=instruct|outcome=movement|marker_id=m06_that_is_why|quantity=NS_minus_NP,,movement,,,,NS − NP,,,,,,,m06_that_is_why,,conclusion_result,,,,,,,,causal_conversational_result,that is why,0.009600000000000001,,,,,,,,,
instruct,RS_minus_NS,0.7856570512820513,0.662589770962733,0.903994565217391,0.0002,9999,144,288,0,26,48,contrasts_by_individual_marker|run=instruct|outcome=movement|marker_id=m06_that_is_why|quantity=RS_minus_NS,,movement,,,,RS − NS,,,,,,,m06_that_is_why,,conclusion_result,,,,,,,,causal_conversational_result,that is why,,,,,,,,,,
instruct,RS_minus_RP,-0.11017628205128206,-0.17940145502645502,-0.04970856191222582,0.0004,9999,144,288,0,26,48,contrasts_by_individual_marker|run=instruct|outcome=movement|marker_id=m06_that_is_why|quantity=RS_minus_RP,,movement,,,,RS − RP,,,,,,,m06_that_is_why,,conclusion_result,,,,,,,,causal_conversational_result,that is why,0.009600000000000001,,,,,,,,,
instruct,interaction,1.0180288461538463,0.8850001381520779,1.1409360859728506,0.0002,9999,144,576,0,26,48,contrasts_by_individual_marker|run=instruct|outcome=movement|marker_id=m06_that_is_why|quantity=interaction,,movement,,,,(RS − RP) − (NS − NP),,,,,,,m06_that_is_why,,conclusion_result,,,,,,,,causal_conversational_result,that is why,,,,,,,,,,
instruct,NS_minus_NP,-0.015893358698032323,-0.05999712077111452,0.030609923064479443,0.482,9999,1380,2760,0,60,230,contrasts_by_marker_family|run=instruct|outcome=movement|marker_family=conclusion_result_minus_inference_basis|quantity=NS_minus_NP,,movement,,,,NS − NP,,,,,,,,,conclusion_result_minus_inference_basis,,,,,,,difference of family means,,,,,,,,,,,,
instruct,RS_minus_NS,0.023402510345822636,-0.03039141000495501,0.07776438194564637,0.3792,9999,1380,2760,0,60,230,contrasts_by_marker_family|run=instruct|outcome=movement|marker_family=conclusion_result_minus_inference_basis|quantity=RS_minus_NS,,movement,,,,RS − NS,,,,,,,,,conclusion_result_minus_inference_basis,,,,,,,difference of family means,,,,,,,,,,,,
instruct,RS_minus_RP,0.004421291615287129,-0.02728443469183673,0.0366614975857952,0.788,9999,1380,2760,0,60,230,contrasts_by_marker_family|run=instruct|outcome=movement|marker_family=conclusion_result_minus_inference_basis|quantity=RS_minus_RP,,movement,,,,RS − RP,,,,,,,,,conclusion_result_minus_inference_basis,,,,,,,difference of family means,,,,,,,,,,,,
instruct,interaction,0.02031465031331947,-0.033311656952922895,0.07076061536030032,0.4374,9999,1380,5520,0,60,230,contrasts_by_marker_family|run=instruct|outcome=movement|marker_family=conclusion_result_minus_inference_basis|quantity=interaction,,movement,,,,(RS − RP) − (NS − NP),,,,,,,,,conclusion_result_minus_inference_basis,,,,,,,difference of family means,,,,,,,,,,,,
instruct,NS_minus_NP,-0.7543113425925927,-0.8224392361111108,-0.6883955439814814,0.0002,9999,690,2070,0,60,230,contrasts_by_model|run=instruct|outcome=movement|kind=contrast|quantity=NS_minus_NP,,movement,contrast,,,NS − NP,,,,,,,,,,,,,,,,,,,,,,,,,,,,
instruct,NS_minus_NP,-0.7562065972222223,-0.823538773148148,-0.6909288194444446,0.0002,9999,681,2043,0,60,227,model_common_subset|run=instruct|outcome=movement|kind=contrast|quantity=NS_minus_NP,,movement,contrast,,,NS − NP,,,,,,,,,,,,,,,,,,,,,,,,,,,,
instruct,RP_minus_NP,-0.18067129629629627,-0.24942418981481482,-0.11252893518518521,0.0002,9999,690,1380,0,60,230,contrasts_by_model|run=instruct|outcome=movement|kind=contrast|quantity=RP_minus_NP,,movement,contrast,,,RP − NP,,,,,,,,,,,,,,,,,,,,,,,,,,,,
instruct,RP_minus_NP,-0.18778935185185183,-0.25312644675925927,-0.12482638888888889,0.0002,9999,681,1362,0,60,227,model_common_subset|run=instruct|outcome=movement|kind=contrast|quantity=RP_minus_NP,,movement,contrast,,,RP − NP,,,,,,,,,,,,,,,,,,,,,,,,,,,,
instruct,RS_minus_NS,0.5538773148148148,0.4598083043981482,0.650206163194444,0.0002,9999,690,2760,0,60,230,contrasts_by_model|run=instruct|outcome=movement|kind=contrast|quantity=RS_minus_NS,,movement,contrast,,,RS − NS,,,,,,,,,,,,,,,,,,,,,,,,,,,,
instruct,RS_minus_NS,0.5505787037037038,0.45802879050925915,0.6456184895833333,0.0002,9999,681,2724,0,60,227,model_common_subset|run=instruct|outcome=movement|kind=contrast|quantity=RS_minus_NS,,movement,contrast,,,RS − NS,,,,,,,,,,,,,,,,,,,,,,,,,,,,
instruct,RS_minus_RP,-0.019762731481481485,-0.05276475694444444,0.014917534722222197,0.2594,9999,690,2070,0,60,230,contrasts_by_model|run=instruct|outcome=movement|kind=contrast|quantity=RS_minus_RP,,movement,contrast,,,RS − RP,,,,,,,,,,,,,,,,,,,,,,,,,,,,
instruct,RS_minus_RP,-0.017838541666666666,-0.05097005208333335,0.017045717592592553,0.3094,9999,681,2043,0,60,227,model_common_subset|run=instruct|outcome=movement|kind=contrast|quantity=RS_minus_RP,,movement,contrast,,,RS − RP,,,,,,,,,,,,,,,,,,,,,,,,,,,,
instruct,NS_minus_NP,-0.781076388888889,-0.8895985243055555,-0.6802517361111111,0.0002,9999,231,693,0,20,77,contrasts_by_domain|run=instruct|domain=climate|outcome=movement|kind=contrast|quantity=NS_minus_NP,,movement,contrast,,,NS − NP,,,,,,,,,,,,,,climate,,,,,,,,,,,,,,
instruct,RP_minus_NP,-0.2015625,-0.32552517361111105,-0.0956553819444445,0.0002,9999,231,462,0,20,77,contrasts_by_domain|run=instruct|domain=climate|outcome=movement|kind=contrast|quantity=RP_minus_NP,,movement,contrast,,,RP − NP,,,,,,,,,,,,,,climate,,,,,,,,,,,,,,
instruct,RS_minus_NS,0.5138888888888891,0.35819661458333335,0.6648068576388888,0.0002,9999,231,924,0,20,77,contrasts_by_domain|run=instruct|domain=climate|outcome=movement|kind=contrast|quantity=RS_minus_NS,,movement,contrast,,,RS − NS,,,,,,,,,,,,,,climate,,,,,,,,,,,,,,
instruct,RS_minus_RP,-0.06562499999999999,-0.12604600694444443,-0.004123263888888889,0.0368,9999,231,693,0,20,77,contrasts_by_domain|run=instruct|domain=climate|outcome=movement|kind=contrast|quantity=RS_minus_RP,,movement,contrast,,,RS − RP,,,,,,,,,,,,,,climate,,,,,,,,,,,,,,
instruct,interaction,0.7154513888888888,0.5917925347222223,0.8362890624999999,0.0002,9999,231,1386,0,20,77,contrasts_by_domain|run=instruct|domain=climate|outcome=movement|kind=contrast|quantity=interaction,,movement,contrast,,,(RS − RP) − (NS − NP),,,,,,,,,,,,,,climate,,,,,,,,,,,,,,
instruct,NS_minus_NP,-0.790798611111111,-0.8721831597222222,-0.7117621527777778,0.0002,9999,230,690,0,60,230,contrasts_by_opening|run=instruct|opening_id=directive_reconsideration|outcome=movement|kind=contrast|quantity=NS_minus_NP,,movement,contrast,,,NS − NP,,,,,,,,directive_reconsideration,,,,,,,,,,,,,,,,,,,,
instruct,RP_minus_NP,-0.19348958333333333,-0.271875,-0.11310329861111117,0.0002,9999,230,460,0,60,230,contrasts_by_opening|run=instruct|opening_id=directive_reconsideration|outcome=movement|kind=contrast|quantity=RP_minus_NP,,movement,contrast,,,RP − NP,,,,,,,,directive_reconsideration,,,,,,,,,,,,,,,,,,,,
instruct,RS_minus_NS,0.6883680555555555,0.59296875,0.7840885416666664,0.0002,9999,230,920,0,60,230,contrasts_by_opening|run=instruct|opening_id=directive_reconsideration|outcome=movement|kind=contrast|quantity=RS_minus_NS,,movement,contrast,,,RS − NS,,,,,,,,directive_reconsideration,,,,,,,,,,,,,,,,,,,,
instruct,RS_minus_RP,0.09105902777777779,0.055815972222222225,0.12708767361111103,0.0002,9999,230,690,0,60,230,contrasts_by_opening|run=instruct|opening_id=directive_reconsideration|outcome=movement|kind=contrast|quantity=RS_minus_RP,,movement,contrast,,,RS − RP,,,,,,,,directive_reconsideration,,,,,,,,,,,,,,,,,,,,
instruct,interaction,0.8818576388888888,0.8018663194444445,0.9644552951388888,0.0002,9999,230,1380,0,60,230,contrasts_by_opening|run=instruct|opening_id=directive_reconsideration|outcome=movement|kind=contrast|quantity=interaction,,movement,contrast,,,(RS − RP) − (NS − NP),,,,,,,,directive_reconsideration,,,,,,,,,,,,,,,,,,,,
instruct,NS_minus_NP,-0.8008246527777778,-0.9443033854166666,-0.6717447916666666,0.0002,9999,228,684,0,20,76,contrasts_by_domain|run=instruct|domain=energy|outcome=movement|kind=contrast|quantity=NS_minus_NP,,movement,contrast,,,NS − NP,,,,,,,,,,,,,,energy,,,,,,,,,,,,,,
instruct,RP_minus_NP,-0.19861111111111113,-0.3265625,-0.0812456597222223,0.0006,9999,228,456,0,20,76,contrasts_by_domain|run=instruct|domain=energy|outcome=movement|kind=contrast|quantity=RP_minus_NP,,movement,contrast,,,RP − NP,,,,,,,,,,,,,,energy,,,,,,,,,,,,,,
instruct,RS_minus_NS,0.6131076388888889,0.4412326388888889,0.8023480902777778,0.0002,9999,228,912,0,20,76,contrasts_by_domain|run=instruct|domain=energy|outcome=movement|kind=contrast|quantity=RS_minus_NS,,movement,contrast,,,RS − NS,,,,,,,,,,,,,,energy,,,,,,,,,,,,,,
instruct,RS_minus_RP,0.010894097222222222,-0.04843967013888889,0.07686631944444444,0.7582,9999,228,684,0,20,76,contrasts_by_domain|run=instruct|domain=energy|outcome=movement|kind=contrast|quantity=RS_minus_RP,,movement,contrast,,,RS − RP,,,,,,,,,,,,,,energy,,,,,,,,,,,,,,
instruct,interaction,0.81171875,0.6632790798611111,0.9712261284722223,0.0002,9999,228,1368,0,20,76,contrasts_by_domain|run=instruct|domain=energy|outcome=movement|kind=contrast|quantity=interaction,,movement,contrast,,,(RS − RP) − (NS − NP),,,,,,,,,,,,,,energy,,,,,,,,,,,,,,
instruct,interaction,0.734548611111111,0.6630439814814815,0.8089431423611112,0.0002,9999,690,4140,0,60,230,contrasts_by_model|run=instruct|outcome=movement|kind=contrast|quantity=interaction,,movement,contrast,,,(RS − RP) − (NS − NP),,,,,,,,,,,,,,,,,,,,,,,,,,,,
instruct,interaction,0.7383680555555555,0.6670124421296295,0.8120992476851853,0.0002,9999,681,4086,0,60,227,model_common_subset|run=instruct|outcome=movement|kind=contrast|quantity=interaction,,movement,contrast,,,(RS − RP) − (NS − NP),,,,,,,,,,,,,,,,,,,,,,,,,,,,
instruct,NS_minus_NP,-0.774392361111111,-0.8530468749999999,-0.6976562499999999,0.0002,9999,342,1026,0,60,114,contrasts_by_option_order|run=instruct|order_id=o1|outcome=movement|kind=contrast|quantity=NS_minus_NP,,movement,contrast,,,NS − NP,,,,,,,,,,,,,,,o1,,,,,,,,,,,,,
instruct,RP_minus_NP,-0.16996527777777776,-0.24305555555555555,-0.09756944444444444,0.0002,9999,342,684,0,60,114,contrasts_by_option_order|run=instruct|order_id=o1|outcome=movement|kind=contrast|quantity=RP_minus_NP,,movement,contrast,,,RP − NP,,,,,,,,,,,,,,,o1,,,,,,,,,,,,,
instruct,RS_minus_NS,0.5801215277777778,0.4824565972222222,0.6778689236111112,0.0002,9999,342,1368,0,60,114,contrasts_by_option_order|run=instruct|order_id=o1|outcome=movement|kind=contrast|quantity=RS_minus_NS,,movement,contrast,,,RS − NS,,,,,,,,,,,,,,,o1,,,,,,,,,,,,,
instruct,RS_minus_RP,-0.02430555555555556,-0.0611111111111111,0.01371527777777778,0.2074,9999,342,1026,0,60,114,contrasts_by_option_order|run=instruct|order_id=o1|outcome=movement|kind=contrast|quantity=RS_minus_RP,,movement,contrast,,,RS − RP,,,,,,,,,,,,,,,o1,,,,,,,,,,,,,
instruct,interaction,0.7500868055555555,0.6791666666666667,0.8224045138888889,0.0002,9999,342,2052,0,60,114,contrasts_by_option_order|run=instruct|order_id=o1|outcome=movement|kind=contrast|quantity=interaction,,movement,contrast,,,(RS − RP) − (NS − NP),,,,,,,,,,,,,,,o1,,,,,,,,,,,,,
instruct,NS_minus_NP,-0.7278645833333334,-0.7968793402777777,-0.660329861111111,0.0002,9999,348,1044,0,60,116,contrasts_by_option_order|run=instruct|order_id=o2|outcome=movement|kind=contrast|quantity=NS_minus_NP,,movement,contrast,,,NS − NP,,,,,,,,,,,,,,,o2,,,,,,,,,,,,,
instruct,RP_minus_NP,-0.18680555555555553,-0.2723958333333333,-0.09999131944444456,0.0002,9999,348,696,0,60,116,contrasts_by_option_order|run=instruct|order_id=o2|outcome=movement|kind=contrast|quantity=RP_minus_NP,,movement,contrast,,,RP − NP,,,,,,,,,,,,,,,o2,,,,,,,,,,,,,
instruct,RS_minus_NS,0.5263020833333333,0.42004774305555553,0.6349001736111112,0.0002,9999,348,1392,0,60,116,contrasts_by_option_order|run=instruct|order_id=o2|outcome=movement|kind=contrast|quantity=RS_minus_NS,,movement,contrast,,,RS − NS,,,,,,,,,,,,,,,o2,,,,,,,,,,,,,
instruct,RS_minus_RP,-0.014756944444444444,-0.05737847222222222,0.03211805555555555,0.5048,9999,348,1044,0,60,116,contrasts_by_option_order|run=instruct|order_id=o2|outcome=movement|kind=contrast|quantity=RS_minus_RP,,movement,contrast,,,RS − RP,,,,,,,,,,,,,,,o2,,,,,,,,,,,,,
instruct,interaction,0.7131076388888891,0.6263020833333335,0.8013020833333332,0.0002,9999,348,2088,0,60,116,contrasts_by_option_order|run=instruct|order_id=o2|outcome=movement|kind=contrast|quantity=interaction,,movement,contrast,,,(RS − RP) − (NS − NP),,,,,,,,,,,,,,,o2,,,,,,,,,,,,,
instruct,NS_minus_NP,-0.8308159722222221,-0.9058637152777779,-0.7564236111111112,0.0002,9999,230,690,0,60,230,contrasts_by_opening|run=instruct|opening_id=stance_alternative|outcome=movement|kind=contrast|quantity=NS_minus_NP,,movement,contrast,,,NS − NP,,,,,,,,stance_alternative,,,,,,,,,,,,,,,,,,,,
instruct,RP_minus_NP,-0.32916666666666666,-0.40668402777777773,-0.2546875,0.0002,9999,230,460,0,60,230,contrasts_by_opening|run=instruct|opening_id=stance_alternative|outcome=movement|kind=contrast|quantity=RP_minus_NP,,movement,contrast,,,RP − NP,,,,,,,,stance_alternative,,,,,,,,,,,,,,,,,,,,
instruct,RS_minus_NS,0.4960069444444445,0.39878038194444454,0.5959700520833332,0.0002,9999,230,920,0,60,230,contrasts_by_opening|run=instruct|opening_id=stance_alternative|outcome=movement|kind=contrast|quantity=RS_minus_NS,,movement,contrast,,,RS − NS,,,,,,,,stance_alternative,,,,,,,,,,,,,,,,,,,,
instruct,RS_minus_RP,-0.00564236111111111,-0.04561631944444444,0.036458333333333336,0.7712,9999,230,690,0,60,230,contrasts_by_opening|run=instruct|opening_id=stance_alternative|outcome=movement|kind=contrast|quantity=RS_minus_RP,,movement,contrast,,,RS − RP,,,,,,,,stance_alternative,,,,,,,,,,,,,,,,,,,,
instruct,interaction,0.8251736111111111,0.7441840277777777,0.9071614583333333,0.0002,9999,230,1380,0,60,230,contrasts_by_opening|run=instruct|opening_id=stance_alternative|outcome=movement|kind=contrast|quantity=interaction,,movement,contrast,,,(RS − RP) − (NS − NP),,,,,,,,stance_alternative,,,,,,,,,,,,,,,,,,,,
instruct,NS_minus_NP,-0.6413194444444446,-0.7275607638888888,-0.5573741319444445,0.0002,9999,230,690,0,60,230,contrasts_by_opening|run=instruct|opening_id=stance_disagreement|outcome=movement|kind=contrast|quantity=NS_minus_NP,,movement,contrast,,,NS − NP,,,,,,,,stance_disagreement,,,,,,,,,,,,,,,,,,,,
instruct,RP_minus_NP,-0.019357638888888883,-0.10208767361111111,0.06467013888888888,0.645,9999,230,460,0,60,230,contrasts_by_opening|run=instruct|opening_id=stance_disagreement|outcome=movement|kind=contrast|quantity=RP_minus_NP,,movement,contrast,,,RP − NP,,,,,,,,stance_disagreement,,,,,,,,,,,,,,,,,,,,
instruct,RS_minus_NS,0.4772569444444444,0.36922092013888885,0.58494140625,0.0002,9999,230,920,0,60,230,contrasts_by_opening|run=instruct|opening_id=stance_disagreement|outcome=movement|kind=contrast|quantity=RS_minus_NS,,movement,contrast,,,RS − NS,,,,,,,,stance_disagreement,,,,,,,,,,,,,,,,,,,,
instruct,RS_minus_RP,-0.14470486111111114,-0.1854644097222222,-0.10207899305555561,0.0002,9999,230,690,0,60,230,contrasts_by_opening|run=instruct|opening_id=stance_disagreement|outcome=movement|kind=contrast|quantity=RS_minus_RP,,movement,contrast,,,RS − RP,,,,,,,,stance_disagreement,,,,,,,,,,,,,,,,,,,,
instruct,interaction,0.49661458333333336,0.4048567708333333,0.5917578125,0.0002,9999,230,1380,0,60,230,contrasts_by_opening|run=instruct|opening_id=stance_disagreement|outcome=movement|kind=contrast|quantity=interaction,,movement,contrast,,,(RS − RP) − (NS − NP),,,,,,,,stance_disagreement,,,,,,,,,,,,,,,,,,,,
instruct,NS_minus_NP,-0.6810329861111111,-0.7864583333333333,-0.5810742187500001,0.0002,9999,231,693,0,20,77,contrasts_by_domain|run=instruct|domain=technology|outcome=movement|kind=contrast|quantity=NS_minus_NP,,movement,contrast,,,NS − NP,,,,,,,,,,,,,,technology,,,,,,,,,,,,,,
instruct,RP_minus_NP,-0.1418402777777778,-0.2508680555555555,-0.013884548611111176,0.031,9999,231,462,0,20,77,contrasts_by_domain|run=instruct|domain=technology|outcome=movement|kind=contrast|quantity=RP_minus_NP,,movement,contrast,,,RP − NP,,,,,,,,,,,,,,technology,,,,,,,,,,,,,,
instruct,RS_minus_NS,0.5346354166666667,0.38228949652777783,0.6862912326388888,0.0002,9999,231,924,0,20,77,contrasts_by_domain|run=instruct|domain=technology|outcome=movement|kind=contrast|quantity=RS_minus_NS,,movement,contrast,,,RS − NS,,,,,,,,,,,,,,technology,,,,,,,,,,,,,,
instruct,RS_minus_RP,-0.004557291666666667,-0.05756727430555549,0.04974175347222219,0.8602,9999,231,693,0,20,77,contrasts_by_domain|run=instruct|domain=technology|outcome=movement|kind=contrast|quantity=RS_minus_RP,,movement,contrast,,,RS − RP,,,,,,,,,,,,,,technology,,,,,,,,,,,,,,
instruct,interaction,0.6764756944444444,0.590234375,0.7624153645833333,0.0002,9999,231,1386,0,20,77,contrasts_by_domain|run=instruct|domain=technology|outcome=movement|kind=contrast|quantity=interaction,,movement,contrast,,,(RS − RP) − (NS − NP),,,,,,,,,,,,,,technology,,,,,,,,,,,,,,
instruct,NS_minus_NP,0.040017361111111094,-0.03962890624999989,0.1203146701388888,0.3264,9999,460,1380,0,60,230,opening_heterogeneity|run=instruct|outcome=movement|comparison=directive_reconsideration_minus_stance_alternative|quantity=NS_minus_NP,directive_reconsideration_minus_stance_alternative,movement,,,,NS − NP,,,,,,,,,,,,,,,,,,,,-0.790798611111111,-0.8308159722222221,,,,,,,
instruct,RP_minus_NP,0.13567708333333334,0.05329427083333344,0.2168402777777778,0.0014,9999,460,920,0,60,230,opening_heterogeneity|run=instruct|outcome=movement|comparison=directive_reconsideration_minus_stance_alternative|quantity=RP_minus_NP,directive_reconsideration_minus_stance_alternative,movement,,,,RP − NP,,,,,,,,,,,,,,,,,,,,-0.19348958333333333,-0.32916666666666666,,,,,,,
instruct,RS_minus_NS,0.19236111111111098,0.12335069444444446,0.25851562499999986,0.0002,9999,460,1840,0,60,230,opening_heterogeneity|run=instruct|outcome=movement|comparison=directive_reconsideration_minus_stance_alternative|quantity=RS_minus_NS,directive_reconsideration_minus_stance_alternative,movement,,,,RS − NS,,,,,,,,,,,,,,,,,,,,0.6883680555555555,0.4960069444444445,,,,,,,
instruct,RS_minus_RP,0.09670138888888889,0.06414930555555556,0.12934027777777776,0.0002,9999,460,1380,0,60,230,opening_heterogeneity|run=instruct|outcome=movement|comparison=directive_reconsideration_minus_stance_alternative|quantity=RS_minus_RP,directive_reconsideration_minus_stance_alternative,movement,,,,RS − RP,,,,,,,,,,,,,,,,,,,,0.09105902777777779,-0.00564236111111111,,,,,,,
instruct,interaction,0.0566840277777777,-0.03489800347222224,0.1474826388888889,0.2322,9999,460,2760,0,60,230,opening_heterogeneity|run=instruct|outcome=movement|comparison=directive_reconsideration_minus_stance_alternative|quantity=interaction,directive_reconsideration_minus_stance_alternative,movement,,,,(RS − RP) − (NS − NP),,,,,,,,,,,,,,,,,,,,0.8818576388888888,0.8251736111111111,,,,,,,
instruct,NS_minus_NP,-0.1494791666666665,-0.21086805555555552,-0.08901475694444441,0.0002,9999,460,1380,0,60,230,opening_heterogeneity|run=instruct|outcome=movement|comparison=directive_reconsideration_minus_stance_disagreement|quantity=NS_minus_NP,directive_reconsideration_minus_stance_disagreement,movement,,,,NS − NP,,,,,,,,,,,,,,,,,,,,-0.790798611111111,-0.6413194444444446,,,,,,,
instruct,RP_minus_NP,-0.17413194444444444,-0.23689236111111112,-0.10945746527777783,0.0002,9999,460,920,0,60,230,opening_heterogeneity|run=instruct|outcome=movement|comparison=directive_reconsideration_minus_stance_disagreement|quantity=RP_minus_NP,directive_reconsideration_minus_stance_disagreement,movement,,,,RP − NP,,,,,,,,,,,,,,,,,,,,-0.19348958333333333,-0.019357638888888883,,,,,,,
instruct,RS_minus_NS,0.21111111111111108,0.16684027777777777,0.2551649305555556,0.0002,9999,460,1840,0,60,230,opening_heterogeneity|run=instruct|outcome=movement|comparison=directive_reconsideration_minus_stance_disagreement|quantity=RS_minus_NS,directive_reconsideration_minus_stance_disagreement,movement,,,,RS − NS,,,,,,,,,,,,,,,,,,,,0.6883680555555555,0.4772569444444444,,,,,,,
instruct,RS_minus_RP,0.23576388888888894,0.20060763888888888,0.27065972222222223,0.0002,9999,460,1380,0,60,230,opening_heterogeneity|run=instruct|outcome=movement|comparison=directive_reconsideration_minus_stance_disagreement|quantity=RS_minus_RP,directive_reconsideration_minus_stance_disagreement,movement,,,,RS − RP,,,,,,,,,,,,,,,,,,,,0.09105902777777779,-0.14470486111111114,,,,,,,
instruct,interaction,0.38524305555555544,0.32434678819444446,0.44492187499999997,0.0002,9999,460,2760,0,60,230,opening_heterogeneity|run=instruct|outcome=movement|comparison=directive_reconsideration_minus_stance_disagreement|quantity=interaction,directive_reconsideration_minus_stance_disagreement,movement,,,,(RS − RP) − (NS − NP),,,,,,,,,,,,,,,,,,,,0.8818576388888888,0.49661458333333336,,,,,,,
instruct,NS_minus_NP,-0.738717215828756,-0.7843863059147385,-0.695031631365039,0.0002,9999,690,1380,0,60,230,contrasts_by_marker_family|run=instruct|outcome=movement|marker_family=inference_basis|quantity=NS_minus_NP,,movement,,,,NS − NP,,,,,,,,,inference_basis,,,,,,,unweighted mean of six marker estimates,,,,,,,,,,,,
instruct,RS_minus_NS,0.5376467327403317,0.4510664112642329,0.6255797766744912,0.0002,9999,690,1380,0,60,230,contrasts_by_marker_family|run=instruct|outcome=movement|marker_family=inference_basis|quantity=RS_minus_NS,,movement,,,,RS − NS,,,,,,,,,inference_basis,,,,,,,unweighted mean of six marker estimates,,,,,,,,,,,,
instruct,RS_minus_RP,-0.016176389166353892,-0.06028683615725055,0.030328960069497014,0.4802,9999,690,1380,0,60,230,contrasts_by_marker_family|run=instruct|outcome=movement|marker_family=inference_basis|quantity=RS_minus_RP,,movement,,,,RS − RP,,,,,,,,,inference_basis,,,,,,,unweighted mean of six marker estimates,,,,,,,,,,,,
instruct,interaction,0.7225408266624022,0.6538900653370672,0.7896557017500576,0.0002,9999,690,2760,0,60,230,contrasts_by_marker_family|run=instruct|outcome=movement|marker_family=inference_basis|quantity=interaction,,movement,,,,(RS − RP) − (NS − NP),,,,,,,,,inference_basis,,,,,,,unweighted mean of six marker estimates,,,,,,,,,,,,
instruct,NS_minus_NP,-2.076992753623189,-2.273884091739766,-1.8929449337831086,0.0002,9999,114,228,0,23,38,contrasts_by_individual_marker|run=instruct|outcome=movement|marker_id=m07_this_implies_that|quantity=NS_minus_NP,,movement,,,,NS − NP,,,,,,,m07_this_implies_that,,inference_basis,,,,,,,,explicit_inference,this implies that,0.009600000000000001,,,,,,,,,
instruct,RS_minus_NS,1.6000905797101448,1.4097143308080806,1.7944729749417248,0.0002,9999,114,228,0,23,38,contrasts_by_individual_marker|run=instruct|outcome=movement|marker_id=m07_this_implies_that|quantity=RS_minus_NS,,movement,,,,RS − NS,,,,,,,m07_this_implies_that,,inference_basis,,,,,,,,explicit_inference,this implies that,,,,,,,,,,
instruct,RS_minus_RP,-0.3029891304347826,-0.4254071029776675,-0.16776221264367816,0.0002,9999,114,228,0,23,38,contrasts_by_individual_marker|run=instruct|outcome=movement|marker_id=m07_this_implies_that|quantity=RS_minus_RP,,movement,,,,RS − RP,,,,,,,m07_this_implies_that,,inference_basis,,,,,,,,explicit_inference,this implies that,0.009600000000000001,,,,,,,,,
instruct,interaction,1.774003623188406,1.5848214285714286,1.9775331439393935,0.0002,9999,114,456,0,23,38,contrasts_by_individual_marker|run=instruct|outcome=movement|marker_id=m07_this_implies_that|quantity=interaction,,movement,,,,(RS − RP) − (NS − NP),,,,,,,m07_this_implies_that,,inference_basis,,,,,,,,explicit_inference,this implies that,,,,,,,,,,
instruct,NS_minus_NP,-0.44637345679012347,-0.49327956989247296,-0.40154219870071695,0.0002,9999,144,288,0,27,48,contrasts_by_individual_marker|run=instruct|outcome=movement|marker_id=m08_it_follows_that|quantity=NS_minus_NP,,movement,,,,NS − NP,,,,,,,m08_it_follows_that,,inference_basis,,,,,,,,explicit_inference,it follows that,0.009600000000000001,,,,,,,,,
instruct,RS_minus_NS,0.2839506172839506,0.18428151709401713,0.3872323781291172,0.0002,9999,144,288,0,27,48,contrasts_by_individual_marker|run=instruct|outcome=movement|marker_id=m08_it_follows_that|quantity=RS_minus_NS,,movement,,,,RS − NS,,,,,,,m08_it_follows_that,,inference_basis,,,,,,,,explicit_inference,it follows that,,,,,,,,,,
instruct,RS_minus_RP,-0.04282407407407408,-0.12083333333333333,0.03806089743589744,0.2824,9999,144,288,0,27,48,contrasts_by_individual_marker|run=instruct|outcome=movement|marker_id=m08_it_follows_that|quantity=RS_minus_RP,,movement,,,,RS − RP,,,,,,,m08_it_follows_that,,inference_basis,,,,,,,,explicit_inference,it follows that,1.0,,,,,,,,,
instruct,interaction,0.4035493827160494,0.33288043478260865,0.47415123456790126,0.0002,9999,144,576,0,27,48,contrasts_by_individual_marker|run=instruct|outcome=movement|marker_id=m08_it_follows_that|quantity=interaction,,movement,,,,(RS − RP) − (NS − NP),,,,,,,m08_it_follows_that,,inference_basis,,,,,,,,explicit_inference,it follows that,,,,,,,,,,
instruct,NS_minus_NP,-0.5805921052631579,-0.6846122685185185,-0.4781222587719299,0.0002,9999,99,198,0,19,33,contrasts_by_individual_marker|run=instruct|outcome=movement|marker_id=m09_on_that_basis|quantity=NS_minus_NP,,movement,,,,NS − NP,,,,,,,m09_on_that_basis,,inference_basis,,,,,,,,anaphoric_basis,on that basis,0.009600000000000001,,,,,,,,,
instruct,RS_minus_NS,0.39583333333333337,0.19791666666666666,0.5975403708133971,0.0002,9999,99,198,0,19,33,contrasts_by_individual_marker|run=instruct|outcome=movement|marker_id=m09_on_that_basis|quantity=RS_minus_NS,,movement,,,,RS − NS,,,,,,,m09_on_that_basis,,inference_basis,,,,,,,,anaphoric_basis,on that basis,,,,,,,,,,
instruct,RS_minus_RP,-0.06469298245614034,-0.17318050986842104,0.04350768716577536,0.2464,9999,99,198,0,19,33,contrasts_by_individual_marker|run=instruct|outcome=movement|marker_id=m09_on_that_basis|quantity=RS_minus_RP,,movement,,,,RS − RP,,,,,,,m09_on_that_basis,,inference_basis,,,,,,,,anaphoric_basis,on that basis,1.0,,,,,,,,,
instruct,interaction,0.5158991228070174,0.36840277777777786,0.6562499999999999,0.0002,9999,99,396,0,19,33,contrasts_by_individual_marker|run=instruct|outcome=movement|marker_id=m09_on_that_basis|quantity=interaction,,movement,,,,(RS − RP) − (NS − NP),,,,,,,m09_on_that_basis,,inference_basis,,,,,,,,anaphoric_basis,on that basis,,,,,,,,,,
instruct,NS_minus_NP,-0.2445652173913043,-0.3296961805555555,-0.16123080572808834,0.0002,9999,120,240,0,23,40,contrasts_by_individual_marker|run=instruct|outcome=movement|marker_id=m10_based_on_this|quantity=NS_minus_NP,,movement,,,,NS − NP,,,,,,,m10_based_on_this,,inference_basis,,,,,,,,anaphoric_basis,based on this,0.009600000000000001,,,,,,,,,
instruct,RS_minus_NS,0.15443840579710144,-0.05042283950617281,0.390625,0.1576,9999,120,240,0,23,40,contrasts_by_individual_marker|run=instruct|outcome=movement|marker_id=m10_based_on_this|quantity=RS_minus_NS,,movement,,,,RS − NS,,,,,,,m10_based_on_this,,inference_basis,,,,,,,,anaphoric_basis,based on this,,,,,,,,,,
instruct,RS_minus_RP,0.08197463768115941,0.0021918402777777865,0.1625099206349205,0.0442,9999,120,240,0,23,40,contrasts_by_individual_marker|run=instruct|outcome=movement|marker_id=m10_based_on_this|quantity=RS_minus_RP,,movement,,,,RS − RP,,,,,,,m10_based_on_this,,inference_basis,,,,,,,,anaphoric_basis,based on this,0.5304,,,,,,,,,
instruct,interaction,0.3265398550724638,0.2045226571268239,0.454747365900383,0.0002,9999,120,480,0,23,40,contrasts_by_individual_marker|run=instruct|outcome=movement|marker_id=m10_based_on_this|quantity=interaction,,movement,,,,(RS − RP) − (NS − NP),,,,,,,m10_based_on_this,,inference_basis,,,,,,,,anaphoric_basis,based on this,,,,,,,,,,
instruct,NS_minus_NP,-0.4572916666666667,-0.5373303345959597,-0.3801909722222225,0.0002,9999,111,222,0,20,37,contrasts_by_individual_marker|run=instruct|outcome=movement|marker_id=m11_given_this|quantity=NS_minus_NP,,movement,,,,NS − NP,,,,,,,m11_given_this,,inference_basis,,,,,,,,anaphoric_basis,given this,0.009600000000000001,,,,,,,,,
instruct,RS_minus_NS,0.2791666666666667,0.13541666666666669,0.427827380952381,0.0004,9999,111,222,0,20,37,contrasts_by_individual_marker|run=instruct|outcome=movement|marker_id=m11_given_this|quantity=RS_minus_NS,,movement,,,,RS − NS,,,,,,,m11_given_this,,inference_basis,,,,,,,,anaphoric_basis,given this,,,,,,,,,,
instruct,RS_minus_RP,0.1109375,0.03854166666666666,0.19083468614718582,0.0034,9999,111,222,0,20,37,contrasts_by_individual_marker|run=instruct|outcome=movement|marker_id=m11_given_this|quantity=RS_minus_RP,,movement,,,,RS − RP,,,,,,,m11_given_this,,inference_basis,,,,,,,,anaphoric_basis,given this,0.051,,,,,,,,,
instruct,interaction,0.5682291666666667,0.4761830357142857,0.6618589743589743,0.0002,9999,111,444,0,20,37,contrasts_by_individual_marker|run=instruct|outcome=movement|marker_id=m11_given_this|quantity=interaction,,movement,,,,(RS − RP) − (NS − NP),,,,,,,m11_given_this,,inference_basis,,,,,,,,anaphoric_basis,given this,,,,,,,,,,
instruct,NS_minus_NP,-0.6264880952380953,-0.7232142857142857,-0.5367063492063493,0.0002,9999,102,204,0,21,34,contrasts_by_individual_marker|run=instruct|outcome=movement|marker_id=m12_in_view_of_this|quantity=NS_minus_NP,,movement,,,,NS − NP,,,,,,,m12_in_view_of_this,,inference_basis,,,,,,,,anaphoric_basis,in view of this,0.009600000000000001,,,,,,,,,
instruct,RS_minus_NS,0.5124007936507936,0.3859375,0.6406363224637678,0.0002,9999,102,204,0,21,34,contrasts_by_individual_marker|run=instruct|outcome=movement|marker_id=m12_in_view_of_this|quantity=RS_minus_NS,,movement,,,,RS − NS,,,,,,,m12_in_view_of_this,,inference_basis,,,,,,,,anaphoric_basis,in view of this,,,,,,,,,,
instruct,RS_minus_RP,0.12053571428571426,0.0021875000000000275,0.24107715201465196,0.0464,9999,102,204,0,21,34,contrasts_by_individual_marker|run=instruct|outcome=movement|marker_id=m12_in_view_of_this|quantity=RS_minus_RP,,movement,,,,RS − RP,,,,,,,m12_in_view_of_this,,inference_basis,,,,,,,,anaphoric_basis,in view of this,0.5304,,,,,,,,,
instruct,interaction,0.7470238095238095,0.607054398148148,0.8777876984126983,0.0002,9999,102,408,0,21,34,contrasts_by_individual_marker|run=instruct|outcome=movement|marker_id=m12_in_view_of_this|quantity=interaction,,movement,,,,(RS − RP) − (NS − NP),,,,,,,m12_in_view_of_this,,inference_basis,,,,,,,,anaphoric_basis,in view of this,,,,,,,,,,
instruct,interaction,0.734548611111111,0.6630439814814815,0.8089431423611112,0.0002,9999,690,4140,0,60,230,core_contrasts_movement|run=instruct|outcome=movement|quantity=interaction,,movement,,,,(RS − RP) − (NS − NP),,,,,,,,,,interaction_reported_separately,,,,,,,,,,,,,,,,,,
instruct,interaction,0.7605785075329566,0.6784938623077528,0.846486096144636,0.0002,9999,564,3384,0,59,188,near_tie_sensitivity|run=instruct|outcome=movement|quantity=interaction,,movement,,,,(RS − RP) − (NS − NP),,,,,,,,,,,,0.734548611111111,sensitivity (|m_before| >= tau); full sample primary,,,,,,,,,,,,,,,
instruct,NS_minus_NP,-0.04652777777777761,-0.10703559027777798,0.011979166666666768,0.1228,9999,690,2070,0,60,230,order_heterogeneity|run=instruct|outcome=movement|comparison=o1_minus_o2|quantity=NS_minus_NP,o1_minus_o2,movement,,,,NS − NP,,,,,,,,,,,,,,,,,,,,-0.774392361111111,-0.7278645833333334,True,True,,,,,
instruct,RP_minus_NP,0.016840277777777773,-0.06042534722222211,0.09167534722222212,0.676,9999,690,1380,0,60,230,order_heterogeneity|run=instruct|outcome=movement|comparison=o1_minus_o2|quantity=RP_minus_NP,o1_minus_o2,movement,,,,RP − NP,,,,,,,,,,,,,,,,,,,,-0.16996527777777776,-0.18680555555555553,True,True,,,,,
instruct,RS_minus_NS,0.05381944444444453,-0.019357638888888862,0.12899305555555546,0.1552,9999,690,2760,0,60,230,order_heterogeneity|run=instruct|outcome=movement|comparison=o1_minus_o2|quantity=RS_minus_NS,o1_minus_o2,movement,,,,RS − NS,,,,,,,,,,,,,,,,,,,,0.5801215277777778,0.5263020833333333,True,True,,,,,
instruct,RS_minus_RP,-0.009548611111111115,-0.057122395833333305,0.03697916666666667,0.713,9999,690,2070,0,60,230,order_heterogeneity|run=instruct|outcome=movement|comparison=o1_minus_o2|quantity=RS_minus_RP,o1_minus_o2,movement,,,,RS − RP,,,,,,,,,,,,,,,,,,,,-0.02430555555555556,-0.014756944444444444,True,False,,,,,
instruct,interaction,0.03697916666666645,-0.03134114583333347,0.10208333333333308,0.284,9999,690,4140,0,60,230,order_heterogeneity|run=instruct|outcome=movement|comparison=o1_minus_o2|quantity=interaction,o1_minus_o2,movement,,,,(RS − RP) − (NS − NP),,,,,,,,,,,,,,,,,,,,0.7500868055555555,0.7131076388888891,True,True,,,,,
instruct,NS_minus_NP,-0.1894965277777776,-0.2657118055555556,-0.11688151041666668,0.0002,9999,460,1380,0,60,230,opening_heterogeneity|run=instruct|outcome=movement|comparison=stance_alternative_minus_stance_disagreement|quantity=NS_minus_NP,stance_alternative_minus_stance_disagreement,movement,,,,NS − NP,,,,,,,,,,,,,,,,,,,,-0.8308159722222221,-0.6413194444444446,,,,,,,
instruct,RP_minus_NP,-0.3098090277777778,-0.3706597222222222,-0.25042968750000005,0.0002,9999,460,920,0,60,230,opening_heterogeneity|run=instruct|outcome=movement|comparison=stance_alternative_minus_stance_disagreement|quantity=RP_minus_NP,stance_alternative_minus_stance_disagreement,movement,,,,RP − NP,,,,,,,,,,,,,,,,,,,,-0.32916666666666666,-0.019357638888888883,,,,,,,
instruct,RS_minus_NS,0.0187500000000001,-0.0442773437499999,0.0861545138888889,0.5666,9999,460,1840,0,60,230,opening_heterogeneity|run=instruct|outcome=movement|comparison=stance_alternative_minus_stance_disagreement|quantity=RS_minus_NS,stance_alternative_minus_stance_disagreement,movement,,,,RS − NS,,,,,,,,,,,,,,,,,,,,0.4960069444444445,0.4772569444444444,,,,,,,
instruct,RS_minus_RP,0.13906250000000003,0.10360243055555557,0.17534939236111108,0.0002,9999,460,1380,0,60,230,opening_heterogeneity|run=instruct|outcome=movement|comparison=stance_alternative_minus_stance_disagreement|quantity=RS_minus_RP,stance_alternative_minus_stance_disagreement,movement,,,,RS − RP,,,,,,,,,,,,,,,,,,,,-0.00564236111111111,-0.14470486111111114,,,,,,,
instruct,interaction,0.32855902777777773,0.2499544270833332,0.4099869791666666,0.0002,9999,460,2760,0,60,230,opening_heterogeneity|run=instruct|outcome=movement|comparison=stance_alternative_minus_stance_disagreement|quantity=interaction,stance_alternative_minus_stance_disagreement,movement,,,,(RS − RP) − (NS − NP),,,,,,,,,,,,,,,,,,,,0.8251736111111111,0.49661458333333336,,,,,,,
instruct,NS_minus_NP,-0.040226631554213035,-0.08575344792840707,0.0026636866316497245,0.0656,9999,690,0,0,60,230,margin_moderation|run=instruct|term=slope_per_logit_abs_m_before|quantity=NS_minus_NP,,,,,,NS − NP,,,,,,,,,,,,,,,,,,,,,,,,slope_per_logit_abs_m_before,,,,
instruct,RP_minus_NP,0.01555106127437581,-0.027490645770609223,0.05625081438041167,0.4622,9999,690,0,0,60,230,margin_moderation|run=instruct|term=slope_per_logit_abs_m_before|quantity=RP_minus_NP,,,,,,RP − NP,,,,,,,,,,,,,,,,,,,,,,,,slope_per_logit_abs_m_before,,,,
instruct,RS_minus_NS,0.04254477004116249,-0.01631652259553879,0.10230207410583753,0.1592,9999,690,0,0,60,230,margin_moderation|run=instruct|term=slope_per_logit_abs_m_before|quantity=RS_minus_NS,,,,,,RS − NS,,,,,,,,,,,,,,,,,,,,,,,,slope_per_logit_abs_m_before,,,,
instruct,RS_minus_RP,-0.013232922787426564,-0.03636074272028081,0.011871512639770872,0.312,9999,690,0,0,60,230,margin_moderation|run=instruct|term=slope_per_logit_abs_m_before|quantity=RS_minus_RP,,,,,,RS − RP,,,,,,,,,,,,,,,,,,,,,,,,slope_per_logit_abs_m_before,,,,
instruct,interaction,0.02699370876678614,-0.013719091001391211,0.06982533447991437,0.1856,9999,690,0,0,60,230,margin_moderation|run=instruct|term=slope_per_logit_abs_m_before|quantity=interaction,,,,,,(RS − RP) − (NS − NP),,,,,,,,,,,,,,,,,,,,,,,,slope_per_logit_abs_m_before,,,,
instruct,NS_minus_NP,-0.9440104166666666,-1.0647362764550263,-0.8242009943181821,0.0002,9999,42,84,0,24,42,marker_by_opening|run=instruct|marker_id=m01_therefore|opening_id=stance_alternative|quantity=NS_minus_NP,,,,,,NS − NP,,,,,,,m01_therefore,stance_alternative,conclusion_result,,,,,,,,,,,,,,,,,,,
instruct,RS_minus_RP,0.16666666666666666,0.0540810751748252,0.29567736950549445,0.0038,9999,42,84,0,24,42,marker_by_opening|run=instruct|marker_id=m01_therefore|opening_id=stance_alternative|quantity=RS_minus_RP,,,,,,RS − RP,,,,,,,m01_therefore,stance_alternative,conclusion_result,,,,,,,,,,,,,,,,,,,
instruct,NS_minus_NP,-0.7485119047619048,-0.8413621794871794,-0.6470588235294118,0.0002,9999,36,72,0,21,36,marker_by_opening|run=instruct|marker_id=m02_consequently|opening_id=stance_alternative|quantity=NS_minus_NP,,,,,,NS − NP,,,,,,,m02_consequently,stance_alternative,conclusion_result,,,,,,,,,,,,,,,,,,,
instruct,RS_minus_RP,0.005952380952380952,-0.07708333333333334,0.09077380952380952,0.9158,9999,36,72,0,21,36,marker_by_opening|run=instruct|marker_id=m02_consequently|opening_id=stance_alternative|quantity=RS_minus_RP,,,,,,RS − RP,,,,,,,m02_consequently,stance_alternative,conclusion_result,,,,,,,,,,,,,,,,,,,
instruct,NS_minus_NP,-0.626358695652174,-0.7839803312629399,-0.46875,0.0002,9999,40,80,0,23,40,marker_by_opening|run=instruct|marker_id=m03_thus|opening_id=stance_alternative|quantity=NS_minus_NP,,,,,,NS − NP,,,,,,,m03_thus,stance_alternative,conclusion_result,,,,,,,,,,,,,,,,,,,
instruct,RS_minus_RP,-0.033967391304347824,-0.11789772727272728,0.0625,0.449,9999,40,80,0,23,40,marker_by_opening|run=instruct|marker_id=m03_thus|opening_id=stance_alternative|quantity=RS_minus_RP,,,,,,RS − RP,,,,,,,m03_thus,stance_alternative,conclusion_result,,,,,,,,,,,,,,,,,,,
instruct,NS_minus_NP,-0.3576388888888889,-0.49672619047619043,-0.22916666666666666,0.0002,9999,28,56,0,18,28,marker_by_opening|run=instruct|marker_id=m04_accordingly|opening_id=stance_alternative|quantity=NS_minus_NP,,,,,,NS − NP,,,,,,,m04_accordingly,stance_alternative,conclusion_result,,,,,,,,,,,,,,,,,,,
instruct,RS_minus_RP,-0.10069444444444445,-0.1875,-0.012863469251336959,0.0268,9999,28,56,0,18,28,marker_by_opening|run=instruct|marker_id=m04_accordingly|opening_id=stance_alternative|quantity=RS_minus_RP,,,,,,RS − RP,,,,,,,m04_accordingly,stance_alternative,conclusion_result,,,,,,,,,,,,,,,,,,,
instruct,NS_minus_NP,-1.1994047619047619,-1.359375,-1.0578125,0.0002,9999,36,72,0,21,36,marker_by_opening|run=instruct|marker_id=m05_for_this_reason|opening_id=stance_alternative|quantity=NS_minus_NP,,,,,,NS − NP,,,,,,,m05_for_this_reason,stance_alternative,conclusion_result,,,,,,,,,,,,,,,,,,,
instruct,RS_minus_RP,0.06994047619047619,-0.039473684210526314,0.17708333333333334,0.2116,9999,36,72,0,21,36,marker_by_opening|run=instruct|marker_id=m05_for_this_reason|opening_id=stance_alternative|quantity=RS_minus_RP,,,,,,RS − RP,,,,,,,m05_for_this_reason,stance_alternative,conclusion_result,,,,,,,,,,,,,,,,,,,
instruct,NS_minus_NP,-1.6935096153846154,-1.8649575892857144,-1.521862980769231,0.0002,9999,48,96,0,26,48,marker_by_opening|run=instruct|marker_id=m06_that_is_why|opening_id=stance_alternative|quantity=NS_minus_NP,,,,,,NS − NP,,,,,,,m06_that_is_why,stance_alternative,conclusion_result,,,,,,,,,,,,,,,,,,,
instruct,RS_minus_RP,-0.12740384615384615,-0.2206079306722688,-0.039767263986014066,0.0056,9999,48,96,0,26,48,marker_by_opening|run=instruct|marker_id=m06_that_is_why|opening_id=stance_alternative|quantity=RS_minus_RP,,,,,,RS − RP,,,,,,,m06_that_is_why,stance_alternative,conclusion_result,,,,,,,,,,,,,,,,,,,
instruct,NS_minus_NP,-1.5217391304347827,-1.7059801136363637,-1.346875,0.0002,9999,38,76,0,23,38,marker_by_opening|run=instruct|marker_id=m07_this_implies_that|opening_id=stance_alternative|quantity=NS_minus_NP,,,,,,NS − NP,,,,,,,m07_this_implies_that,stance_alternative,inference_basis,,,,,,,,,,,,,,,,,,,
instruct,RS_minus_RP,-0.44157608695652173,-0.578125,-0.2849264705882353,0.0002,9999,38,76,0,23,38,marker_by_opening|run=instruct|marker_id=m07_this_implies_that|opening_id=stance_alternative|quantity=RS_minus_RP,,,,,,RS − RP,,,,,,,m07_this_implies_that,stance_alternative,inference_basis,,,,,,,,,,,,,,,,,,,
instruct,NS_minus_NP,-0.3611111111111111,-0.4365249171401515,-0.2873249887992832,0.0002,9999,48,96,0,27,48,marker_by_opening|run=instruct|marker_id=m08_it_follows_that|opening_id=stance_alternative|quantity=NS_minus_NP,,,,,,NS − NP,,,,,,,m08_it_follows_that,stance_alternative,inference_basis,,,,,,,,,,,,,,,,,,,
instruct,RS_minus_RP,-0.04861111111111111,-0.1358695652173913,0.03733506944444432,0.2688,9999,48,96,0,27,48,marker_by_opening|run=instruct|marker_id=m08_it_follows_that|opening_id=stance_alternative|quantity=RS_minus_RP,,,,,,RS − RP,,,,,,,m08_it_follows_that,stance_alternative,inference_basis,,,,,,,,,,,,,,,,,,,
instruct,NS_minus_NP,-0.5263157894736842,-0.6513157894736842,-0.40295138888888904,0.0002,9999,33,66,0,19,33,marker_by_opening|run=instruct|marker_id=m09_on_that_basis|opening_id=stance_alternative|quantity=NS_minus_NP,,,,,,NS − NP,,,,,,,m09_on_that_basis,stance_alternative,inference_basis,,,,,,,,,,,,,,,,,,,
instruct,RS_minus_RP,-0.05098684210526316,-0.17560453869047613,0.06971153846153846,0.4198,9999,33,66,0,19,33,marker_by_opening|run=instruct|marker_id=m09_on_that_basis|opening_id=stance_alternative|quantity=RS_minus_RP,,,,,,RS − RP,,,,,,,m09_on_that_basis,stance_alternative,inference_basis,,,,,,,,,,,,,,,,,,,
instruct,NS_minus_NP,-0.375,-0.5162527173913043,-0.2361111111111111,0.0002,9999,40,80,0,23,40,marker_by_opening|run=instruct|marker_id=m10_based_on_this|opening_id=stance_alternative|quantity=NS_minus_NP,,,,,,NS − NP,,,,,,,m10_based_on_this,stance_alternative,inference_basis,,,,,,,,,,,,,,,,,,,
instruct,RS_minus_RP,0.1793478260869565,0.07736607142857149,0.275,0.0014,9999,40,80,0,23,40,marker_by_opening|run=instruct|marker_id=m10_based_on_this|opening_id=stance_alternative|quantity=RS_minus_RP,,,,,,RS − RP,,,,,,,m10_based_on_this,stance_alternative,inference_basis,,,,,,,,,,,,,,,,,,,
instruct,NS_minus_NP,-0.621875,-0.7586929563492063,-0.4944852941176471,0.0002,9999,37,74,0,20,37,marker_by_opening|run=instruct|marker_id=m11_given_this|opening_id=stance_alternative|quantity=NS_minus_NP,,,,,,NS − NP,,,,,,,m11_given_this,stance_alternative,inference_basis,,,,,,,,,,,,,,,,,,,
instruct,RS_minus_RP,0.1484375,0.06907894736842106,0.23363095238095238,0.0004,9999,37,74,0,20,37,marker_by_opening|run=instruct|marker_id=m11_given_this|opening_id=stance_alternative|quantity=RS_minus_RP,,,,,,RS − RP,,,,,,,m11_given_this,stance_alternative,inference_basis,,,,,,,,,,,,,,,,,,,
instruct,NS_minus_NP,-0.7723214285714286,-0.890625,-0.663686099439776,0.0002,9999,34,68,0,21,34,marker_by_opening|run=instruct|marker_id=m12_in_view_of_this|opening_id=stance_alternative|quantity=NS_minus_NP,,,,,,NS − NP,,,,,,,m12_in_view_of_this,stance_alternative,inference_basis,,,,,,,,,,,,,,,,,,,
instruct,RS_minus_RP,0.22023809523809523,0.08272058823529412,0.3546195652173913,0.0024,9999,34,68,0,21,34,marker_by_opening|run=instruct|marker_id=m12_in_view_of_this|opening_id=stance_alternative|quantity=RS_minus_RP,,,,,,RS − RP,,,,,,,m12_in_view_of_this,stance_alternative,inference_basis,,,,,,,,,,,,,,,,,,,
instruct,NS_minus_NP,-0.7239583333333334,-0.8242254849137931,-0.6178977272727273,0.0002,9999,42,84,0,24,42,marker_by_opening|run=instruct|marker_id=m01_therefore|opening_id=stance_disagreement|quantity=NS_minus_NP,,,,,,NS − NP,,,,,,,m01_therefore,stance_disagreement,conclusion_result,,,,,,,,,,,,,,,,,,,
instruct,RS_minus_RP,-0.06901041666666667,-0.1817182239057239,0.06667140151515144,0.2828,9999,42,84,0,24,42,marker_by_opening|run=instruct|marker_id=m01_therefore|opening_id=stance_disagreement|quantity=RS_minus_RP,,,,,,RS − RP,,,,,,,m01_therefore,stance_disagreement,conclusion_result,,,,,,,,,,,,,,,,,,,
instruct,NS_minus_NP,-0.47619047619047616,-0.5735404411764705,-0.3893169981060607,0.0002,9999,36,72,0,21,36,marker_by_opening|run=instruct|marker_id=m02_consequently|opening_id=stance_disagreement|quantity=NS_minus_NP,,,,,,NS − NP,,,,,,,m02_consequently,stance_disagreement,conclusion_result,,,,,,,,,,,,,,,,,,,
instruct,RS_minus_RP,-0.15625,-0.24321724828375282,-0.0703125,0.0004,9999,36,72,0,21,36,marker_by_opening|run=instruct|marker_id=m02_consequently|opening_id=stance_disagreement|quantity=RS_minus_RP,,,,,,RS − RP,,,,,,,m02_consequently,stance_disagreement,conclusion_result,,,,,,,,,,,,,,,,,,,
instruct,NS_minus_NP,-0.5801630434782609,-0.6863003027065526,-0.47874715909090915,0.0002,9999,40,80,0,23,40,marker_by_opening|run=instruct|marker_id=m03_thus|opening_id=stance_disagreement|quantity=NS_minus_NP,,,,,,NS − NP,,,,,,,m03_thus,stance_disagreement,conclusion_result,,,,,,,,,,,,,,,,,,,
instruct,RS_minus_RP,-0.21195652173913043,-0.308827064479638,-0.10677083333333333,0.0006,9999,40,80,0,23,40,marker_by_opening|run=instruct|marker_id=m03_thus|opening_id=stance_disagreement|quantity=RS_minus_RP,,,,,,RS − RP,,,,,,,m03_thus,stance_disagreement,conclusion_result,,,,,,,,,,,,,,,,,,,
instruct,NS_minus_NP,-0.3715277777777778,-0.5588428792569659,-0.15798154239766088,0.002,9999,28,56,0,18,28,marker_by_opening|run=instruct|marker_id=m04_accordingly|opening_id=stance_disagreement|quantity=NS_minus_NP,,,,,,NS − NP,,,,,,,m04_accordingly,stance_disagreement,conclusion_result,,,,,,,,,,,,,,,,,,,
instruct,RS_minus_RP,-0.2586805555555556,-0.3638458508403361,-0.15789473684210525,0.0002,9999,28,56,0,18,28,marker_by_opening|run=instruct|marker_id=m04_accordingly|opening_id=stance_disagreement|quantity=RS_minus_RP,,,,,,RS − RP,,,,,,,m04_accordingly,stance_disagreement,conclusion_result,,,,,,,,,,,,,,,,,,,
instruct,NS_minus_NP,-1.1651785714285714,-1.2951388888888888,-1.047520380434783,0.0002,9999,36,72,0,21,36,marker_by_opening|run=instruct|marker_id=m05_for_this_reason|opening_id=stance_disagreement|quantity=NS_minus_NP,,,,,,NS − NP,,,,,,,m05_for_this_reason,stance_disagreement,conclusion_result,,,,,,,,,,,,,,,,,,,
instruct,RS_minus_RP,-0.13392857142857142,-0.2412534722222222,-0.0234375,0.0198,9999,36,72,0,21,36,marker_by_opening|run=instruct|marker_id=m05_for_this_reason|opening_id=stance_disagreement|quantity=RS_minus_RP,,,,,,RS − RP,,,,,,,m05_for_this_reason,stance_disagreement,conclusion_result,,,,,,,,,,,,,,,,,,,
instruct,NS_minus_NP,-0.6730769230769231,-0.8161093042986426,-0.5342261904761905,0.0002,9999,48,96,0,26,48,marker_by_opening|run=instruct|marker_id=m06_that_is_why|opening_id=stance_disagreement|quantity=NS_minus_NP,,,,,,NS − NP,,,,,,,m06_that_is_why,stance_disagreement,conclusion_result,,,,,,,,,,,,,,,,,,,
instruct,RS_minus_RP,-0.14543269230769232,-0.2175925925925926,-0.08172031772575267,0.0002,9999,48,96,0,26,48,marker_by_opening|run=instruct|marker_id=m06_that_is_why|opening_id=stance_disagreement|quantity=RS_minus_RP,,,,,,RS − RP,,,,,,,m06_that_is_why,stance_disagreement,conclusion_result,,,,,,,,,,,,,,,,,,,
instruct,NS_minus_NP,-2.40625,-2.6083333333333334,-2.20125,0.0002,9999,38,76,0,23,38,marker_by_opening|run=instruct|marker_id=m07_this_implies_that|opening_id=stance_disagreement|quantity=NS_minus_NP,,,,,,NS − NP,,,,,,,m07_this_implies_that,stance_disagreement,inference_basis,,,,,,,,,,,,,,,,,,,
instruct,RS_minus_RP,-0.35733695652173914,-0.5168269230769231,-0.18153273809523832,0.0004,9999,38,76,0,23,38,marker_by_opening|run=instruct|marker_id=m07_this_implies_that|opening_id=stance_disagreement|quantity=RS_minus_RP,,,,,,RS − RP,,,,,,,m07_this_implies_that,stance_disagreement,inference_basis,,,,,,,,,,,,,,,,,,,
instruct,NS_minus_NP,-0.1261574074074074,-0.18438004032258062,-0.06572737068965526,0.0002,9999,48,96,0,27,48,marker_by_opening|run=instruct|marker_id=m08_it_follows_that|opening_id=stance_disagreement|quantity=NS_minus_NP,,,,,,NS − NP,,,,,,,m08_it_follows_that,stance_disagreement,inference_basis,,,,,,,,,,,,,,,,,,,
instruct,RS_minus_RP,-0.07291666666666667,-0.14930555555555555,0.010416666666666666,0.0868,9999,48,96,0,27,48,marker_by_opening|run=instruct|marker_id=m08_it_follows_that|opening_id=stance_disagreement|quantity=RS_minus_RP,,,,,,RS − RP,,,,,,,m08_it_follows_that,stance_disagreement,inference_basis,,,,,,,,,,,,,,,,,,,
instruct,NS_minus_NP,-0.5657894736842105,-0.6812648809523809,-0.453125,0.0002,9999,33,66,0,19,33,marker_by_opening|run=instruct|marker_id=m09_on_that_basis|opening_id=stance_disagreement|quantity=NS_minus_NP,,,,,,NS − NP,,,,,,,m09_on_that_basis,stance_disagreement,inference_basis,,,,,,,,,,,,,,,,,,,
instruct,RS_minus_RP,-0.20230263157894737,-0.325,-0.07588110902255656,0.0026,9999,33,66,0,19,33,marker_by_opening|run=instruct|marker_id=m09_on_that_basis|opening_id=stance_disagreement|quantity=RS_minus_RP,,,,,,RS − RP,,,,,,,m09_on_that_basis,stance_disagreement,inference_basis,,,,,,,,,,,,,,,,,,,
instruct,NS_minus_NP,0.004076086956521739,-0.109375,0.11948929028132987,0.9772,9999,40,80,0,23,40,marker_by_opening|run=instruct|marker_id=m10_based_on_this|opening_id=stance_disagreement|quantity=NS_minus_NP,,,,,,NS − NP,,,,,,,m10_based_on_this,stance_disagreement,inference_basis,,,,,,,,,,,,,,,,,,,
instruct,RS_minus_RP,-0.05570652173913043,-0.15865384615384615,0.04492578124999994,0.2756,9999,40,80,0,23,40,marker_by_opening|run=instruct|marker_id=m10_based_on_this|opening_id=stance_disagreement|quantity=RS_minus_RP,,,,,,RS − RP,,,,,,,m10_based_on_this,stance_disagreement,inference_basis,,,,,,,,,,,,,,,,,,,
instruct,NS_minus_NP,-0.3046875,-0.41964285714285715,-0.19602272727272727,0.0002,9999,37,74,0,20,37,marker_by_opening|run=instruct|marker_id=m11_given_this|opening_id=stance_disagreement|quantity=NS_minus_NP,,,,,,NS − NP,,,,,,,m11_given_this,stance_disagreement,inference_basis,,,,,,,,,,,,,,,,,,,
instruct,RS_minus_RP,-0.01875,-0.11677631578947369,0.084375,0.7126,9999,37,74,0,20,37,marker_by_opening|run=instruct|marker_id=m11_given_this|opening_id=stance_disagreement|quantity=RS_minus_RP,,,,,,RS − RP,,,,,,,m11_given_this,stance_disagreement,inference_basis,,,,,,,,,,,,,,,,,,,
instruct,NS_minus_NP,-0.4895833333333333,-0.59375,-0.3831351902173915,0.0002,9999,34,68,0,21,34,marker_by_opening|run=instruct|marker_id=m12_in_view_of_this|opening_id=stance_disagreement|quantity=NS_minus_NP,,,,,,NS − NP,,,,,,,m12_in_view_of_this,stance_disagreement,inference_basis,,,,,,,,,,,,,,,,,,,
instruct,RS_minus_RP,-0.05654761904761905,-0.18466526679841894,0.0859375,0.402,9999,34,68,0,21,34,marker_by_opening|run=instruct|marker_id=m12_in_view_of_this|opening_id=stance_disagreement|quantity=RS_minus_RP,,,,,,RS − RP,,,,,,,m12_in_view_of_this,stance_disagreement,inference_basis,,,,,,,,,,,,,,,,,,,
instruct,NS_minus_NP,-0.7543113425925926,-0.8224392361111108,-0.6883955439814814,0.0002,9999,690,0,0,60,230,margin_moderation|run=instruct|term=weighted_mean|quantity=NS_minus_NP,,,,,,NS − NP,,,,,,,,,,,,,,,,,,,,,,,,weighted_mean,,,,
instruct,RP_minus_NP,-0.1806712962962963,-0.2494241898148148,-0.11252893518518521,0.0002,9999,690,0,0,60,230,margin_moderation|run=instruct|term=weighted_mean|quantity=RP_minus_NP,,,,,,RP − NP,,,,,,,,,,,,,,,,,,,,,,,,weighted_mean,,,,
instruct,RS_minus_NS,0.5538773148148146,0.4598083043981482,0.650206163194444,0.0002,9999,690,0,0,60,230,margin_moderation|run=instruct|term=weighted_mean|quantity=RS_minus_NS,,,,,,RS − NS,,,,,,,,,,,,,,,,,,,,,,,,weighted_mean,,,,
instruct,RS_minus_RP,-0.0197627314814815,-0.05276475694444444,0.014917534722222198,0.2594,9999,690,0,0,60,230,margin_moderation|run=instruct|term=weighted_mean|quantity=RS_minus_RP,,,,,,RS − RP,,,,,,,,,,,,,,,,,,,,,,,,weighted_mean,,,,
instruct,interaction,0.7345486111111111,0.6630439814814815,0.8089431423611112,0.0002,9999,690,0,0,60,230,margin_moderation|run=instruct|term=weighted_mean|quantity=interaction,,,,,,(RS − RP) − (NS − NP),,,,,,,,,,,,,,,,,,,,,,,,weighted_mean,,,,
minimal_ab,NP,0.6611886724386724,0.5876108405483405,0.7322921476671476,0.0002,9999,554,554,554,60,208,condition_descriptives_flip|run=minimal_ab|quantity=NP,,,,,,,,,,,,,,,,,,,,,,,,,,,,,,,,,,
minimal_ab,NP,0.5686921296296297,0.4805555555555557,0.6584519675925925,0.0002,9999,624,624,0,60,208,condition_descriptives_movement|run=minimal_ab|quantity=NP,,,,,,,,,,,,,,,,,,,,,,,,,,,,,,,,,,
minimal_ab,NS,0.8778829966329966,0.8260911195286195,0.922249579124579,0.0002,9999,614,1228,1163,60,208,condition_descriptives_flip|run=minimal_ab|quantity=NS,,,,,,,,,,,,,,,,,,,,,,,,,,,,,,,,,,
minimal_ab,NS,0.9009837962962963,0.8097106481481481,0.9901331018518517,0.0002,9999,624,1248,0,60,208,condition_descriptives_movement|run=minimal_ab|quantity=NS,,,,,,,,,,,,,,,,,,,,,,,,,,,,,,,,,,
minimal_ab,RP,0.8954882154882156,0.8419090909090907,0.9422348484848484,0.0002,9999,601,601,601,60,208,condition_descriptives_flip|run=minimal_ab|quantity=RP,,,,,,,,,,,,,,,,,,,,,,,,,,,,,,,,,,
minimal_ab,RP,1.104108796296296,0.989403935185185,1.2188078703703702,0.0002,9999,624,624,0,60,208,condition_descriptives_movement|run=minimal_ab|quantity=RP,,,,,,,,,,,,,,,,,,,,,,,,,,,,,,,,,,
minimal_ab,RS,0.827199074074074,0.7689814814814814,0.8809085648148147,0.0002,9999,619,1238,1179,60,208,condition_descriptives_flip|run=minimal_ab|quantity=RS,,,,,,,,,,,,,,,,,,,,,,,,,,,,,,,,,,
minimal_ab,RS,0.8828125,0.769039351851852,0.9958116319444447,0.0002,9999,624,1248,0,60,208,condition_descriptives_movement|run=minimal_ab|quantity=RS,,,,,,,,,,,,,,,,,,,,,,,,,,,,,,,,,,
minimal_ab,NP,0.7673590542011595,0.6996540720488088,0.830300307973919,0.0002,9999,397,397,397,57,149,robustness_common_semantic_choice_subset|run=minimal_ab|comparison=estimate|outcome=flip|kind=cell|quantity=NP,estimate,flip,cell,149,"base,ab_bfirst,minimal_ab",,,,,,,,,,,,,,,,,,,,,,,,,,,,,
minimal_ab,NS,0.9569931773879143,0.9352250957854407,0.9764408851991089,0.0002,9999,442,884,852,57,149,robustness_common_semantic_choice_subset|run=minimal_ab|comparison=estimate|outcome=flip|kind=cell|quantity=NS,estimate,flip,cell,149,"base,ab_bfirst,minimal_ab",,,,,,,,,,,,,,,,,,,,,,,,,,,,,
minimal_ab,RP,0.9741715399610137,0.9482109227871941,0.9942528735632185,0.0002,9999,438,438,438,57,149,robustness_common_semantic_choice_subset|run=minimal_ab|comparison=estimate|outcome=flip|kind=cell|quantity=RP,estimate,flip,cell,149,"base,ab_bfirst,minimal_ab",,,,,,,,,,,,,,,,,,,,,,,,,,,,,
minimal_ab,RS,0.9226190476190476,0.8792541944872453,0.9587716848745148,0.0002,9999,443,886,852,57,149,robustness_common_semantic_choice_subset|run=minimal_ab|comparison=estimate|outcome=flip|kind=cell|quantity=RS,estimate,flip,cell,149,"base,ab_bfirst,minimal_ab",,,,,,,,,,,,,,,,,,,,,,,,,,,,,
minimal_ab,NS_minus_NP,0.17378484089010401,0.12238685221256378,0.22966068569630269,0.0002,9999,393,1179,1154,57,149,robustness_common_semantic_choice_subset|run=minimal_ab|comparison=estimate|outcome=flip|kind=contrast|quantity=NS_minus_NP,estimate,flip,contrast,149,"base,ab_bfirst,minimal_ab",NS − NP,,,,,,,,,,,,,,,,,,,,,,,,,,,,
minimal_ab,RP_minus_NP,0.20248727880306824,0.14440101228737592,0.26483831824740917,0.0002,9999,389,778,778,57,149,robustness_common_semantic_choice_subset|run=minimal_ab|comparison=estimate|outcome=flip|kind=contrast|quantity=RP_minus_NP,estimate,flip,contrast,149,"base,ab_bfirst,minimal_ab",RP − NP,,,,,,,,,,,,,,,,,,,,,,,,,,,,
minimal_ab,RS_minus_NS,-0.028766676792992583,-0.06756870654597925,0.00393849849971615,0.0926,9999,438,1752,1689,57,149,robustness_common_semantic_choice_subset|run=minimal_ab|comparison=estimate|outcome=flip|kind=contrast|quantity=RS_minus_NS,estimate,flip,contrast,149,"base,ab_bfirst,minimal_ab",RS − NS,,,,,,,,,,,,,,,,,,,,,,,,,,,,
minimal_ab,RS_minus_RP,-0.03649527860054176,-0.057218757774792246,-0.018437964266166246,0.0002,9999,434,1302,1271,57,149,robustness_common_semantic_choice_subset|run=minimal_ab|comparison=estimate|outcome=flip|kind=contrast|quantity=RS_minus_RP,estimate,flip,contrast,149,"base,ab_bfirst,minimal_ab",RS − RP,,,,,,,,,,,,,,,,,,,,,,,,,,,,
minimal_ab,interaction,-0.21024910761752866,-0.27992573340141474,-0.1475496296088969,0.0002,9999,382,2292,2248,57,149,robustness_common_semantic_choice_subset|run=minimal_ab|comparison=estimate|outcome=flip|kind=contrast|quantity=interaction,estimate,flip,contrast,149,"base,ab_bfirst,minimal_ab",(RS − RP) − (NS − NP),,,,,,,,,,,,,,,,,,,,,,,,,,,,
minimal_ab,NP,0.6611886724386724,0.5876108405483405,0.7322921476671476,0.0002,9999,554,554,554,60,208,robustness_contrasts|run=minimal_ab|sample=full_valid|stratum=all|outcome=flip|kind=cell|quantity=NP,,flip,cell,,,,full_valid,all,,,,,,,,,,,,,,,,,,,,,,,,,,
minimal_ab,NS,0.8778829966329966,0.8260911195286195,0.922249579124579,0.0002,9999,614,1228,1163,60,208,robustness_contrasts|run=minimal_ab|sample=full_valid|stratum=all|outcome=flip|kind=cell|quantity=NS,,flip,cell,,,,full_valid,all,,,,,,,,,,,,,,,,,,,,,,,,,,
minimal_ab,RP,0.8954882154882156,0.8419090909090907,0.9422348484848484,0.0002,9999,601,601,601,60,208,robustness_contrasts|run=minimal_ab|sample=full_valid|stratum=all|outcome=flip|kind=cell|quantity=RP,,flip,cell,,,,full_valid,all,,,,,,,,,,,,,,,,,,,,,,,,,,
minimal_ab,RS,0.827199074074074,0.7689814814814814,0.8809085648148147,0.0002,9999,619,1238,1179,60,208,robustness_contrasts|run=minimal_ab|sample=full_valid|stratum=all|outcome=flip|kind=cell|quantity=RS,,flip,cell,,,,full_valid,all,,,,,,,,,,,,,,,,,,,,,,,,,,
minimal_ab,NS_minus_NP,0.19434042809042806,0.15025683922558924,0.24090351430976426,0.0002,9999,547,1641,1586,60,208,robustness_contrasts|run=minimal_ab|sample=full_valid|stratum=all|outcome=flip|kind=contrast|quantity=NS_minus_NP,,flip,contrast,,,NS − NP,full_valid,all,,,,,,,,,,,,,,,,,,,,,,,,,,
minimal_ab,RP_minus_NP,0.2103348965848966,0.15573373617123618,0.26826794733044734,0.0002,9999,534,1068,1068,60,206,robustness_contrasts|run=minimal_ab|sample=full_valid|stratum=all|outcome=flip|kind=contrast|quantity=RP_minus_NP,,flip,contrast,,,RP − NP,full_valid,all,,,,,,,,,,,,,,,,,,,,,,,,,,
minimal_ab,RS_minus_NS,-0.047868265993266,-0.08331691919191918,-0.014339015151515156,0.0044,9999,609,2436,2316,60,208,robustness_contrasts|run=minimal_ab|sample=full_valid|stratum=all|outcome=flip|kind=contrast|quantity=RS_minus_NS,,flip,contrast,,,RS − NS,full_valid,all,,,,,,,,,,,,,,,,,,,,,,,,,,
minimal_ab,RS_minus_RP,-0.04724206349206349,-0.06557515632515633,-0.029809689153439164,0.0002,9999,596,1788,1736,60,208,robustness_contrasts|run=minimal_ab|sample=full_valid|stratum=all|outcome=flip|kind=contrast|quantity=RS_minus_RP,,flip,contrast,,,RS − RP,full_valid,all,,,,,,,,,,,,,,,,,,,,,,,,,,
minimal_ab,interaction,-0.23250751563251562,-0.286475499037999,-0.18047665644540645,0.0002,9999,523,3138,3051,60,206,robustness_contrasts|run=minimal_ab|sample=full_valid|stratum=all|outcome=flip|kind=contrast|quantity=interaction,,flip,contrast,,,(RS − RP) − (NS − NP),full_valid,all,,,,,,,,,,,,,,,,,,,,,,,,,,
minimal_ab,NS_minus_NP,0.13644067796610168,0.0905536398467433,0.1865931026365347,0.0002,9999,267,801,783,59,104,robustness_contrasts|run=minimal_ab|sample=full_valid|stratum=o1|outcome=flip|kind=contrast|quantity=NS_minus_NP,,flip,contrast,,,NS − NP,full_valid,o1,,,,,,,,,,,,,,,,,,,,,,,,,,
minimal_ab,RP_minus_NP,0.17542372881355936,0.10632183908045979,0.2494350282485876,0.0002,9999,264,528,528,59,104,robustness_contrasts|run=minimal_ab|sample=full_valid|stratum=o1|outcome=flip|kind=contrast|quantity=RP_minus_NP,,flip,contrast,,,RP − NP,full_valid,o1,,,,,,,,,,,,,,,,,,,,,,,,,,
minimal_ab,RS_minus_NS,-0.046045197740112995,-0.1016680790960452,0.003333333333333333,0.0706,9999,303,1212,1165,59,104,robustness_contrasts|run=minimal_ab|sample=full_valid|stratum=o1|outcome=flip|kind=contrast|quantity=RS_minus_NS,,flip,contrast,,,RS − NS,full_valid,o1,,,,,,,,,,,,,,,,,,,,,,,,,,
minimal_ab,RS_minus_RP,-0.05988700564971751,-0.08785310734463277,-0.03446327683615819,0.0002,9999,302,906,885,59,104,robustness_contrasts|run=minimal_ab|sample=full_valid|stratum=o1|outcome=flip|kind=contrast|quantity=RS_minus_RP,,flip,contrast,,,RS − RP,full_valid,o1,,,,,,,,,,,,,,,,,,,,,,,,,,
minimal_ab,interaction,-0.19759887005649718,-0.2562146892655367,-0.143326388888889,0.0002,9999,259,1554,1523,59,104,robustness_contrasts|run=minimal_ab|sample=full_valid|stratum=o1|outcome=flip|kind=contrast|quantity=interaction,,flip,contrast,,,(RS − RP) − (NS − NP),full_valid,o1,,,,,,,,,,,,,,,,,,,,,,,,,,
minimal_ab,NS_minus_NP,0.2504310344827586,0.189303554613936,0.31564500941619583,0.0002,9999,280,840,803,58,104,robustness_contrasts|run=minimal_ab|sample=full_valid|stratum=o2|outcome=flip|kind=contrast|quantity=NS_minus_NP,,flip,contrast,,,NS − NP,full_valid,o2,,,,,,,,,,,,,,,,,,,,,,,,,,
minimal_ab,RP_minus_NP,0.2540229885057471,0.1852777777777778,0.32542372881355924,0.0002,9999,270,540,540,58,102,robustness_contrasts|run=minimal_ab|sample=full_valid|stratum=o2|outcome=flip|kind=contrast|quantity=RP_minus_NP,,flip,contrast,,,RP − NP,full_valid,o2,,,,,,,,,,,,,,,,,,,,,,,,,,
minimal_ab,RS_minus_NS,-0.060632183908045985,-0.1136176900584795,-0.012643678160919542,0.0094,9999,306,1224,1151,58,104,robustness_contrasts|run=minimal_ab|sample=full_valid|stratum=o2|outcome=flip|kind=contrast|quantity=RS_minus_NS,,flip,contrast,,,RS − NS,full_valid,o2,,,,,,,,,,,,,,,,,,,,,,,,,,
minimal_ab,RS_minus_RP,-0.04195402298850575,-0.06839080459770114,-0.016090927750410523,0.0012,9999,294,882,851,58,104,robustness_contrasts|run=minimal_ab|sample=full_valid|stratum=o2|outcome=flip|kind=contrast|quantity=RS_minus_RP,,flip,contrast,,,RS − RP,full_valid,o2,,,,,,,,,,,,,,,,,,,,,,,,,,
minimal_ab,interaction,-0.28908045977011493,-0.3682499486863711,-0.21326977401129954,0.0002,9999,264,1584,1528,58,102,robustness_contrasts|run=minimal_ab|sample=full_valid|stratum=o2|outcome=flip|kind=contrast|quantity=interaction,,flip,contrast,,,(RS − RP) − (NS − NP),full_valid,o2,,,,,,,,,,,,,,,,,,,,,,,,,,
minimal_ab,NS_minus_NP,-0.11399035651665693,-0.1828568454120397,-0.048614483895058194,0.0004,9999,547,1641,1586,60,208,robustness_contrasts|run=minimal_ab|sample=full_valid|stratum=o1_minus_o2|outcome=flip|kind=order_difference|quantity=NS_minus_NP,,flip,order_difference,,,NS − NP,full_valid,o1_minus_o2,,,,,,,,,,,,,,,,,,,,,,,,,,
minimal_ab,RP_minus_NP,-0.07859925969218776,-0.1565989906580205,-0.003107182284564046,0.042,9999,534,1068,1068,60,206,robustness_contrasts|run=minimal_ab|sample=full_valid|stratum=o1_minus_o2|outcome=flip|kind=order_difference|quantity=RP_minus_NP,,flip,order_difference,,,RP − NP,full_valid,o1_minus_o2,,,,,,,,,,,,,,,,,,,,,,,,,,
minimal_ab,RS_minus_NS,0.01458698616793299,-0.05342097701149423,0.08292419962335217,0.6756,9999,609,2436,2316,60,208,robustness_contrasts|run=minimal_ab|sample=full_valid|stratum=o1_minus_o2|outcome=flip|kind=order_difference|quantity=RS_minus_NS,,flip,order_difference,,,RS − NS,full_valid,o1_minus_o2,,,,,,,,,,,,,,,,,,,,,,,,,,
minimal_ab,RS_minus_RP,-0.01793298266121176,-0.053108410149667946,0.0181243612879852,0.3242,9999,596,1788,1736,60,208,robustness_contrasts|run=minimal_ab|sample=full_valid|stratum=o1_minus_o2|outcome=flip|kind=order_difference|quantity=RS_minus_RP,,flip,order_difference,,,RS − RP,full_valid,o1_minus_o2,,,,,,,,,,,,,,,,,,,,,,,,,,
minimal_ab,interaction,0.09148158971361775,0.01264343869731801,0.17326712773556718,0.021,9999,523,3138,3051,60,206,robustness_contrasts|run=minimal_ab|sample=full_valid|stratum=o1_minus_o2|outcome=flip|kind=order_difference|quantity=interaction,,flip,order_difference,,,(RS − RP) − (NS − NP),full_valid,o1_minus_o2,,,,,,,,,,,,,,,,,,,,,,,,,,
minimal_ab,NP,-0.1931672615883142,-0.27100023952418434,-0.11357509721916517,0.0002,9999,823,823,823,57,298,robustness_common_semantic_choice_subset|run=minimal_ab|comparison=variant_minus_reference|outcome=flip|kind=cell|quantity=NP,variant_minus_reference,flip,cell,149,"base,ab_bfirst,minimal_ab",,,,,,,,,,,,,,,,,,,,,,,,,,,,,
minimal_ab,NS,-0.027412280701754277,-0.052705874930381605,-0.0031543887147337728,0.0258,9999,888,1776,1724,57,298,robustness_common_semantic_choice_subset|run=minimal_ab|comparison=variant_minus_reference|outcome=flip|kind=cell|quantity=NS,variant_minus_reference,flip,cell,149,"base,ab_bfirst,minimal_ab",,,,,,,,,,,,,,,,,,,,,,,,,,,,,
minimal_ab,RP,0.009373180425812033,-0.027480110667806538,0.05594780324893952,0.6832,9999,879,879,879,57,298,robustness_common_semantic_choice_subset|run=minimal_ab|comparison=variant_minus_reference|outcome=flip|kind=cell|quantity=RP,variant_minus_reference,flip,cell,149,"base,ab_bfirst,minimal_ab",,,,,,,,,,,,,,,,,,,,,,,,,,,,,
minimal_ab,RS,-0.05130882762461708,-0.09176138911308403,-0.010912698412698369,0.0108,9999,888,1776,1727,57,298,robustness_common_semantic_choice_subset|run=minimal_ab|comparison=variant_minus_reference|outcome=flip|kind=cell|quantity=RS,variant_minus_reference,flip,cell,149,"base,ab_bfirst,minimal_ab",,,,,,,,,,,,,,,,,,,,,,,,,,,,,
minimal_ab,NS_minus_NP,0.15136768689400265,0.08265795267950442,0.21596244624910024,0.0002,9999,818,2454,2418,57,298,robustness_common_semantic_choice_subset|run=minimal_ab|comparison=variant_minus_reference|outcome=flip|kind=contrast|quantity=NS_minus_NP,variant_minus_reference,flip,contrast,149,"base,ab_bfirst,minimal_ab",NS − NP,,,,,,,,,,,,,,,,,,,,,,,,,,,,
minimal_ab,RP_minus_NP,0.19656970709602287,0.11808660899107747,0.2720198910285116,0.0002,9999,811,1622,1622,57,298,robustness_common_semantic_choice_subset|run=minimal_ab|comparison=variant_minus_reference|outcome=flip|kind=contrast|quantity=RP_minus_NP,variant_minus_reference,flip,contrast,149,"base,ab_bfirst,minimal_ab",RP − NP,,,,,,,,,,,,,,,,,,,,,,,,,,,,
minimal_ab,RS_minus_NS,-0.016096111490848337,-0.057049535916061336,0.022041435471494987,0.4282,9999,882,3528,3431,57,298,robustness_common_semantic_choice_subset|run=minimal_ab|comparison=variant_minus_reference|outcome=flip|kind=contrast|quantity=RS_minus_NS,variant_minus_reference,flip,contrast,149,"base,ab_bfirst,minimal_ab",RS − NS,,,,,,,,,,,,,,,,,,,,,,,,,,,,
minimal_ab,RS_minus_RP,-0.041612237664869246,-0.06693133718133717,-0.020191759998812064,0.0002,9999,873,2619,2576,57,298,robustness_common_semantic_choice_subset|run=minimal_ab|comparison=variant_minus_reference|outcome=flip|kind=contrast|quantity=RS_minus_RP,variant_minus_reference,flip,contrast,149,"base,ab_bfirst,minimal_ab",RS − RP,,,,,,,,,,,,,,,,,,,,,,,,,,,,
minimal_ab,interaction,-0.20278410673147515,-0.28178043964450983,-0.12359076947848138,0.0002,9999,801,4806,4744,57,297,robustness_common_semantic_choice_subset|run=minimal_ab|comparison=variant_minus_reference|outcome=flip|kind=contrast|quantity=interaction,variant_minus_reference,flip,contrast,149,"base,ab_bfirst,minimal_ab",(RS − RP) − (NS − NP),,,,,,,,,,,,,,,,,,,,,,,,,,,,
minimal_ab,NP,0.6840886939571151,0.5993031609195402,0.7695067663817662,0.0002,9999,447,447,0,57,149,robustness_common_semantic_choice_subset|run=minimal_ab|comparison=estimate|outcome=movement|kind=cell|quantity=NP,estimate,movement,cell,149,"base,ab_bfirst,minimal_ab",,,,,,,,,,,,,,,,,,,,,,,,,,,,,
minimal_ab,NS,1.0467836257309941,0.9603111511417433,1.1339556850282484,0.0002,9999,447,894,0,57,149,robustness_common_semantic_choice_subset|run=minimal_ab|comparison=estimate|outcome=movement|kind=cell|quantity=NS,estimate,movement,cell,149,"base,ab_bfirst,minimal_ab",,,,,,,,,,,,,,,,,,,,,,,,,,,,,
minimal_ab,RP,1.2623050682261208,1.1573632339588378,1.3645833333333333,0.0002,9999,447,447,0,57,149,robustness_common_semantic_choice_subset|run=minimal_ab|comparison=estimate|outcome=movement|kind=cell|quantity=RP,estimate,movement,cell,149,"base,ab_bfirst,minimal_ab",,,,,,,,,,,,,,,,,,,,,,,,,,,,,
minimal_ab,RS,1.0512914230019492,0.9440651395419716,1.1546195023148145,0.0002,9999,447,894,0,57,149,robustness_common_semantic_choice_subset|run=minimal_ab|comparison=estimate|outcome=movement|kind=cell|quantity=RS,estimate,movement,cell,149,"base,ab_bfirst,minimal_ab",,,,,,,,,,,,,,,,,,,,,,,,,,,,,
minimal_ab,NS_minus_NP,0.3626949317738791,0.32010093999610373,0.4062529425612052,0.0002,9999,447,1341,0,57,149,robustness_common_semantic_choice_subset|run=minimal_ab|comparison=estimate|outcome=movement|kind=contrast|quantity=NS_minus_NP,estimate,movement,contrast,149,"base,ab_bfirst,minimal_ab",NS − NP,,,,,,,,,,,,,,,,,,,,,,,,,,,,
minimal_ab,RP_minus_NP,0.5782163742690057,0.5249864232690202,0.6310337475633527,0.0002,9999,447,894,0,57,149,robustness_common_semantic_choice_subset|run=minimal_ab|comparison=estimate|outcome=movement|kind=contrast|quantity=RP_minus_NP,estimate,movement,contrast,149,"base,ab_bfirst,minimal_ab",RP − NP,,,,,,,,,,,,,,,,,,,,,,,,,,,,
minimal_ab,RS_minus_NS,0.004507797270955161,-0.04858481579184702,0.05751229745370366,0.8676,9999,447,1788,0,57,149,robustness_common_semantic_choice_subset|run=minimal_ab|comparison=estimate|outcome=movement|kind=contrast|quantity=RS_minus_NS,estimate,movement,contrast,149,"base,ab_bfirst,minimal_ab",RS − NS,,,,,,,,,,,,,,,,,,,,,,,,,,,,
minimal_ab,RS_minus_RP,-0.21101364522417154,-0.24725989255765196,-0.17567050269645607,0.0002,9999,447,1341,0,57,149,robustness_common_semantic_choice_subset|run=minimal_ab|comparison=estimate|outcome=movement|kind=contrast|quantity=RS_minus_RP,estimate,movement,contrast,149,"base,ab_bfirst,minimal_ab",RS − RP,,,,,,,,,,,,,,,,,,,,,,,,,,,,
minimal_ab,interaction,-0.5737085769980507,-0.6131264937319624,-0.5340822151600753,0.0002,9999,447,2682,0,57,149,robustness_common_semantic_choice_subset|run=minimal_ab|comparison=estimate|outcome=movement|kind=contrast|quantity=interaction,estimate,movement,contrast,149,"base,ab_bfirst,minimal_ab",(RS − RP) − (NS − NP),,,,,,,,,,,,,,,,,,,,,,,,,,,,
minimal_ab,NP,0.5686921296296297,0.4805555555555557,0.6584519675925925,0.0002,9999,624,624,0,60,208,robustness_contrasts|run=minimal_ab|sample=full_valid|stratum=all|outcome=movement|kind=cell|quantity=NP,,movement,cell,,,,full_valid,all,,,,,,,,,,,,,,,,,,,,,,,,,,
minimal_ab,NS,0.9009837962962963,0.8097106481481481,0.9901331018518517,0.0002,9999,624,1248,0,60,208,robustness_contrasts|run=minimal_ab|sample=full_valid|stratum=all|outcome=movement|kind=cell|quantity=NS,,movement,cell,,,,full_valid,all,,,,,,,,,,,,,,,,,,,,,,,,,,
minimal_ab,RP,1.104108796296296,0.989403935185185,1.2188078703703702,0.0002,9999,624,624,0,60,208,robustness_contrasts|run=minimal_ab|sample=full_valid|stratum=all|outcome=movement|kind=cell|quantity=RP,,movement,cell,,,,full_valid,all,,,,,,,,,,,,,,,,,,,,,,,,,,
minimal_ab,RS,0.8828125,0.769039351851852,0.9958116319444447,0.0002,9999,624,1248,0,60,208,robustness_contrasts|run=minimal_ab|sample=full_valid|stratum=all|outcome=movement|kind=cell|quantity=RS,,movement,cell,,,,full_valid,all,,,,,,,,,,,,,,,,,,,,,,,,,,
minimal_ab,NS_minus_NP,0.33229166666666665,0.2956293402777778,0.3691840277777778,0.0002,9999,624,1872,0,60,208,robustness_contrasts|run=minimal_ab|sample=full_valid|stratum=all|outcome=movement|kind=contrast|quantity=NS_minus_NP,,movement,contrast,,,NS − NP,full_valid,all,,,,,,,,,,,,,,,,,,,,,,,,,,
minimal_ab,RP_minus_NP,0.5354166666666667,0.4784114583333334,0.591440972222222,0.0002,9999,624,1248,0,60,208,robustness_contrasts|run=minimal_ab|sample=full_valid|stratum=all|outcome=movement|kind=contrast|quantity=RP_minus_NP,,movement,contrast,,,RP − NP,full_valid,all,,,,,,,,,,,,,,,,,,,,,,,,,,
minimal_ab,RS_minus_NS,-0.018171296296296303,-0.0725144675925926,0.03764612268518517,0.514,9999,624,2496,0,60,208,robustness_contrasts|run=minimal_ab|sample=full_valid|stratum=all|outcome=movement|kind=contrast|quantity=RS_minus_NS,,movement,contrast,,,RS − NS,full_valid,all,,,,,,,,,,,,,,,,,,,,,,,,,,
minimal_ab,RS_minus_RP,-0.22129629629629624,-0.2507552083333333,-0.1932566550925926,0.0002,9999,624,1872,0,60,208,robustness_contrasts|run=minimal_ab|sample=full_valid|stratum=all|outcome=movement|kind=contrast|quantity=RS_minus_RP,,movement,contrast,,,RS − RP,full_valid,all,,,,,,,,,,,,,,,,,,,,,,,,,,
minimal_ab,interaction,-0.553587962962963,-0.5893518518518518,-0.5169820601851852,0.0002,9999,624,3744,0,60,208,robustness_contrasts|run=minimal_ab|sample=full_valid|stratum=all|outcome=movement|kind=contrast|quantity=interaction,,movement,contrast,,,(RS − RP) − (NS − NP),full_valid,all,,,,,,,,,,,,,,,,,,,,,,,,,,
minimal_ab,NS_minus_NP,0.3810763888888889,0.33437500000000014,0.42743055555555554,0.0002,9999,208,624,0,60,208,robustness_contrasts|run=minimal_ab|sample=full_valid|stratum=directive_reconsideration|outcome=movement|kind=contrast|quantity=NS_minus_NP,,movement,contrast,,,NS − NP,full_valid,directive_reconsideration,,,,,,,,,,,,,,,,,,,,,,,,,,
minimal_ab,RP_minus_NP,0.47343749999999996,0.41024305555555557,0.5366319444444445,0.0002,9999,208,416,0,60,208,robustness_contrasts|run=minimal_ab|sample=full_valid|stratum=directive_reconsideration|outcome=movement|kind=contrast|quantity=RP_minus_NP,,movement,contrast,,,RP − NP,full_valid,directive_reconsideration,,,,,,,,,,,,,,,,,,,,,,,,,,
minimal_ab,RS_minus_NS,-0.06901041666666667,-0.12994791666666666,-0.006857638888888883,0.0312,9999,208,832,0,60,208,robustness_contrasts|run=minimal_ab|sample=full_valid|stratum=directive_reconsideration|outcome=movement|kind=contrast|quantity=RS_minus_NS,,movement,contrast,,,RS − NS,full_valid,directive_reconsideration,,,,,,,,,,,,,,,,,,,,,,,,,,
minimal_ab,RS_minus_RP,-0.1613715277777778,-0.1980902777777778,-0.12586805555555555,0.0002,9999,208,624,0,60,208,robustness_contrasts|run=minimal_ab|sample=full_valid|stratum=directive_reconsideration|outcome=movement|kind=contrast|quantity=RS_minus_RP,,movement,contrast,,,RS − RP,full_valid,directive_reconsideration,,,,,,,,,,,,,,,,,,,,,,,,,,
minimal_ab,interaction,-0.5424479166666667,-0.5850694444444444,-0.49964843749999993,0.0002,9999,208,1248,0,60,208,robustness_contrasts|run=minimal_ab|sample=full_valid|stratum=directive_reconsideration|outcome=movement|kind=contrast|quantity=interaction,,movement,contrast,,,(RS − RP) − (NS − NP),full_valid,directive_reconsideration,,,,,,,,,,,,,,,,,,,,,,,,,,
minimal_ab,NS_minus_NP,0.317090395480226,0.2703036723163842,0.36458333333333326,0.0002,9999,312,936,0,59,104,robustness_contrasts|run=minimal_ab|sample=full_valid|stratum=o1|outcome=movement|kind=contrast|quantity=NS_minus_NP,,movement,contrast,,,NS − NP,full_valid,o1,,,,,,,,,,,,,,,,,,,,,,,,,,
minimal_ab,RP_minus_NP,0.5550847457627117,0.47622999058380416,0.6317090395480224,0.0002,9999,312,624,0,59,104,robustness_contrasts|run=minimal_ab|sample=full_valid|stratum=o1|outcome=movement|kind=contrast|quantity=RP_minus_NP,,movement,contrast,,,RP − NP,full_valid,o1,,,,,,,,,,,,,,,,,,,,,,,,,,
minimal_ab,RS_minus_NS,-0.0014124293785310704,-0.08315972222222222,0.07589411824051652,0.9836,9999,312,1248,0,59,104,robustness_contrasts|run=minimal_ab|sample=full_valid|stratum=o1|outcome=movement|kind=contrast|quantity=RS_minus_NS,,movement,contrast,,,RS − NS,full_valid,o1,,,,,,,,,,,,,,,,,,,,,,,,,,
minimal_ab,RS_minus_RP,-0.239406779661017,-0.28001412429378525,-0.19982390873015873,0.0002,9999,312,936,0,59,104,robustness_contrasts|run=minimal_ab|sample=full_valid|stratum=o1|outcome=movement|kind=contrast|quantity=RS_minus_RP,,movement,contrast,,,RS − RP,full_valid,o1,,,,,,,,,,,,,,,,,,,,,,,,,,
minimal_ab,interaction,-0.556497175141243,-0.6009894887510088,-0.5114759887005651,0.0002,9999,312,1872,0,59,104,robustness_contrasts|run=minimal_ab|sample=full_valid|stratum=o1|outcome=movement|kind=contrast|quantity=interaction,,movement,contrast,,,(RS − RP) − (NS − NP),full_valid,o1,,,,,,,,,,,,,,,,,,,,,,,,,,
minimal_ab,NS_minus_NP,0.35704022988505746,0.3177966101694915,0.39706920903954795,0.0002,9999,312,936,0,58,104,robustness_contrasts|run=minimal_ab|sample=full_valid|stratum=o2|outcome=movement|kind=contrast|quantity=NS_minus_NP,,movement,contrast,,,NS − NP,full_valid,o2,,,,,,,,,,,,,,,,,,,,,,,,,,
minimal_ab,RP_minus_NP,0.49173850574712646,0.42761299435028255,0.5577526340996167,0.0002,9999,312,624,0,58,104,robustness_contrasts|run=minimal_ab|sample=full_valid|stratum=o2|outcome=movement|kind=contrast|quantity=RP_minus_NP,,movement,contrast,,,RP − NP,full_valid,o2,,,,,,,,,,,,,,,,,,,,,,,,,,
minimal_ab,RS_minus_NS,-0.06788793103448275,-0.13348030652195458,-0.0012908584770116493,0.0466,9999,312,1248,0,58,104,robustness_contrasts|run=minimal_ab|sample=full_valid|stratum=o2|outcome=movement|kind=contrast|quantity=RS_minus_NS,,movement,contrast,,,RS − NS,full_valid,o2,,,,,,,,,,,,,,,,,,,,,,,,,,
minimal_ab,RS_minus_RP,-0.20258620689655168,-0.2383040935672515,-0.16613700564971756,0.0002,9999,312,936,0,58,104,robustness_contrasts|run=minimal_ab|sample=full_valid|stratum=o2|outcome=movement|kind=contrast|quantity=RS_minus_RP,,movement,contrast,,,RS − RP,full_valid,o2,,,,,,,,,,,,,,,,,,,,,,,,,,
minimal_ab,interaction,-0.5596264367816093,-0.6067251461988303,-0.5111476608187135,0.0002,9999,312,1872,0,58,104,robustness_contrasts|run=minimal_ab|sample=full_valid|stratum=o2|outcome=movement|kind=contrast|quantity=interaction,,movement,contrast,,,(RS − RP) − (NS − NP),full_valid,o2,,,,,,,,,,,,,,,,,,,,,,,,,,
minimal_ab,NS_minus_NP,0.33246527777777785,0.2894097222222223,0.37638888888888894,0.0002,9999,208,624,0,60,208,robustness_contrasts|run=minimal_ab|sample=full_valid|stratum=stance_alternative|outcome=movement|kind=contrast|quantity=NS_minus_NP,,movement,contrast,,,NS − NP,full_valid,stance_alternative,,,,,,,,,,,,,,,,,,,,,,,,,,
minimal_ab,RP_minus_NP,0.6640625,0.6031163194444444,0.7225694444444444,0.0002,9999,208,416,0,60,208,robustness_contrasts|run=minimal_ab|sample=full_valid|stratum=stance_alternative|outcome=movement|kind=contrast|quantity=RP_minus_NP,,movement,contrast,,,RP − NP,full_valid,stance_alternative,,,,,,,,,,,,,,,,,,,,,,,,,,
minimal_ab,RS_minus_NS,0.10616319444444443,0.04800347222222222,0.16510416666666666,0.0006,9999,208,832,0,60,208,robustness_contrasts|run=minimal_ab|sample=full_valid|stratum=stance_alternative|outcome=movement|kind=contrast|quantity=RS_minus_NS,,movement,contrast,,,RS − NS,full_valid,stance_alternative,,,,,,,,,,,,,,,,,,,,,,,,,,
minimal_ab,RS_minus_RP,-0.22543402777777777,-0.25599826388888886,-0.19661458333333334,0.0002,9999,208,624,0,60,208,robustness_contrasts|run=minimal_ab|sample=full_valid|stratum=stance_alternative|outcome=movement|kind=contrast|quantity=RS_minus_RP,,movement,contrast,,,RS − RP,full_valid,stance_alternative,,,,,,,,,,,,,,,,,,,,,,,,,,
minimal_ab,interaction,-0.5578993055555556,-0.6023524305555553,-0.5131944444444445,0.0002,9999,208,1248,0,60,208,robustness_contrasts|run=minimal_ab|sample=full_valid|stratum=stance_alternative|outcome=movement|kind=contrast|quantity=interaction,,movement,contrast,,,(RS − RP) − (NS − NP),full_valid,stance_alternative,,,,,,,,,,,,,,,,,,,,,,,,,,
minimal_ab,NS_minus_NP,0.2833333333333333,0.24687500000000004,0.3194444444444445,0.0002,9999,208,624,0,60,208,robustness_contrasts|run=minimal_ab|sample=full_valid|stratum=stance_disagreement|outcome=movement|kind=contrast|quantity=NS_minus_NP,,movement,contrast,,,NS − NP,full_valid,stance_disagreement,,,,,,,,,,,,,,,,,,,,,,,,,,
minimal_ab,RP_minus_NP,0.46874999999999994,0.4059027777777777,0.5310763888888889,0.0002,9999,208,416,0,60,208,robustness_contrasts|run=minimal_ab|sample=full_valid|stratum=stance_disagreement|outcome=movement|kind=contrast|quantity=RP_minus_NP,,movement,contrast,,,RP − NP,full_valid,stance_disagreement,,,,,,,,,,,,,,,,,,,,,,,,,,
minimal_ab,RS_minus_NS,-0.09166666666666666,-0.14844618055555556,-0.034895833333333334,0.002,9999,208,832,0,60,208,robustness_contrasts|run=minimal_ab|sample=full_valid|stratum=stance_disagreement|outcome=movement|kind=contrast|quantity=RS_minus_NS,,movement,contrast,,,RS − NS,full_valid,stance_disagreement,,,,,,,,,,,,,,,,,,,,,,,,,,
minimal_ab,RS_minus_RP,-0.27708333333333335,-0.30711805555555555,-0.2482638888888889,0.0002,9999,208,624,0,60,208,robustness_contrasts|run=minimal_ab|sample=full_valid|stratum=stance_disagreement|outcome=movement|kind=contrast|quantity=RS_minus_RP,,movement,contrast,,,RS − RP,full_valid,stance_disagreement,,,,,,,,,,,,,,,,,,,,,,,,,,
minimal_ab,interaction,-0.5604166666666668,-0.6004340277777778,-0.5198697916666667,0.0002,9999,208,1248,0,60,208,robustness_contrasts|run=minimal_ab|sample=full_valid|stratum=stance_disagreement|outcome=movement|kind=contrast|quantity=interaction,,movement,contrast,,,(RS − RP) − (NS − NP),full_valid,stance_disagreement,,,,,,,,,,,,,,,,,,,,,,,,,,
minimal_ab,NS_minus_NP,0.3293126622172785,0.29352976985339485,0.3644133403765752,0.0002,9999,624,1248,0,60,208,robustness_contrasts|run=minimal_ab|sample=full_valid|stratum=conclusion_result|outcome=movement|kind=family_mean|quantity=NS_minus_NP,,movement,family_mean,,,NS − NP,full_valid,conclusion_result,,,,,,,,,,,,,,,,,,,,,,,,,,
minimal_ab,RS_minus_RP,-0.21864254484700815,-0.2478183606320108,-0.19163312424029755,0.0002,9999,624,1248,0,60,208,robustness_contrasts|run=minimal_ab|sample=full_valid|stratum=conclusion_result|outcome=movement|kind=family_mean|quantity=RS_minus_RP,,movement,family_mean,,,RS − RP,full_valid,conclusion_result,,,,,,,,,,,,,,,,,,,,,,,,,,
minimal_ab,NS_minus_NP,0.3706511509456911,0.3405293709292019,0.3996328418931854,0.0002,9999,624,1248,0,60,208,robustness_contrasts|run=minimal_ab|sample=full_valid|stratum=inference_basis|outcome=movement|kind=family_mean|quantity=NS_minus_NP,,movement,family_mean,,,NS − NP,full_valid,inference_basis,,,,,,,,,,,,,,,,,,,,,,,,,,
minimal_ab,RS_minus_RP,-0.19427832132214318,-0.22569118116687564,-0.16383903551307982,0.0002,9999,624,1248,0,60,208,robustness_contrasts|run=minimal_ab|sample=full_valid|stratum=inference_basis|outcome=movement|kind=family_mean|quantity=RS_minus_RP,,movement,family_mean,,,RS − RP,full_valid,inference_basis,,,,,,,,,,,,,,,,,,,,,,,,,,
minimal_ab,NS_minus_NP,0.537202380952381,0.46166447368421054,0.6121880723443223,0.0002,9999,96,192,0,28,32,robustness_contrasts|run=minimal_ab|sample=full_valid|stratum=m01_therefore|outcome=movement|kind=marker|quantity=NS_minus_NP,,movement,marker,,,NS − NP,full_valid,m01_therefore,,,,,,,,,,,,,,,,,,,,,,,,,,
minimal_ab,RS_minus_RP,-0.1443452380952381,-0.20536227422003284,-0.08620689655172416,0.0002,9999,96,192,0,28,32,robustness_contrasts|run=minimal_ab|sample=full_valid|stratum=m01_therefore|outcome=movement|kind=marker|quantity=RS_minus_RP,,movement,marker,,,RS − RP,full_valid,m01_therefore,,,,,,,,,,,,,,,,,,,,,,,,,,
minimal_ab,NS_minus_NP,0.4906609195402299,0.4151758156966491,0.5657916666666665,0.0002,9999,99,198,0,29,33,robustness_contrasts|run=minimal_ab|sample=full_valid|stratum=m02_consequently|outcome=movement|kind=marker|quantity=NS_minus_NP,,movement,marker,,,NS − NP,full_valid,m02_consequently,,,,,,,,,,,,,,,,,,,,,,,,,,
minimal_ab,RS_minus_RP,-0.08189655172413793,-0.14518420649509803,-0.019287155745489126,0.011,9999,99,198,0,29,33,robustness_contrasts|run=minimal_ab|sample=full_valid|stratum=m02_consequently|outcome=movement|kind=marker|quantity=RS_minus_RP,,movement,marker,,,RS − RP,full_valid,m02_consequently,,,,,,,,,,,,,,,,,,,,,,,,,,
minimal_ab,NS_minus_NP,0.30357142857142866,0.24305555555555555,0.36290499434069035,0.0002,9999,99,198,0,28,33,robustness_contrasts|run=minimal_ab|sample=full_valid|stratum=m03_thus|outcome=movement|kind=marker|quantity=NS_minus_NP,,movement,marker,,,NS − NP,full_valid,m03_thus,,,,,,,,,,,,,,,,,,,,,,,,,,
minimal_ab,RS_minus_RP,-0.24479166666666666,-0.2943593189964158,-0.1941964285714286,0.0002,9999,99,198,0,28,33,robustness_contrasts|run=minimal_ab|sample=full_valid|stratum=m03_thus|outcome=movement|kind=marker|quantity=RS_minus_RP,,movement,marker,,,RS − RP,full_valid,m03_thus,,,,,,,,,,,,,,,,,,,,,,,,,,
minimal_ab,NS_minus_NP,0.3467261904761904,0.279320987654321,0.4173863403119869,0.0002,9999,105,210,0,28,35,robustness_contrasts|run=minimal_ab|sample=full_valid|stratum=m04_accordingly|outcome=movement|kind=marker|quantity=NS_minus_NP,,movement,marker,,,NS − NP,full_valid,m04_accordingly,,,,,,,,,,,,,,,,,,,,,,,,,,
minimal_ab,RS_minus_RP,-0.22842261904761907,-0.3001543209876543,-0.15950270432692312,0.0002,9999,105,210,0,28,35,robustness_contrasts|run=minimal_ab|sample=full_valid|stratum=m04_accordingly|outcome=movement|kind=marker|quantity=RS_minus_RP,,movement,marker,,,RS − RP,full_valid,m04_accordingly,,,,,,,,,,,,,,,,,,,,,,,,,,
minimal_ab,NS_minus_NP,0.125,0.06696428571428571,0.18583442982456141,0.0004,9999,108,216,0,32,36,robustness_contrasts|run=minimal_ab|sample=full_valid|stratum=m05_for_this_reason|outcome=movement|kind=marker|quantity=NS_minus_NP,,movement,marker,,,NS − NP,full_valid,m05_for_this_reason,,,,,,,,,,,,,,,,,,,,,,,,,,
minimal_ab,RS_minus_RP,-0.24479166666666669,-0.3006944444444445,-0.1867530906593407,0.0002,9999,108,216,0,32,36,robustness_contrasts|run=minimal_ab|sample=full_valid|stratum=m05_for_this_reason|outcome=movement|kind=marker|quantity=RS_minus_RP,,movement,marker,,,RS − RP,full_valid,m05_for_this_reason,,,,,,,,,,,,,,,,,,,,,,,,,,
minimal_ab,NS_minus_NP,0.1727150537634409,0.10118609943977593,0.24128360215053735,0.0002,9999,117,234,0,31,39,robustness_contrasts|run=minimal_ab|sample=full_valid|stratum=m06_that_is_why|outcome=movement|kind=marker|quantity=NS_minus_NP,,movement,marker,,,NS − NP,full_valid,m06_that_is_why,,,,,,,,,,,,,,,,,,,,,,,,,,
minimal_ab,RS_minus_RP,-0.36760752688172044,-0.430316091954023,-0.30989163306451617,0.0002,9999,117,234,0,31,39,robustness_contrasts|run=minimal_ab|sample=full_valid|stratum=m06_that_is_why|outcome=movement|kind=marker|quantity=RS_minus_RP,,movement,marker,,,RS − RP,full_valid,m06_that_is_why,,,,,,,,,,,,,,,,,,,,,,,,,,
minimal_ab,NS_minus_NP,0.4418103448275862,0.3591633771929824,0.5229923542692939,0.0002,9999,99,198,0,29,33,robustness_contrasts|run=minimal_ab|sample=full_valid|stratum=m07_this_implies_that|outcome=movement|kind=marker|quantity=NS_minus_NP,,movement,marker,,,NS − NP,full_valid,m07_this_implies_that,,,,,,,,,,,,,,,,,,,,,,,,,,
minimal_ab,RS_minus_RP,-0.26364942528735635,-0.35978816105769224,-0.1684027777777778,0.0002,9999,99,198,0,29,33,robustness_contrasts|run=minimal_ab|sample=full_valid|stratum=m07_this_implies_that|outcome=movement|kind=marker|quantity=RS_minus_RP,,movement,marker,,,RS − RP,full_valid,m07_this_implies_that,,,,,,,,,,,,,,,,,,,,,,,,,,
minimal_ab,NS_minus_NP,0.394675925925926,0.3377953643578644,0.4503717872284049,0.0002,9999,138,276,0,36,46,robustness_contrasts|run=minimal_ab|sample=full_valid|stratum=m08_it_follows_that|outcome=movement|kind=marker|quantity=NS_minus_NP,,movement,marker,,,NS − NP,full_valid,m08_it_follows_that,,,,,,,,,,,,,,,,,,,,,,,,,,
minimal_ab,RS_minus_RP,-0.24421296296296294,-0.3038194444444444,-0.18391774891774906,0.0002,9999,138,276,0,36,46,robustness_contrasts|run=minimal_ab|sample=full_valid|stratum=m08_it_follows_that|outcome=movement|kind=marker|quantity=RS_minus_RP,,movement,marker,,,RS − RP,full_valid,m08_it_follows_that,,,,,,,,,,,,,,,,,,,,,,,,,,
minimal_ab,NS_minus_NP,0.21319444444444444,0.16601562499999997,0.2682291666666667,0.0002,9999,108,216,0,30,36,robustness_contrasts|run=minimal_ab|sample=full_valid|stratum=m09_on_that_basis|outcome=movement|kind=marker|quantity=NS_minus_NP,,movement,marker,,,NS − NP,full_valid,m09_on_that_basis,,,,,,,,,,,,,,,,,,,,,,,,,,
minimal_ab,RS_minus_RP,-0.33402777777777787,-0.40995673723118276,-0.2665415645424837,0.0002,9999,108,216,0,30,36,robustness_contrasts|run=minimal_ab|sample=full_valid|stratum=m09_on_that_basis|outcome=movement|kind=marker|quantity=RS_minus_RP,,movement,marker,,,RS − RP,full_valid,m09_on_that_basis,,,,,,,,,,,,,,,,,,,,,,,,,,
minimal_ab,NS_minus_NP,0.2619047619047619,0.18910256410256412,0.33583333333333326,0.0002,9999,96,192,0,28,32,robustness_contrasts|run=minimal_ab|sample=full_valid|stratum=m10_based_on_this|outcome=movement|kind=marker|quantity=NS_minus_NP,,movement,marker,,,NS − NP,full_valid,m10_based_on_this,,,,,,,,,,,,,,,,,,,,,,,,,,
minimal_ab,RS_minus_RP,-0.25074404761904767,-0.32226753982843137,-0.17666666666666667,0.0002,9999,96,192,0,28,32,robustness_contrasts|run=minimal_ab|sample=full_valid|stratum=m10_based_on_this|outcome=movement|kind=marker|quantity=RS_minus_RP,,movement,marker,,,RS − RP,full_valid,m10_based_on_this,,,,,,,,,,,,,,,,,,,,,,,,,,
minimal_ab,NS_minus_NP,0.3556547619047619,0.2862514029180696,0.4284420289855073,0.0002,9999,99,198,0,28,33,robustness_contrasts|run=minimal_ab|sample=full_valid|stratum=m11_given_this|outcome=movement|kind=marker|quantity=NS_minus_NP,,movement,marker,,,NS − NP,full_valid,m11_given_this,,,,,,,,,,,,,,,,,,,,,,,,,,
minimal_ab,RS_minus_RP,-0.07886904761904763,-0.13646412037037037,-0.021634615384615388,0.0068,9999,99,198,0,28,33,robustness_contrasts|run=minimal_ab|sample=full_valid|stratum=m11_given_this|outcome=movement|kind=marker|quantity=RS_minus_RP,,movement,marker,,,RS − RP,full_valid,m11_given_this,,,,,,,,,,,,,,,,,,,,,,,,,,
minimal_ab,NS_minus_NP,0.5566666666666666,0.4676684227330779,0.6411120129870127,0.0002,9999,84,168,0,25,28,robustness_contrasts|run=minimal_ab|sample=full_valid|stratum=m12_in_view_of_this|outcome=movement|kind=marker|quantity=NS_minus_NP,,movement,marker,,,NS − NP,full_valid,m12_in_view_of_this,,,,,,,,,,,,,,,,,,,,,,,,,,
minimal_ab,RS_minus_RP,0.005833333333333333,-0.07416666666666667,0.09115203373015864,0.904,9999,84,168,0,25,28,robustness_contrasts|run=minimal_ab|sample=full_valid|stratum=m12_in_view_of_this|outcome=movement|kind=marker|quantity=RS_minus_RP,,movement,marker,,,RS − RP,full_valid,m12_in_view_of_this,,,,,,,,,,,,,,,,,,,,,,,,,,
minimal_ab,NS_minus_NP,-0.039949834404831464,-0.09551751534190533,0.01490660919540216,0.163,9999,624,1872,0,60,208,robustness_contrasts|run=minimal_ab|sample=full_valid|stratum=o1_minus_o2|outcome=movement|kind=order_difference|quantity=NS_minus_NP,,movement,order_difference,,,NS − NP,full_valid,o1_minus_o2,,,,,,,,,,,,,,,,,,,,,,,,,,
minimal_ab,RP_minus_NP,0.06334624001558525,-0.030391439716388715,0.15470352921498648,0.1778,9999,624,1248,0,60,208,robustness_contrasts|run=minimal_ab|sample=full_valid|stratum=o1_minus_o2|outcome=movement|kind=order_difference|quantity=RP_minus_NP,,movement,order_difference,,,RP − NP,full_valid,o1_minus_o2,,,,,,,,,,,,,,,,,,,,,,,,,,
minimal_ab,RS_minus_NS,0.06647550165595167,-0.03649952919020707,0.1640581622589129,0.191,9999,624,2496,0,60,208,robustness_contrasts|run=minimal_ab|sample=full_valid|stratum=o1_minus_o2|outcome=movement|kind=order_difference|quantity=RS_minus_NS,,movement,order_difference,,,RS − NS,full_valid,o1_minus_o2,,,,,,,,,,,,,,,,,,,,,,,,,,
minimal_ab,RS_minus_RP,-0.03682057276446532,-0.0904330739820767,0.014371707375478883,0.1654,9999,624,1872,0,60,208,robustness_contrasts|run=minimal_ab|sample=full_valid|stratum=o1_minus_o2|outcome=movement|kind=order_difference|quantity=RS_minus_RP,,movement,order_difference,,,RS − RP,full_valid,o1_minus_o2,,,,,,,,,,,,,,,,,,,,,,,,,,
minimal_ab,interaction,0.00312926164036631,-0.0518703527826483,0.05781323564030135,0.9098,9999,624,3744,0,60,208,robustness_contrasts|run=minimal_ab|sample=full_valid|stratum=o1_minus_o2|outcome=movement|kind=order_difference|quantity=interaction,,movement,order_difference,,,(RS − RP) − (NS − NP),full_valid,o1_minus_o2,,,,,,,,,,,,,,,,,,,,,,,,,,
minimal_ab,NP,-0.6521686159844053,-0.7641783223249096,-0.5325277168615985,0.0002,9999,894,894,0,57,298,robustness_common_semantic_choice_subset|run=minimal_ab|comparison=variant_minus_reference|outcome=movement|kind=cell|quantity=NP,variant_minus_reference,movement,cell,149,"base,ab_bfirst,minimal_ab",,,,,,,,,,,,,,,,,,,,,,,,,,,,,
minimal_ab,NS,-0.41290509259259256,-0.5261695075757574,-0.2925181789220713,0.0002,9999,894,1788,0,57,298,robustness_common_semantic_choice_subset|run=minimal_ab|comparison=variant_minus_reference|outcome=movement|kind=cell|quantity=NS,variant_minus_reference,movement,cell,149,"base,ab_bfirst,minimal_ab",,,,,,,,,,,,,,,,,,,,,,,,,,,,,
minimal_ab,RP,-0.33677509746588696,-0.47476099300279284,-0.1890278045283338,0.0002,9999,894,894,0,57,298,robustness_common_semantic_choice_subset|run=minimal_ab|comparison=variant_minus_reference|outcome=movement|kind=cell|quantity=RP,variant_minus_reference,movement,cell,149,"base,ab_bfirst,minimal_ab",,,,,,,,,,,,,,,,,,,,,,,,,,,,,
minimal_ab,RS,-0.5407224658869398,-0.678776789990422,-0.3931458222576641,0.0002,9999,894,1788,0,57,298,robustness_common_semantic_choice_subset|run=minimal_ab|comparison=variant_minus_reference|outcome=movement|kind=cell|quantity=RS,variant_minus_reference,movement,cell,149,"base,ab_bfirst,minimal_ab",,,,,,,,,,,,,,,,,,,,,,,,,,,,,
minimal_ab,NS_minus_NP,0.23926352339181284,0.19322147984474372,0.2854114707583315,0.0002,9999,894,2682,0,57,298,robustness_common_semantic_choice_subset|run=minimal_ab|comparison=variant_minus_reference|outcome=movement|kind=contrast|quantity=NS_minus_NP,variant_minus_reference,movement,contrast,149,"base,ab_bfirst,minimal_ab",NS − NP,,,,,,,,,,,,,,,,,,,,,,,,,,,,
minimal_ab,RP_minus_NP,0.31539351851851843,0.23604888931689794,0.3968653965502483,0.0002,9999,894,1788,0,57,298,robustness_common_semantic_choice_subset|run=minimal_ab|comparison=variant_minus_reference|outcome=movement|kind=contrast|quantity=RP_minus_NP,variant_minus_reference,movement,contrast,149,"base,ab_bfirst,minimal_ab",RP − NP,,,,,,,,,,,,,,,,,,,,,,,,,,,,
minimal_ab,RS_minus_NS,-0.127817373294347,-0.20871012068559647,-0.044616409243295026,0.0032,9999,894,3576,0,57,298,robustness_common_semantic_choice_subset|run=minimal_ab|comparison=variant_minus_reference|outcome=movement|kind=contrast|quantity=RS_minus_NS,variant_minus_reference,movement,contrast,149,"base,ab_bfirst,minimal_ab",RS − NS,,,,,,,,,,,,,,,,,,,,,,,,,,,,
minimal_ab,RS_minus_RP,-0.20394736842105263,-0.24355546254960317,-0.1661385723423141,0.0002,9999,894,2682,0,57,298,robustness_common_semantic_choice_subset|run=minimal_ab|comparison=variant_minus_reference|outcome=movement|kind=contrast|quantity=RS_minus_RP,variant_minus_reference,movement,contrast,149,"base,ab_bfirst,minimal_ab",RS − RP,,,,,,,,,,,,,,,,,,,,,,,,,,,,
minimal_ab,interaction,-0.4432108918128655,-0.4850191229540565,-0.39953304597701145,0.0002,9999,894,5364,0,57,298,robustness_common_semantic_choice_subset|run=minimal_ab|comparison=variant_minus_reference|outcome=movement|kind=contrast|quantity=interaction,variant_minus_reference,movement,contrast,149,"base,ab_bfirst,minimal_ab",(RS − RP) − (NS − NP),,,,,,,,,,,,,,,,,,,,,,,,,,,,
,NP,6.560590277777778,6.3018981481481475,6.830966435185185,0.0002,9999,1362,1362,0,60,454,base_vs_instruct|outcome=movement|kind=cell|quantity=NP,,movement,cell,,,,,,,,,,,,,,,,,,,,,,,,,,,,1.3220775462962961,7.882667824074074,instruct_minus_base,association between checkpoints and prompt formats
,NS,5.686400462962961,5.431365740740739,5.955991753472222,0.0002,9999,1362,2724,0,60,454,base_vs_instruct|outcome=movement|kind=cell|quantity=NS,,movement,cell,,,,,,,,,,,,,,,,,,,,,,,,,,,,1.4400607638888887,7.12646122685185,instruct_minus_base,association between checkpoints and prompt formats
,RP,6.0969039351851855,5.831614583333334,6.3680584490740735,0.0002,9999,1362,1362,0,60,454,base_vs_instruct|outcome=movement|kind=cell|quantity=RP,,movement,cell,,,,,,,,,,,,,,,,,,,,,,,,,,,,1.597974537037037,7.694878472222222,instruct_minus_base,association between checkpoints and prompt formats
,RS,6.091174768518519,5.836190682870372,6.3546310763888885,0.0002,9999,1362,2724,0,60,454,base_vs_instruct|outcome=movement|kind=cell|quantity=RS,,movement,cell,,,,,,,,,,,,,,,,,,,,,,,,,,,,1.5858651620370372,7.677039930555556,instruct_minus_base,association between checkpoints and prompt formats
,NS_minus_NP,-0.8741898148148148,-0.9422048611111113,-0.806898871527778,0.0002,9999,1362,4086,0,60,454,base_vs_instruct|outcome=movement|kind=contrast|quantity=NS_minus_NP,,movement,contrast,,,NS − NP,,,,,,,,,,,,,,,,,,,,,,,,,0.1179832175925926,-0.7562065972222223,instruct_minus_base,association between checkpoints and prompt formats
,RP_minus_NP,-0.46368634259259256,-0.5366898148148147,-0.39206886574074074,0.0002,9999,1362,2724,0,60,454,base_vs_instruct|outcome=movement|kind=contrast|quantity=RP_minus_NP,,movement,contrast,,,RP − NP,,,,,,,,,,,,,,,,,,,,,,,,,0.27589699074074076,-0.18778935185185183,instruct_minus_base,association between checkpoints and prompt formats
,RS_minus_NS,0.4047743055555556,0.31303457754629616,0.4974406828703703,0.0002,9999,1362,5448,0,60,454,base_vs_instruct|outcome=movement|kind=contrast|quantity=RS_minus_NS,,movement,contrast,,,RS − NS,,,,,,,,,,,,,,,,,,,,,,,,,0.14580439814814816,0.5505787037037038,instruct_minus_base,association between checkpoints and prompt formats
,RS_minus_RP,-0.005729166666666664,-0.04116608796296293,0.03119285300925925,0.7556,9999,1362,4086,0,60,454,base_vs_instruct|outcome=movement|kind=contrast|quantity=RS_minus_RP,,movement,contrast,,,RS − RP,,,,,,,,,,,,,,,,,,,,,,,,,-0.012109375000000002,-0.017838541666666666,instruct_minus_base,association between checkpoints and prompt formats
,interaction,0.8684606481481482,0.7979521122685186,0.9409107349537036,0.0002,9999,1362,8172,0,60,454,base_vs_instruct|outcome=movement|kind=contrast|quantity=interaction,,movement,contrast,,,(RS − RP) − (NS − NP),,,,,,,,,,,,,,,,,,,,,,,,,-0.13009259259259262,0.7383680555555555,instruct_minus_base,association between checkpoints and prompt formats
